JvmtiExport can_access_local_variables 0
JvmtiExport can_hotswap_or_post_breakpoint 0
JvmtiExport can_post_on_exceptions 0
# 504 ciObject found
instanceKlass com/android/sdklib/tool/sdkmanager/ListAction$$Lambda$86
instanceKlass com/android/sdklib/tool/sdkmanager/ListAction$$Lambda$85
instanceKlass com/android/sdklib/tool/sdkmanager/ListAction$$Lambda$84
instanceKlass com/android/sdklib/tool/sdkmanager/ListAction$$Lambda$83
instanceKlass com/android/sdklib/tool/sdkmanager/ListAction$$Lambda$82
instanceKlass com/android/sdklib/tool/sdkmanager/ListAction$$Lambda$81
instanceKlass com/android/sdklib/tool/sdkmanager/ListAction$$Lambda$80
instanceKlass com/android/sdklib/tool/sdkmanager/TableFormatter$$Lambda$79
instanceKlass com/android/sdklib/tool/sdkmanager/TableFormatter$$Lambda$78
instanceKlass java/lang/invoke/LambdaForm$DMH
instanceKlass com/android/sdklib/tool/sdkmanager/TableFormatter$$Lambda$77
instanceKlass java/util/stream/Nodes$ArrayNode
instanceKlass java/util/stream/ReferencePipeline$$Lambda$76
instanceKlass com/android/sdklib/tool/sdkmanager/TableFormatter$$Lambda$75
instanceKlass java/util/stream/Collectors$$Lambda$74
instanceKlass java/util/stream/Collectors$$Lambda$73
instanceKlass java/util/stream/Collectors$$Lambda$72
instanceKlass com/android/sdklib/tool/sdkmanager/TableFormatter$$Lambda$71
instanceKlass com/android/sdklib/tool/sdkmanager/TableFormatter$$Lambda$70
instanceKlass java/lang/invoke/LambdaForm$DMH
instanceKlass java/util/OptionalInt
instanceKlass java/util/stream/Sink$ChainedInt
instanceKlass java/util/stream/ReduceOps$6ReducingSink
instanceKlass java/util/stream/Sink$OfInt
instanceKlass java/util/function/IntConsumer
instanceKlass java/util/stream/IntPipeline$$Lambda$69
instanceKlass java/util/function/IntBinaryOperator
instanceKlass com/android/sdklib/tool/sdkmanager/TableFormatter$$Lambda$68
instanceKlass java/util/function/IntUnaryOperator
instanceKlass java/util/stream/IntStream
instanceKlass com/android/sdklib/tool/sdkmanager/TableFormatter$$Lambda$67
instanceKlass java/util/function/ToIntFunction
instanceKlass java/util/TreeMap$TreeMapSpliterator
instanceKlass com/android/sdklib/tool/sdkmanager/TableFormatter$$Lambda$66
instanceKlass com/android/sdklib/tool/sdkmanager/ListAction$$Lambda$65
instanceKlass com/android/sdklib/tool/sdkmanager/ListAction$$Lambda$64
instanceKlass com/android/sdklib/tool/sdkmanager/ListAction$$Lambda$63
instanceKlass com/android/sdklib/tool/sdkmanager/TableFormatter$Column
instanceKlass com/android/sdklib/tool/sdkmanager/ListAction$$Lambda$62
instanceKlass com/android/sdklib/tool/sdkmanager/TableFormatter
instanceKlass com/android/repository/api/UpdatablePackage
instanceKlass com/android/sdklib/repository/meta/DetailsTypes$MavenType
instanceKlass com/android/repository/impl/meta/Archive$1
instanceKlass com/google/wireless/android/sdk/stats/ProductDetails$CpuArchitecture$1
instanceKlass com/google/protobuf/Internal$EnumLiteMap
instanceKlass com/google/protobuf/ProtocolMessageEnum
instanceKlass com/google/protobuf/Internal$EnumLite
instanceKlass com/android/tools/analytics/Environment$Companion
instanceKlass com/android/tools/analytics/Environment
instanceKlass com/android/tools/analytics/CommonMetricsData
instanceKlass com/sun/xml/bind/v2/runtime/unmarshaller/DefaultIDResolver$1
instanceKlass com/sun/xml/bind/v2/runtime/unmarshaller/Patcher
instanceKlass java/beans/Introspector$1
instanceKlass jdk/internal/misc/JavaBeansAccess
instanceKlass java/beans/FeatureDescriptor
instanceKlass com/sun/beans/WeakCache
instanceKlass java/beans/Introspector
instanceKlass java/lang/Package$1PackageInfoProxy
instanceKlass com/sun/xml/bind/api/impl/NameUtil
instanceKlass com/sun/xml/bind/api/impl/NameConverter
instanceKlass com/android/repository/impl/meta/Archive$HostConfig
instanceKlass com/sun/xml/bind/v2/model/impl/GetterSetterPropertySeed
instanceKlass com/sun/xml/bind/v2/model/impl/AttributePropertyInfoImpl$1
instanceKlass java/util/IdentityHashMap$IdentityHashMapIterator
instanceKlass java/io/FilePermission$1
instanceKlass jdk/internal/misc/JavaIOFilePermissionAccess
instanceKlass java/util/concurrent/Executors$RunnableAdapter
instanceKlass java/util/concurrent/FutureTask$WaitNode
instanceKlass java/util/concurrent/FutureTask
instanceKlass java/util/concurrent/RunnableFuture
instanceKlass java/util/concurrent/Future
instanceKlass java/lang/invoke/LambdaForm$MH
instanceKlass com/android/repository/impl/manager/RemoteRepoLoaderImpl$$Lambda$61
instanceKlass java/lang/invoke/LambdaForm$DMH
instanceKlass java/util/concurrent/Executors$DefaultThreadFactory
instanceKlass java/util/concurrent/SynchronousQueue$TransferStack$SNode
instanceKlass java/util/concurrent/SynchronousQueue$Transferer
instanceKlass java/util/concurrent/ThreadPoolExecutor$AbortPolicy
instanceKlass java/util/concurrent/RejectedExecutionHandler
instanceKlass java/util/concurrent/AbstractExecutorService
instanceKlass java/util/concurrent/ExecutorService
instanceKlass java/util/concurrent/Executor
instanceKlass java/util/concurrent/Executors
instanceKlass java/util/concurrent/locks/AbstractQueuedSynchronizer$ConditionObject
instanceKlass java/util/concurrent/locks/Condition
instanceKlass java/util/concurrent/BlockingQueue
instanceKlass com/android/repository/api/DelegatingProgressIndicator$$Lambda$60
instanceKlass java/lang/invoke/LambdaForm$DMH
instanceKlass java/util/stream/MatchOps$$Lambda$59
instanceKlass java/util/stream/MatchOps$BooleanTerminalSink
instanceKlass java/util/stream/MatchOps$MatchOp
instanceKlass java/util/stream/MatchOps
instanceKlass com/android/repository/api/DelegatingProgressIndicator$$Lambda$58
instanceKlass java/lang/invoke/LambdaForm$DMH
instanceKlass jdk/internal/reflect/UnsafeFieldAccessorFactory
instanceKlass com/sun/xml/bind/DatatypeConverterImpl
instanceKlass javax/xml/bind/DatatypeConverterInterface
instanceKlass org/xml/sax/helpers/AttributesImpl
instanceKlass com/sun/org/apache/xerces/internal/parsers/AbstractSAXParser$LocatorProxy
instanceKlass org/xml/sax/ext/Locator2
instanceKlass com/sun/org/apache/xerces/internal/impl/XMLEntityManager$EncodingInfo
instanceKlass com/sun/org/apache/xerces/internal/util/ErrorHandlerWrapper
instanceKlass com/sun/org/apache/xerces/internal/xni/parser/XMLErrorHandler
instanceKlass com/sun/org/apache/xerces/internal/impl/ExternalSubsetResolver
instanceKlass com/sun/org/apache/xerces/internal/util/EntityResolverWrapper
instanceKlass org/xml/sax/ext/EntityResolver2
instanceKlass com/sun/xml/bind/v2/runtime/unmarshaller/TagName
instanceKlass com/sun/xml/bind/v2/runtime/unmarshaller/SAXConnector
instanceKlass com/sun/org/apache/xerces/internal/parsers/AbstractSAXParser$AttributesProxy
instanceKlass org/xml/sax/ext/Attributes2
instanceKlass org/xml/sax/AttributeList
instanceKlass org/xml/sax/Parser
instanceKlass javax/xml/parsers/SAXParser
instanceKlass com/sun/org/apache/xerces/internal/xs/PSVIProvider
instanceKlass org/xml/sax/Attributes
instanceKlass org/xml/sax/helpers/XMLFilterImpl
instanceKlass javax/xml/transform/sax/SAXSource
instanceKlass java/lang/invoke/LambdaForm$MH
instanceKlass com/android/repository/impl/meta/SchemaModuleUtil$$Lambda$57
instanceKlass java/lang/invoke/LambdaForm$DMH
instanceKlass com/sun/xml/bind/v2/runtime/unmarshaller/UnmarshallingContext$State
instanceKlass com/sun/xml/bind/v2/runtime/unmarshaller/Scope
instanceKlass javax/xml/bind/ValidationEventLocator
instanceKlass com/sun/xml/bind/v2/runtime/unmarshaller/LocatorExWrapper
instanceKlass org/xml/sax/helpers/LocatorImpl
instanceKlass com/sun/xml/bind/v2/runtime/Coordinator
instanceKlass com/sun/xml/bind/v2/runtime/unmarshaller/XmlVisitor$TextPredictor
instanceKlass java/util/concurrent/Callable
instanceKlass javax/xml/bind/helpers/DefaultValidationEventHandler
instanceKlass org/xml/sax/helpers/DefaultHandler
instanceKlass org/xml/sax/DTDHandler
instanceKlass org/xml/sax/EntityResolver
instanceKlass javax/xml/bind/UnmarshallerHandler
instanceKlass org/xml/sax/ContentHandler
instanceKlass com/sun/xml/bind/v2/runtime/unmarshaller/XmlVisitor
instanceKlass com/sun/xml/bind/v2/runtime/unmarshaller/LocatorEx
instanceKlass com/sun/xml/bind/IDResolver
instanceKlass javax/xml/bind/helpers/AbstractUnmarshallerImpl
instanceKlass javax/xml/bind/ValidationEventHandler
instanceKlass com/sun/xml/bind/v2/runtime/NameList
instanceKlass com/sun/xml/bind/v2/runtime/property/ArrayERProperty$ReceiverImpl
instanceKlass com/sun/xml/bind/v2/runtime/unmarshaller/ChildLoader
instanceKlass com/sun/xml/bind/v2/runtime/unmarshaller/StructureLoader$1
instanceKlass com/sun/xml/bind/v2/runtime/property/UnmarshallerChain
instanceKlass com/sun/xml/bind/v2/runtime/ElementBeanInfoImpl$1
instanceKlass javax/xml/bind/JAXBElement$GlobalScope
instanceKlass com/sun/xml/bind/v2/runtime/Utils$1
instanceKlass com/sun/xml/bind/v2/runtime/Utils
instanceKlass com/sun/xml/bind/v2/runtime/unmarshaller/Intercepter
instanceKlass com/sun/xml/bind/v2/runtime/JaxBeanInfo$1
instanceKlass com/sun/xml/bind/v2/runtime/LifecycleMethods
instanceKlass com/sun/xml/bind/v2/runtime/FilterTransducer
instanceKlass com/sun/xml/bind/v2/runtime/reflect/TransducedAccessor
instanceKlass com/sun/xml/bind/v2/runtime/Name
instanceKlass com/sun/xml/bind/v2/runtime/property/TagAndType
instanceKlass javax/xml/bind/annotation/W3CDomHandler
instanceKlass javax/xml/bind/annotation/DomHandler
instanceKlass com/sun/xml/bind/v2/ClassFactory
instanceKlass com/sun/xml/bind/v2/runtime/reflect/Lister$2
instanceKlass com/sun/xml/bind/v2/runtime/reflect/ListIterator
instanceKlass com/sun/xml/bind/v2/runtime/reflect/Lister
instanceKlass com/sun/xml/bind/v2/runtime/property/Utils$1
instanceKlass com/sun/xml/bind/v2/runtime/property/Utils
instanceKlass com/sun/xml/bind/v2/runtime/property/PropertyFactory$1
instanceKlass com/sun/xml/bind/v2/runtime/property/PropertyFactory
instanceKlass com/sun/xml/bind/v2/runtime/property/PropertyImpl
instanceKlass com/sun/xml/bind/v2/runtime/property/Property
instanceKlass com/sun/xml/bind/v2/runtime/property/StructureLoaderBuilder
instanceKlass org/xml/sax/Locator
instanceKlass com/sun/xml/bind/v2/runtime/unmarshaller/Loader
instanceKlass com/sun/xml/bind/v2/util/FlattenIterator
instanceKlass com/sun/xml/bind/v2/model/nav/ParameterizedTypeImpl
instanceKlass com/sun/xml/bind/v2/model/nav/ReflectionNavigator$BinderArg
instanceKlass com/sun/xml/bind/v2/model/impl/ElementInfoImpl$PropertyImpl
instanceKlass javax/xml/bind/annotation/XmlElementDecl$GLOBAL
instanceKlass com/sun/xml/bind/v2/model/annotation/ClassLocatable
instanceKlass com/sun/xml/bind/v2/model/impl/PropertyInfoImpl$1
instanceKlass com/sun/xml/bind/v2/TODO
instanceKlass java/util/StringJoiner
instanceKlass com/sun/xml/bind/v2/model/nav/ReflectionNavigator$10
instanceKlass sun/reflect/generics/tree/MethodTypeSignature
instanceKlass sun/reflect/generics/tree/VoidDescriptor
instanceKlass com/sun/xml/bind/v2/runtime/reflect/Utils$1
instanceKlass com/sun/xml/bind/v2/runtime/reflect/Utils
instanceKlass com/sun/xml/bind/v2/model/core/Adapter
instanceKlass java/lang/reflect/AccessibleObject$$Lambda$56
instanceKlass javax/xml/bind/annotation/XmlSchemaType$DEFAULT
instanceKlass javax/xml/bind/annotation/adapters/XmlAdapter
instanceKlass javax/xml/bind/annotation/adapters/XmlJavaTypeAdapter$DEFAULT
instanceKlass javax/xml/bind/annotation/XmlElement$DEFAULT
instanceKlass com/sun/xml/bind/annotation/XmlLocation
instanceKlass javax/xml/bind/annotation/XmlSchemaTypes
instanceKlass javax/xml/bind/annotation/adapters/XmlJavaTypeAdapters
instanceKlass com/sun/xml/bind/v2/model/impl/Util
instanceKlass com/sun/xml/bind/v2/model/runtime/RuntimeTypeRef
instanceKlass com/sun/xml/bind/v2/model/impl/TypeRefImpl
instanceKlass com/sun/xml/bind/v2/model/core/TypeRef
instanceKlass com/sun/xml/bind/v2/model/impl/ClassInfoImpl$1
instanceKlass sun/reflect/generics/tree/TypeVariableSignature
instanceKlass java/lang/reflect/TypeVariable
instanceKlass sun/reflect/generics/tree/ClassSignature
instanceKlass sun/reflect/generics/tree/Signature
instanceKlass sun/reflect/generics/tree/FormalTypeParameter
instanceKlass sun/reflect/generics/reflectiveObjects/ParameterizedTypeImpl
instanceKlass java/lang/reflect/ParameterizedType
instanceKlass sun/reflect/generics/reflectiveObjects/LazyReflectiveObjectGenerator
instanceKlass java/lang/reflect/WildcardType
instanceKlass sun/reflect/generics/tree/Wildcard
instanceKlass sun/reflect/generics/tree/BottomSignature
instanceKlass sun/reflect/generics/repository/AbstractRepository
instanceKlass com/sun/xml/bind/v2/model/impl/FieldPropertySeed
instanceKlass com/sun/xml/bind/v2/model/impl/RuntimeClassInfoImpl$RuntimePropertySeed
instanceKlass java/lang/Short$ShortCache
instanceKlass java/lang/Long$LongCache
instanceKlass java/lang/Character$CharacterCache
instanceKlass java/util/AbstractList$Itr
instanceKlass com/sun/xml/bind/v2/model/nav/ReflectionNavigator$3
instanceKlass com/sun/xml/bind/AccessorFactoryImpl
instanceKlass com/sun/xml/bind/InternalAccessorFactory
instanceKlass javax/xml/bind/annotation/XmlAccessorOrder
instanceKlass com/sun/xml/bind/annotation/OverrideAnnotationOf
instanceKlass javax/xml/bind/annotation/XmlMixed
instanceKlass javax/xml/bind/annotation/XmlAnyElement
instanceKlass javax/xml/bind/annotation/XmlElements
instanceKlass javax/xml/bind/annotation/XmlAnyAttribute
instanceKlass javax/xml/bind/annotation/XmlList
instanceKlass javax/xml/bind/annotation/XmlElementWrapper
instanceKlass javax/xml/bind/annotation/XmlAttachmentRef
instanceKlass javax/xml/bind/annotation/XmlMimeType
instanceKlass javax/xml/bind/annotation/XmlInlineBinaryData
instanceKlass javax/xml/bind/annotation/XmlIDREF
instanceKlass javax/xml/bind/annotation/XmlID
instanceKlass javax/xml/bind/annotation/adapters/XmlJavaTypeAdapter
instanceKlass com/sun/xml/bind/AccessorFactory
instanceKlass com/sun/xml/bind/v2/runtime/reflect/Accessor
instanceKlass com/sun/xml/bind/v2/runtime/unmarshaller/Receiver
instanceKlass com/sun/xml/bind/v2/model/runtime/RuntimeReferencePropertyInfo
instanceKlass com/sun/xml/bind/v2/model/runtime/RuntimeAttributePropertyInfo
instanceKlass com/sun/xml/bind/v2/model/core/AttributePropertyInfo
instanceKlass com/sun/xml/bind/v2/model/runtime/RuntimeValuePropertyInfo
instanceKlass com/sun/xml/bind/v2/model/core/ValuePropertyInfo
instanceKlass com/sun/xml/bind/v2/model/runtime/RuntimeElementPropertyInfo
instanceKlass com/sun/xml/bind/v2/model/core/ElementPropertyInfo
instanceKlass com/sun/xml/bind/v2/model/runtime/RuntimeNonElementRef
instanceKlass com/sun/xml/bind/v2/model/core/NonElementRef
instanceKlass com/sun/xml/bind/v2/model/runtime/RuntimeMapPropertyInfo
instanceKlass com/sun/xml/bind/v2/model/runtime/RuntimePropertyInfo
instanceKlass com/sun/xml/bind/v2/model/core/MapPropertyInfo
instanceKlass com/sun/xml/bind/v2/model/impl/DummyPropertyInfo
instanceKlass com/sun/xml/bind/v2/model/core/ReferencePropertyInfo
instanceKlass com/sun/xml/bind/v2/model/impl/PropertyInfoImpl
instanceKlass com/sun/xml/bind/v2/model/core/PropertyInfo
instanceKlass com/sun/xml/bind/v2/model/impl/PropertySeed
instanceKlass com/sun/xml/bind/v2/model/annotation/AnnotationSource
instanceKlass com/android/repository/api/RemoteListSourceProvider$GenericSite
instanceKlass sun/reflect/annotation/AnnotationParser$$Lambda$55
instanceKlass javax/xml/bind/annotation/XmlSeeAlso
instanceKlass javax/xml/bind/annotation/XmlType$DEFAULT
instanceKlass javax/xml/bind/annotation/XmlAccessorType
instanceKlass com/sun/xml/bind/v2/model/annotation/MethodLocatable
instanceKlass javax/xml/bind/JAXBElement
instanceKlass com/sun/xml/bind/v2/model/nav/ReflectionNavigator$5
instanceKlass com/sun/xml/bind/v2/model/nav/ReflectionNavigator$4
instanceKlass com/sun/xml/bind/v2/model/impl/RegistryInfoImpl
instanceKlass java/lang/reflect/Proxy$$Lambda$54
instanceKlass com/sun/xml/bind/v2/model/annotation/SecureLoader
instanceKlass javax/xml/bind/annotation/XmlValue
instanceKlass javax/xml/bind/annotation/XmlType
instanceKlass javax/xml/bind/annotation/XmlTransient
instanceKlass javax/xml/bind/annotation/XmlSchemaType
instanceKlass javax/xml/bind/annotation/XmlRootElement
instanceKlass javax/xml/bind/annotation/XmlEnum
instanceKlass javax/xml/bind/annotation/XmlElementRefs
instanceKlass javax/xml/bind/annotation/XmlElementRef
instanceKlass javax/xml/bind/annotation/XmlElementDecl
instanceKlass javax/xml/bind/annotation/XmlElement
instanceKlass javax/xml/bind/annotation/XmlAttribute
instanceKlass com/sun/xml/bind/v2/model/annotation/Quick
instanceKlass com/sun/xml/bind/v2/model/annotation/Init
instanceKlass com/sun/xml/bind/v2/model/annotation/LocatableAnnotation
instanceKlass javax/xml/bind/annotation/XmlRegistry
instanceKlass com/sun/xml/bind/v2/model/core/Ref
instanceKlass com/sun/xml/bind/api/CompositeStructure
instanceKlass com/sun/xml/bind/v2/runtime/IllegalAnnotationsException$Builder
instanceKlass java/util/Collections$UnmodifiableMap$UnmodifiableEntrySet$UnmodifiableEntry
instanceKlass java/util/Collections$UnmodifiableMap$UnmodifiableEntrySet$1
instanceKlass com/sun/xml/bind/v2/runtime/RuntimeUtil
instanceKlass com/sun/xml/bind/v2/model/impl/AnyTypeImpl
instanceKlass com/sun/xml/bind/v2/model/impl/TypeInfoSetImpl$1
instanceKlass com/sun/xml/bind/v2/model/impl/RuntimeBuiltinLeafInfoImpl$28
instanceKlass java/util/UUID
instanceKlass javax/xml/datatype/Duration
instanceKlass javax/xml/namespace/NamespaceContext
instanceKlass javax/xml/datatype/XMLGregorianCalendar
instanceKlass javax/xml/transform/Result
instanceKlass javax/activation/DataHandler
instanceKlass java/awt/datatransfer/Transferable
instanceKlass javax/activation/DataSource
instanceKlass java/awt/Graphics
instanceKlass java/awt/Component
instanceKlass java/awt/MenuContainer
instanceKlass java/awt/image/ImageObserver
instanceKlass java/awt/Transparency
instanceKlass java/awt/image/WritableRenderedImage
instanceKlass java/awt/Image
instanceKlass com/sun/xml/bind/v2/runtime/output/Pcdata
instanceKlass javax/xml/bind/ValidationEvent
instanceKlass java/awt/image/RenderedImage
instanceKlass java/util/Date
instanceKlass javax/xml/datatype/DatatypeConstants$Field
instanceKlass javax/xml/datatype/DatatypeConstants
instanceKlass java/util/Calendar
instanceKlass com/sun/xml/bind/v2/model/impl/RuntimeBuiltinLeafInfoImpl$1
instanceKlass com/sun/xml/bind/v2/model/impl/LeafInfoImpl
instanceKlass com/sun/xml/bind/v2/model/runtime/RuntimeBuiltinLeafInfo
instanceKlass com/sun/xml/bind/v2/model/core/BuiltinLeafInfo
instanceKlass com/sun/xml/bind/v2/model/impl/ModelBuilder$1
instanceKlass com/sun/xml/bind/v2/model/impl/Utils$1
instanceKlass com/sun/xml/bind/v2/model/nav/TypeVisitor
instanceKlass com/sun/xml/bind/v2/model/nav/ReflectionNavigator
instanceKlass com/sun/xml/bind/v2/model/nav/Navigator
instanceKlass com/sun/xml/bind/v2/model/impl/Utils
instanceKlass com/sun/xml/bind/WhiteSpaceProcessor
instanceKlass com/sun/xml/bind/v2/model/runtime/RuntimeArrayInfo
instanceKlass com/sun/xml/bind/v2/runtime/Location
instanceKlass com/sun/xml/bind/v2/model/core/ArrayInfo
instanceKlass com/sun/xml/bind/v2/model/runtime/RuntimeEnumLeafInfo
instanceKlass com/sun/xml/bind/v2/model/core/EnumLeafInfo
instanceKlass com/sun/xml/bind/v2/model/runtime/RuntimeTypeInfoSet
instanceKlass com/sun/xml/bind/v2/model/impl/TypeInfoSetImpl
instanceKlass com/sun/xml/bind/v2/model/runtime/RuntimeElementInfo
instanceKlass com/sun/xml/bind/v2/model/core/ElementInfo
instanceKlass com/sun/xml/bind/v2/model/runtime/RuntimeElement
instanceKlass com/sun/xml/bind/v2/model/runtime/RuntimeClassInfo
instanceKlass com/sun/xml/bind/v2/model/impl/TypeInfoImpl
instanceKlass com/sun/xml/bind/v2/model/core/Element
instanceKlass com/sun/xml/bind/v2/model/core/ClassInfo
instanceKlass com/sun/xml/bind/v2/runtime/Transducer
instanceKlass com/sun/xml/bind/v2/model/core/RegistryInfo
instanceKlass com/sun/xml/bind/v2/model/impl/ModelBuilder
instanceKlass com/sun/xml/bind/v2/model/impl/ModelBuilderI
instanceKlass com/sun/xml/bind/v2/runtime/NameBuilder
instanceKlass com/sun/istack/Pool$Impl
instanceKlass com/sun/xml/bind/v2/util/QNameMap$Entry
instanceKlass com/sun/xml/bind/v2/util/QNameMap
instanceKlass com/sun/xml/bind/v2/runtime/JAXBContextImpl$6
instanceKlass com/sun/xml/bind/v2/model/core/TypeInfoSet
instanceKlass com/sun/xml/bind/api/BridgeContext
instanceKlass com/sun/xml/bind/api/RawAccessor
instanceKlass javax/xml/bind/JAXBIntrospector
instanceKlass com/sun/xml/bind/v2/runtime/AttributeAccessor
instanceKlass com/sun/xml/bind/v2/model/core/ErrorHandler
instanceKlass javax/xml/bind/Unmarshaller
instanceKlass com/sun/xml/bind/api/ErrorListener
instanceKlass javax/xml/bind/Binder
instanceKlass com/sun/xml/bind/unmarshaller/InfosetScanner
instanceKlass javax/xml/bind/Marshaller
instanceKlass com/sun/xml/bind/v2/runtime/JaxBeanInfo
instanceKlass com/sun/xml/bind/api/Bridge
instanceKlass com/sun/xml/bind/v2/model/runtime/RuntimeLeafInfo
instanceKlass com/sun/xml/bind/v2/model/runtime/RuntimeNonElement
instanceKlass com/sun/xml/bind/v2/model/runtime/RuntimeTypeInfo
instanceKlass com/sun/xml/bind/v2/model/core/LeafInfo
instanceKlass com/sun/xml/bind/v2/model/core/MaybeElement
instanceKlass com/sun/xml/bind/v2/model/core/NonElement
instanceKlass com/sun/xml/bind/v2/model/core/TypeInfo
instanceKlass com/sun/xml/bind/v2/model/annotation/Locatable
instanceKlass com/sun/istack/Pool
instanceKlass com/sun/xml/bind/v2/model/annotation/AbstractInlineAnnotationReaderImpl
instanceKlass com/sun/xml/bind/v2/runtime/JAXBContextImpl$JAXBContextBuilder
instanceKlass com/sun/xml/bind/v2/util/TypeCast
instanceKlass java/lang/StackTraceElement$HashedModules
instanceKlass com/sun/xml/bind/Util
instanceKlass com/sun/xml/bind/v2/model/annotation/RuntimeAnnotationReader
instanceKlass com/sun/xml/bind/v2/model/annotation/AnnotationReader
instanceKlass com/sun/xml/bind/v2/ContextFactory
instanceKlass sun/security/util/SignatureFileVerifier
instanceKlass sun/security/util/ManifestEntryVerifier
instanceKlass javax/xml/bind/ServiceLoaderUtil
instanceKlass javax/xml/bind/JAXBContextFactory
instanceKlass javax/xml/bind/ModuleUtil
instanceKlass javax/xml/bind/GetPropertyAction
instanceKlass javax/xml/bind/ServiceLoaderUtil$ExceptionHandler
instanceKlass javax/xml/bind/ContextFinder
instanceKlass javax/xml/bind/JAXBContext
instanceKlass com/google/common/base/Joiner
instanceKlass org/xml/sax/ErrorHandler
instanceKlass org/w3c/dom/ls/LSResourceResolver
instanceKlass javax/xml/transform/Source
instanceKlass org/xml/sax/XMLFilter
instanceKlass org/xml/sax/XMLReader
instanceKlass com/android/repository/impl/meta/SchemaModuleUtil
instanceKlass java/lang/invoke/LambdaForm$MH
instanceKlass com/android/repository/api/DelegatingProgressIndicator$$Lambda$53
instanceKlass java/lang/invoke/LambdaForm$DMH
instanceKlass java/util/regex/Pattern$CharPredicate$$Lambda$52
instanceKlass java/lang/invoke/LambdaForm$DMH
instanceKlass java/net/spi/URLStreamHandlerProvider
instanceKlass java/net/URL$1
instanceKlass java/net/URL$2
instanceKlass com/android/repository/api/DelegatingProgressIndicator
instanceKlass com/android/repository/impl/manager/RemoteRepoLoaderImpl
instanceKlass jdk/internal/math/FormattedFloatingDecimal$2
instanceKlass jdk/internal/math/FDBigInteger
instanceKlass jdk/internal/math/FormattedFloatingDecimal
instanceKlass com/android/sdklib/repository/AndroidSdkHandler$$Lambda$51
instanceKlass com/android/repository/api/RepoManager$RepoLoadedListener
instanceKlass java/util/concurrent/ConcurrentLinkedQueue$Itr
instanceKlass com/google/common/collect/ComparisonChain
instanceKlass kotlin/text/StringsKt__AppendableKt
instanceKlass kotlin/sequences/GeneratorSequence$iterator$1
instanceKlass kotlin/jvm/functions/Function0
instanceKlass kotlin/sequences/GeneratorSequence
instanceKlass com/android/repository/util/RepoPackageUtilKt
instanceKlass java/util/stream/ReduceOps$Box
instanceKlass java/util/stream/ReduceOps$AccumulatingSink
instanceKlass java/util/stream/ReduceOps$ReduceOp
instanceKlass java/util/stream/ReduceOps
instanceKlass java/util/stream/Collectors$$Lambda$50
instanceKlass java/util/stream/Collectors$$Lambda$49
instanceKlass java/util/function/BinaryOperator
instanceKlass java/util/stream/Collectors$$Lambda$48
instanceKlass java/util/function/BiConsumer
instanceKlass java/lang/invoke/LambdaForm$DMH
instanceKlass java/util/stream/Collectors$$Lambda$47
instanceKlass java/util/stream/Collectors$CollectorImpl
instanceKlass java/util/stream/Collector
instanceKlass java/util/stream/Collectors
instanceKlass java/util/function/Function$$Lambda$46
instanceKlass com/android/repository/impl/meta/RepositoryPackages$$Lambda$45
instanceKlass java/util/HashMap$HashMapSpliterator
instanceKlass com/google/common/hash/HashCode
instanceKlass sun/security/provider/ByteArrayAccess
instanceKlass com/google/common/hash/AbstractHasher
instanceKlass sun/security/util/MessageDigestSpi2
instanceKlass sun/security/jca/GetInstance$Instance
instanceKlass java/security/Provider$UString
instanceKlass java/security/Provider$Service
instanceKlass sun/security/provider/NativePRNG$NonBlocking
instanceKlass sun/security/provider/NativePRNG$Blocking
instanceKlass sun/security/provider/NativePRNG
instanceKlass sun/security/provider/SunEntries$1
instanceKlass sun/security/provider/SunEntries
instanceKlass sun/security/jca/ProviderList$2
instanceKlass jdk/internal/math/FloatingDecimal$ASCIIToBinaryBuffer
instanceKlass jdk/internal/math/FloatingDecimal$PreparedASCIIToBinaryBuffer
instanceKlass jdk/internal/math/FloatingDecimal$ASCIIToBinaryConverter
instanceKlass jdk/internal/math/FloatingDecimal$BinaryToASCIIBuffer
instanceKlass jdk/internal/math/FloatingDecimal$ExceptionalBinaryToASCIIBuffer
instanceKlass jdk/internal/math/FloatingDecimal$BinaryToASCIIConverter
instanceKlass jdk/internal/math/FloatingDecimal
instanceKlass java/security/Provider$EngineDescription
instanceKlass java/security/Provider$ServiceKey
instanceKlass sun/security/jca/ProviderConfig
instanceKlass sun/security/jca/ProviderList
instanceKlass sun/security/jca/Providers
instanceKlass sun/security/jca/GetInstance
instanceKlass java/security/MessageDigestSpi
instanceKlass com/google/common/hash/Hasher
instanceKlass com/google/common/hash/PrimitiveSink
instanceKlass com/google/common/hash/AbstractHashFunction
instanceKlass com/google/common/hash/Hashing$Md5Holder
instanceKlass java/security/Key
instanceKlass com/google/common/hash/HashFunction
instanceKlass com/google/common/hash/Hashing
instanceKlass com/google/common/io/Closeables
instanceKlass com/android/sdklib/internal/project/ProjectProperties
instanceKlass sun/nio/fs/WindowsChannelFactory$2
instanceKlass com/android/sdklib/repository/meta/DetailsTypes
instanceKlass com/android/sdklib/repository/legacy/LegacyRepoUtils$1
instanceKlass java/util/regex/Pattern$CharPredicate$$Lambda$44
instanceKlass java/util/regex/Pattern$$Lambda$43
instanceKlass com/android/sdklib/repository/legacy/LegacyRepoUtils
instanceKlass com/android/repository/impl/meta/TypeDetails
instanceKlass com/android/sdklib/repository/legacy/LegacyLocalRepoLoader$LegacyLocalPackage
instanceKlass java/util/ComparableTimSort
instanceKlass com/android/sdklib/AndroidTargetHash
instanceKlass com/android/sdklib/repository/legacy/descriptors/PkgDesc$Builder$3
instanceKlass com/android/sdklib/AndroidVersion
instanceKlass com/android/sdklib/AndroidVersionHelper
instanceKlass com/google/common/collect/AbstractMapBasedMultimap$WrappedCollection$WrappedIterator
instanceKlass com/android/sdklib/repository/legacy/descriptors/PkgDesc$Builder$1
instanceKlass com/android/sdklib/BuildToolInfo
instanceKlass com/android/repository/Revision$1
instanceKlass com/android/sdklib/repository/legacy/local/LocalDirInfo$1
instanceKlass java/util/zip/Adler32
instanceKlass com/android/sdklib/repository/legacy/local/LocalDirInfo
instanceKlass com/google/common/primitives/IntsMethodsForWeb
instanceKlass java/util/TimSort
instanceKlass java/util/Arrays$LegacyMergeSort
instanceKlass com/google/common/collect/Iterables
instanceKlass com/android/support/AndroidxNameUtils$$Lambda$42
instanceKlass java/lang/invoke/LambdaForm$DMH
instanceKlass kotlin/io/CloseableKt
instanceKlass kotlin/Unit
instanceKlass com/google/common/collect/ImmutableCollection$Builder
instanceKlass org/w3c/dom/Attr
instanceKlass com/sun/org/apache/xerces/internal/dom/NamedNodeMapImpl
instanceKlass org/w3c/dom/NamedNodeMap
instanceKlass org/w3c/dom/Comment
instanceKlass com/sun/org/apache/xerces/internal/dom/CharacterDataImpl$1
instanceKlass org/w3c/dom/Text
instanceKlass org/w3c/dom/CharacterData
instanceKlass com/android/utils/XmlUtils$SubTagIterator
instanceKlass com/sun/org/apache/xerces/internal/impl/Constants$ArrayEnumeration
instanceKlass com/sun/org/apache/xerces/internal/impl/Constants
instanceKlass com/sun/org/apache/xerces/internal/util/XMLChar
instanceKlass com/sun/org/apache/xerces/internal/dom/DeferredDocumentImpl$RefCount
instanceKlass com/sun/org/apache/xerces/internal/dom/NodeListCache
instanceKlass org/w3c/dom/TypeInfo
instanceKlass org/w3c/dom/ElementTraversal
instanceKlass org/w3c/dom/Element
instanceKlass org/w3c/dom/DocumentType
instanceKlass com/sun/org/apache/xerces/internal/dom/NodeImpl
instanceKlass org/w3c/dom/events/EventTarget
instanceKlass org/w3c/dom/NodeList
instanceKlass org/w3c/dom/Document
instanceKlass org/w3c/dom/ranges/DocumentRange
instanceKlass org/w3c/dom/events/DocumentEvent
instanceKlass org/w3c/dom/traversal/DocumentTraversal
instanceKlass com/sun/org/apache/xerces/internal/dom/DeferredNode
instanceKlass com/sun/org/apache/xerces/internal/util/XMLSymbols
instanceKlass com/sun/xml/internal/stream/util/BufferAllocator
instanceKlass com/sun/xml/internal/stream/util/ThreadLocalBufferAllocator
instanceKlass com/sun/xml/internal/stream/Entity
instanceKlass com/sun/org/apache/xerces/internal/utils/XMLLimitAnalyzer
instanceKlass com/sun/org/apache/xerces/internal/xni/parser/XMLInputSource
instanceKlass com/sun/org/apache/xerces/internal/utils/XMLSecurityPropertyManager
instanceKlass com/sun/org/apache/xerces/internal/util/FeatureState
instanceKlass com/sun/org/apache/xerces/internal/util/PropertyState
instanceKlass com/sun/org/apache/xerces/internal/impl/msg/XMLMessageFormatter
instanceKlass com/sun/org/apache/xerces/internal/util/MessageFormatter
instanceKlass com/sun/org/apache/xerces/internal/impl/XMLVersionDetector
instanceKlass com/sun/org/apache/xerces/internal/impl/validation/ValidationManager
instanceKlass com/sun/org/apache/xerces/internal/impl/dv/dtd/NMTOKENDatatypeValidator
instanceKlass com/sun/org/apache/xerces/internal/impl/dv/dtd/NOTATIONDatatypeValidator
instanceKlass com/sun/org/apache/xerces/internal/impl/dv/dtd/ENTITYDatatypeValidator
instanceKlass com/sun/org/apache/xerces/internal/impl/dv/dtd/ListDatatypeValidator
instanceKlass com/sun/org/apache/xerces/internal/impl/dv/dtd/IDREFDatatypeValidator
instanceKlass com/sun/org/apache/xerces/internal/impl/dv/dtd/IDDatatypeValidator
instanceKlass com/sun/org/apache/xerces/internal/impl/dv/dtd/StringDatatypeValidator
instanceKlass com/sun/org/apache/xerces/internal/impl/dv/DatatypeValidator
instanceKlass com/sun/org/apache/xerces/internal/impl/dv/DTDDVFactory
instanceKlass com/sun/org/apache/xerces/internal/impl/dtd/DTDGrammarBucket
instanceKlass com/sun/org/apache/xerces/internal/impl/dtd/XMLAttributeDecl
instanceKlass com/sun/org/apache/xerces/internal/impl/dtd/XMLSimpleType
instanceKlass com/sun/org/apache/xerces/internal/impl/dtd/XMLElementDecl
instanceKlass com/sun/org/apache/xerces/internal/impl/validation/ValidationState
instanceKlass com/sun/org/apache/xerces/internal/impl/dv/ValidationContext
instanceKlass com/sun/org/apache/xerces/internal/impl/dtd/XMLDTDValidator
instanceKlass com/sun/org/apache/xerces/internal/impl/RevalidationHandler
instanceKlass com/sun/org/apache/xerces/internal/impl/dtd/XMLDTDValidatorFilter
instanceKlass com/sun/org/apache/xerces/internal/xni/parser/XMLDocumentFilter
instanceKlass com/sun/org/apache/xerces/internal/impl/dtd/XMLEntityDecl
instanceKlass com/sun/org/apache/xerces/internal/impl/dtd/XMLDTDProcessor
instanceKlass com/sun/org/apache/xerces/internal/xni/parser/XMLDTDContentModelFilter
instanceKlass com/sun/org/apache/xerces/internal/xni/parser/XMLDTDFilter
instanceKlass com/sun/org/apache/xerces/internal/xni/parser/XMLDTDScanner
instanceKlass com/sun/org/apache/xerces/internal/xni/parser/XMLDTDContentModelSource
instanceKlass com/sun/org/apache/xerces/internal/xni/parser/XMLDTDSource
instanceKlass com/sun/org/apache/xerces/internal/xni/grammars/XMLDTDDescription
instanceKlass com/sun/org/apache/xerces/internal/xni/grammars/XMLGrammarDescription
instanceKlass com/sun/org/apache/xerces/internal/impl/XMLDocumentScannerImpl$TrailingMiscDriver
instanceKlass com/sun/org/apache/xerces/internal/impl/XMLDocumentScannerImpl$PrologDriver
instanceKlass com/sun/org/apache/xerces/internal/impl/XMLDocumentScannerImpl$XMLDeclDriver
instanceKlass com/sun/org/apache/xerces/internal/util/NamespaceSupport
instanceKlass com/sun/org/apache/xerces/internal/xni/NamespaceContext
instanceKlass com/sun/org/apache/xerces/internal/util/XMLAttributesImpl$Attribute
instanceKlass com/sun/org/apache/xerces/internal/util/XMLAttributesImpl
instanceKlass com/sun/org/apache/xerces/internal/xni/XMLAttributes
instanceKlass com/sun/org/apache/xerces/internal/impl/XMLDocumentFragmentScannerImpl$FragmentContentDriver
instanceKlass com/sun/org/apache/xerces/internal/impl/XMLDocumentFragmentScannerImpl$Driver
instanceKlass com/sun/org/apache/xerces/internal/impl/XMLDocumentFragmentScannerImpl$ElementStack2
instanceKlass com/sun/org/apache/xerces/internal/xni/QName
instanceKlass com/sun/org/apache/xerces/internal/impl/XMLDocumentFragmentScannerImpl$ElementStack
instanceKlass com/sun/org/apache/xerces/internal/xni/XMLString
instanceKlass com/sun/org/apache/xerces/internal/impl/XMLScanner
instanceKlass com/sun/xml/internal/stream/XMLBufferListener
instanceKlass com/sun/org/apache/xerces/internal/impl/XMLEntityHandler
instanceKlass com/sun/org/apache/xerces/internal/xni/parser/XMLDocumentScanner
instanceKlass com/sun/org/apache/xerces/internal/xni/parser/XMLDocumentSource
instanceKlass com/sun/org/apache/xerces/internal/impl/XMLErrorReporter
instanceKlass com/sun/org/apache/xerces/internal/impl/XMLEntityScanner
instanceKlass com/sun/org/apache/xerces/internal/xni/XMLLocator
instanceKlass com/sun/xml/internal/stream/XMLEntityStorage
instanceKlass com/sun/org/apache/xerces/internal/utils/XMLSecurityManager
instanceKlass com/sun/org/apache/xerces/internal/util/AugmentationsImpl$AugmentationsItemsContainer
instanceKlass com/sun/org/apache/xerces/internal/util/AugmentationsImpl
instanceKlass com/sun/org/apache/xerces/internal/xni/Augmentations
instanceKlass com/sun/org/apache/xerces/internal/util/XMLResourceIdentifierImpl
instanceKlass com/sun/org/apache/xerces/internal/xni/XMLResourceIdentifier
instanceKlass com/sun/org/apache/xerces/internal/impl/XMLEntityManager
instanceKlass com/sun/org/apache/xerces/internal/xni/parser/XMLEntityResolver
instanceKlass com/sun/org/apache/xerces/internal/xni/parser/XMLComponent
instanceKlass com/sun/org/apache/xerces/internal/util/SymbolTable$Entry
instanceKlass com/sun/org/apache/xerces/internal/util/SymbolTable
instanceKlass javax/xml/parsers/SAXParserFactory
instanceKlass jdk/xml/internal/SecuritySupport$$Lambda$41
instanceKlass jdk/xml/internal/JdkXmlUtils
instanceKlass com/sun/org/apache/xerces/internal/util/ParserConfigurationSettings
instanceKlass com/sun/org/apache/xerces/internal/parsers/XML11Configurable
instanceKlass com/sun/org/apache/xerces/internal/xni/parser/XMLPullParserConfiguration
instanceKlass com/sun/org/apache/xerces/internal/xni/parser/XMLParserConfiguration
instanceKlass com/sun/org/apache/xerces/internal/xni/parser/XMLComponentManager
instanceKlass com/sun/org/apache/xerces/internal/parsers/XMLParser
instanceKlass com/sun/org/apache/xerces/internal/xni/XMLDTDContentModelHandler
instanceKlass com/sun/org/apache/xerces/internal/xni/XMLDTDHandler
instanceKlass com/sun/org/apache/xerces/internal/xni/XMLDocumentHandler
instanceKlass javax/xml/parsers/DocumentBuilder
instanceKlass com/sun/org/apache/xerces/internal/jaxp/JAXPConstants
instanceKlass javax/xml/parsers/FactoryFinder$$Lambda$40
instanceKlass jdk/xml/internal/SecuritySupport$$Lambda$39
instanceKlass javax/xml/parsers/FactoryFinder$$Lambda$38
instanceKlass javax/xml/parsers/FactoryFinder$1
instanceKlass jdk/xml/internal/SecuritySupport$$Lambda$37
instanceKlass java/lang/invoke/LambdaForm$MH
instanceKlass java/lang/invoke/LambdaForm$DMH
instanceKlass java/lang/invoke/LambdaForm$MH
instanceKlass java/lang/invoke/LambdaForm$DMH
instanceKlass java/lang/invoke/LambdaForm$MH
instanceKlass java/lang/invoke/LambdaForm$DMH
instanceKlass java/lang/invoke/LambdaForm$MH
instanceKlass java/lang/invoke/LambdaForm$DMH
instanceKlass java/lang/invoke/ClassSpecializer$Factory$1Var
instanceKlass java/lang/invoke/LambdaForm$MH
instanceKlass java/lang/invoke/LambdaForm$DMH
instanceKlass java/lang/invoke/LambdaForm$BMH
instanceKlass java/lang/invoke/LambdaForm$DMH
instanceKlass java/lang/invoke/LambdaForm$MH
instanceKlass java/lang/invoke/LambdaForm$DMH
instanceKlass java/lang/invoke/LambdaForm$MH
instanceKlass java/lang/invoke/LambdaForm$DMH
instanceKlass java/lang/invoke/LambdaForm$MH
instanceKlass java/lang/invoke/LambdaForm$MH
instanceKlass java/lang/invoke/LambdaForm$MH
instanceKlass java/lang/invoke/LambdaForm$MH
instanceKlass java/lang/invoke/LambdaForm$MH
instanceKlass java/lang/invoke/LambdaForm$MH
instanceKlass java/lang/invoke/LambdaForm$MH
instanceKlass java/lang/invoke/LambdaForm$MH
instanceKlass java/lang/invoke/LambdaForm$MH
instanceKlass java/lang/invoke/LambdaForm$MH
instanceKlass java/lang/invoke/LambdaForm$MH
instanceKlass java/lang/invoke/LambdaForm$MH
instanceKlass java/lang/invoke/LambdaForm$MH
instanceKlass java/lang/invoke/LambdaForm$MH
instanceKlass java/lang/invoke/LambdaForm$MH
instanceKlass java/lang/invoke/LambdaForm$MH
instanceKlass java/lang/invoke/LambdaForm$MH
instanceKlass java/lang/invoke/LambdaForm$MH
instanceKlass java/lang/invoke/LambdaForm$MH
instanceKlass javax/xml/parsers/FactoryFinder$$Lambda$36
instanceKlass jdk/xml/internal/SecuritySupport$$Lambda$35
instanceKlass jdk/xml/internal/SecuritySupport
instanceKlass javax/xml/parsers/FactoryFinder
instanceKlass javax/xml/parsers/DocumentBuilderFactory
instanceKlass org/xml/sax/InputSource
instanceKlass org/w3c/dom/Node
instanceKlass com/android/utils/XmlUtils
instanceKlass sun/net/www/protocol/jar/URLJarFileCallBack
instanceKlass sun/net/www/MessageHeader
instanceKlass sun/net/www/protocol/jar/JarFileFactory
instanceKlass sun/net/www/protocol/jar/URLJarFile$URLJarFileCloseController
instanceKlass java/net/URLConnection
instanceKlass com/android/support/AndroidxMigrationParserKt
instanceKlass com/android/support/AndroidxNameUtils$1
instanceKlass com/android/support/MigrationParserVisitor
instanceKlass com/android/support/AndroidxNameUtils
instanceKlass com/android/support/AndroidxName
instanceKlass com/android/SdkConstants
instanceKlass java/util/stream/AbstractSpinedBuffer
instanceKlass java/util/stream/Node$Builder
instanceKlass java/util/stream/Node$OfDouble
instanceKlass java/util/stream/Node$OfLong
instanceKlass java/util/stream/Node$OfInt
instanceKlass java/util/stream/Node$OfPrimitive
instanceKlass java/util/stream/Nodes$EmptyNode
instanceKlass java/util/stream/Node
instanceKlass java/util/stream/Nodes
instanceKlass com/android/repository/io/FileOp$$Lambda$34
instanceKlass java/util/function/IntFunction
instanceKlass com/android/repository/io/FileOp$$Lambda$33
instanceKlass com/android/sdklib/repository/legacy/descriptors/PkgDesc
instanceKlass com/android/sdklib/repository/legacy/descriptors/PkgDesc$IGetPath
instanceKlass com/android/sdklib/repository/legacy/descriptors/PkgDesc$IIsUpdateFor
instanceKlass com/android/sdklib/repository/legacy/descriptors/IPkgDesc
instanceKlass com/android/sdklib/repository/legacy/descriptors/PkgDesc$Builder
instanceKlass java/util/regex/CharPredicates$$Lambda$32
instanceKlass com/android/repository/Revision
instanceKlass com/android/sdklib/repository/PackageParserUtils
instanceKlass sun/nio/ch/IOStatus
instanceKlass java/nio/DirectByteBuffer$Deallocator
instanceKlass sun/nio/ch/Util$BufferCache
instanceKlass sun/nio/ch/Util
instanceKlass sun/nio/ch/NativeThread
instanceKlass java/nio/channels/Channels
instanceKlass sun/nio/fs/WindowsSecurityDescriptor
instanceKlass com/android/sdklib/repository/legacy/local/LocalSdk$1
instanceKlass com/android/sdklib/repository/legacy/local/LocalDirInfo$MapComparator
instanceKlass com/google/common/collect/Lists
instanceKlass java/util/Locale$1
instanceKlass java/util/TreeMap$PrivateEntryIterator
instanceKlass sun/nio/ch/FileChannelImpl$Closer
instanceKlass sun/nio/ch/NativeDispatcher
instanceKlass sun/nio/ch/NativeThreadSet
instanceKlass sun/nio/ch/IOUtil$1
instanceKlass sun/nio/ch/IOUtil
instanceKlass java/nio/file/attribute/FileAttribute
instanceKlass java/nio/channels/spi/AbstractInterruptibleChannel
instanceKlass java/nio/channels/InterruptibleChannel
instanceKlass java/nio/channels/ScatteringByteChannel
instanceKlass java/nio/channels/GatheringByteChannel
instanceKlass java/nio/channels/SeekableByteChannel
instanceKlass java/nio/channels/ByteChannel
instanceKlass java/nio/channels/WritableByteChannel
instanceKlass java/nio/channels/ReadableByteChannel
instanceKlass java/nio/channels/Channel
instanceKlass sun/nio/fs/BasicFileAttributesHolder
instanceKlass java/util/stream/ForEachOps$ForEachOp
instanceKlass java/util/stream/ForEachOps
instanceKlass java/lang/invoke/LambdaForm$MH
instanceKlass java/lang/invoke/LambdaForm$DMH
instanceKlass java/lang/invoke/LambdaForm$DMH
instanceKlass com/android/repository/impl/manager/LocalRepoLoaderImpl$$Lambda$31
instanceKlass java/lang/invoke/LambdaForm$DMH
instanceKlass com/android/repository/impl/manager/LocalRepoLoaderImpl$$Lambda$30
instanceKlass java/nio/file/Files$$Lambda$29
instanceKlass java/util/Spliterators$IteratorSpliterator
instanceKlass java/nio/file/Files$2
instanceKlass sun/nio/fs/WindowsDirectoryStream$WindowsDirectoryIterator
instanceKlass java/nio/file/Files$AcceptAllFilter
instanceKlass java/nio/file/DirectoryStream$Filter
instanceKlass com/android/repository/impl/manager/LocalRepoLoaderImpl
instanceKlass com/google/common/collect/PeekingIterator
instanceKlass com/google/common/collect/Iterators
instanceKlass java/util/concurrent/ConcurrentLinkedQueue$Node
instanceKlass com/android/repository/impl/manager/RepoManagerImpl$LoadTask
instanceKlass java/util/concurrent/Semaphore
instanceKlass com/android/repository/api/RepoManager$DummyProgressRunner
instanceKlass com/android/repository/api/RepoManager$$Lambda$28
instanceKlass com/google/common/collect/ForwardingObject
instanceKlass java/util/RegularEnumSet$EnumSetIterator
instanceKlass jdk/internal/logger/DefaultLoggerFinder$1
instanceKlass java/util/logging/Logger$SystemLoggerHelper$1
instanceKlass java/util/logging/Logger$SystemLoggerHelper
instanceKlass java/util/logging/LogManager$4
instanceKlass jdk/internal/logger/BootstrapLogger$BootstrapExecutors
instanceKlass jdk/internal/logger/BootstrapLogger$RedirectedLoggers
instanceKlass java/util/ServiceLoader$ProviderImpl
instanceKlass java/util/ServiceLoader$Provider
instanceKlass java/util/ServiceLoader$1
instanceKlass java/util/concurrent/CopyOnWriteArrayList$COWIterator
instanceKlass jdk/internal/loader/URLClassPath$1
instanceKlass java/lang/CompoundEnumeration
instanceKlass jdk/internal/loader/BuiltinClassLoader$1
instanceKlass java/util/Collections$EmptyEnumeration
instanceKlass jdk/internal/jimage/ImageLocation
instanceKlass jdk/internal/jimage/decompressor/Decompressor
instanceKlass jdk/internal/jimage/ImageStringsReader
instanceKlass jdk/internal/jimage/ImageStrings
instanceKlass jdk/internal/jimage/ImageHeader
instanceKlass jdk/internal/jimage/NativeImageBuffer$1
instanceKlass jdk/internal/jimage/NativeImageBuffer
instanceKlass jdk/internal/jimage/BasicImageReader$1
instanceKlass jdk/internal/jimage/BasicImageReader
instanceKlass jdk/internal/jimage/ImageReader
instanceKlass jdk/internal/jimage/ImageReaderFactory$1
instanceKlass jdk/internal/jimage/ImageReaderFactory
instanceKlass jdk/internal/module/SystemModuleFinders$SystemImage
instanceKlass jdk/internal/module/SystemModuleFinders$SystemModuleReader
instanceKlass java/lang/module/ModuleReader
instanceKlass jdk/internal/loader/BuiltinClassLoader$5
instanceKlass jdk/internal/loader/BuiltinClassLoader$2
instanceKlass jdk/internal/module/Resources
instanceKlass java/util/ServiceLoader$3
instanceKlass java/util/ServiceLoader$2
instanceKlass java/util/ServiceLoader$LazyClassPathLookupIterator
instanceKlass java/lang/ModuleLayer$$Lambda$27
instanceKlass java/lang/WeakPairMap$Pair$Lookup
instanceKlass java/lang/WeakPairMap$Pair
instanceKlass java/lang/WeakPairMap
instanceKlass java/lang/Module$ReflectionData
instanceKlass java/util/Spliterators$1Adapter
instanceKlass java/util/Spliterators$ArraySpliterator
instanceKlass java/util/Spliterator$OfDouble
instanceKlass java/util/Spliterator$OfLong
instanceKlass java/util/Spliterator$OfInt
instanceKlass java/util/Spliterator$OfPrimitive
instanceKlass java/util/Spliterators$EmptySpliterator
instanceKlass java/util/Spliterators
instanceKlass java/util/ServiceLoader$ModuleServicesLookupIterator
instanceKlass java/util/ServiceLoader
instanceKlass jdk/internal/logger/BootstrapLogger$DetectBackend$1
instanceKlass jdk/internal/logger/BootstrapLogger$DetectBackend
instanceKlass jdk/internal/logger/BootstrapLogger
instanceKlass sun/util/logging/PlatformLogger$ConfigurableBridge
instanceKlass sun/util/logging/PlatformLogger$Bridge
instanceKlass java/lang/System$Logger
instanceKlass java/util/stream/Streams
instanceKlass java/util/stream/Streams$AbstractStreamBuilderImpl
instanceKlass java/util/stream/Stream$Builder
instanceKlass java/util/stream/Sink$ChainedReference
instanceKlass java/util/stream/FindOps$FindSink$OfRef$$Lambda$26
instanceKlass java/util/stream/FindOps$FindSink$OfRef$$Lambda$25
instanceKlass java/util/stream/FindOps$FindSink$OfRef$$Lambda$24
instanceKlass java/util/stream/FindOps$FindSink$OfRef$$Lambda$23
instanceKlass java/util/stream/FindOps$FindOp
instanceKlass java/util/stream/TerminalOp
instanceKlass java/util/stream/FindOps$FindSink
instanceKlass java/util/stream/TerminalSink
instanceKlass java/util/stream/Sink
instanceKlass java/util/stream/FindOps
instanceKlass java/util/logging/Level$KnownLevel$$Lambda$22
instanceKlass java/util/EnumMap$1
instanceKlass java/util/stream/StreamOpFlag$MaskBuilder
instanceKlass java/util/stream/PipelineHelper
instanceKlass java/util/stream/Stream
instanceKlass java/util/stream/BaseStream
instanceKlass java/util/stream/StreamSupport
instanceKlass java/util/ArrayList$ArrayListSpliterator
instanceKlass java/util/Spliterator
instanceKlass java/util/logging/Level$$Lambda$21
instanceKlass java/util/Hashtable$Enumerator
instanceKlass java/util/Collections$3
instanceKlass java/util/logging/LogManager$LoggerContext$1
instanceKlass java/util/logging/LogManager$VisitedLoggers
instanceKlass java/util/function/Predicate
instanceKlass java/lang/invoke/LambdaForm$MH
instanceKlass java/lang/invoke/LambdaForm$MH
instanceKlass sun/invoke/util/ValueConversions$WrapperCache
instanceKlass java/lang/invoke/LambdaForm$MH
instanceKlass java/lang/invoke/MethodHandles$1
instanceKlass java/lang/Byte$ByteCache
instanceKlass java/lang/invoke/LambdaForm$MH
instanceKlass java/lang/invoke/LambdaForm$MH
instanceKlass java/lang/invoke/LambdaForm$MH
instanceKlass java/lang/invoke/LambdaForm$MH
instanceKlass java/lang/invoke/LambdaForm$MH
instanceKlass java/lang/invoke/LambdaForm$MH
instanceKlass java/lang/invoke/LambdaForm$MH
instanceKlass java/lang/invoke/LambdaForm$MH
instanceKlass java/lang/invoke/LambdaForm$MH
instanceKlass java/lang/invoke/LambdaForm$MH
instanceKlass java/lang/ClassValue$Version
instanceKlass java/lang/ClassValue$Identity
instanceKlass java/lang/ClassValue
instanceKlass java/lang/invoke/StringConcatFactory$Stringifiers
instanceKlass java/lang/StringConcatHelper
instanceKlass java/lang/invoke/StringConcatFactory$MethodHandleInlineCopyStrategy$3
instanceKlass java/lang/invoke/StringConcatFactory$MethodHandleInlineCopyStrategy$2
instanceKlass java/lang/invoke/StringConcatFactory$MethodHandleInlineCopyStrategy$1
instanceKlass java/lang/invoke/StringConcatFactory$MethodHandleInlineCopyStrategy
instanceKlass java/lang/invoke/StringConcatFactory$RecipeElement
instanceKlass java/lang/invoke/StringConcatFactory$Recipe
instanceKlass java/lang/invoke/StringConcatFactory$1
instanceKlass java/lang/invoke/StringConcatFactory
instanceKlass java/util/logging/LogManager$2
instanceKlass java/lang/invoke/VarHandle$AccessDescriptor
instanceKlass java/lang/System$LoggerFinder
instanceKlass java/io/FileInputStream$1
instanceKlass java/util/Properties$LineReader
instanceKlass java/security/Security$1
instanceKlass java/security/Security
instanceKlass sun/security/util/SecurityProperties
instanceKlass sun/security/util/FilePermCompat
instanceKlass sun/security/util/SecurityConstants
instanceKlass java/security/AccessController$1
instanceKlass java/util/logging/LogManager$LoggingProviderAccess
instanceKlass sun/util/logging/internal/LoggingProviderImpl$LogManagerAccess
instanceKlass java/lang/Shutdown$Lock
instanceKlass java/lang/Shutdown
instanceKlass java/lang/ApplicationShutdownHooks$1
instanceKlass java/lang/ApplicationShutdownHooks
instanceKlass java/util/Collections$SynchronizedMap
instanceKlass java/util/concurrent/locks/AbstractQueuedSynchronizer$Node
instanceKlass java/util/logging/LogManager$LogNode
instanceKlass java/util/logging/LogManager$LoggerContext
instanceKlass java/util/logging/LogManager$1
instanceKlass java/util/logging/LogManager
instanceKlass java/util/logging/Logger$ConfigurationData
instanceKlass java/util/logging/Logger$LoggerBundle
instanceKlass java/util/logging/Level
instanceKlass java/util/logging/Handler
instanceKlass java/util/logging/Logger
instanceKlass com/google/common/collect/Platform
instanceKlass com/android/sdklib/repository/legacy/local/LocalPkgInfo
instanceKlass com/android/sdklib/repository/legacy/local/LocalSdk
instanceKlass com/android/sdklib/repository/legacy/LegacyLocalRepoLoader
instanceKlass com/android/sdklib/repository/legacy/remote/internal/sources/SdkSource
instanceKlass com/android/sdklib/repository/legacy/LegacyRemoteRepoLoader
instanceKlass com/android/sdklib/repository/AndroidSdkHandler$RepoConfig$$Lambda$20
instanceKlass java/util/function/Consumer
instanceKlass com/android/repository/impl/manager/RemoteRepoLoader
instanceKlass com/android/repository/impl/manager/RepoManagerImpl$RemoteRepoLoaderFactoryImpl
instanceKlass com/android/repository/impl/manager/LocalRepoLoader
instanceKlass com/android/repository/impl/manager/RepoManagerImpl$LocalRepoLoaderFactoryImpl
instanceKlass com/google/common/collect/Ordering
instanceKlass com/google/common/collect/Multiset
instanceKlass com/google/common/collect/AbstractMultimap
instanceKlass com/google/common/collect/SortedSetMultimap
instanceKlass com/google/common/collect/SetMultimap
instanceKlass com/google/common/collect/Sets
instanceKlass com/android/repository/impl/meta/RepositoryPackages
instanceKlass com/android/repository/api/ProgressRunner$ProgressRunnable
instanceKlass com/android/repository/impl/manager/RepoManagerImpl$RemoteRepoLoaderFactory
instanceKlass com/android/repository/impl/manager/RepoManagerImpl$LocalRepoLoaderFactory
instanceKlass com/google/common/collect/ObjectArrays
instanceKlass com/android/repository/impl/sources/LocalSourceProvider
instanceKlass com/android/repository/api/SimpleRepositorySource
instanceKlass com/google/common/math/IntMath$1
instanceKlass com/google/common/math/MathPreconditions
instanceKlass com/google/common/math/IntMath
instanceKlass com/android/repository/impl/generated/generic/v2/package-info
instanceKlass com/android/repository/impl/generated/generic/v1/package-info
instanceKlass com/android/repository/impl/meta/TypeDetails$GenericType
instanceKlass com/android/repository/impl/meta/GenericFactory
instanceKlass com/android/repository/impl/generated/v2/package-info
instanceKlass com/android/repository/api/Checksum
instanceKlass com/android/repository/impl/generated/v1/package-info
instanceKlass com/android/repository/api/Dependency
instanceKlass com/android/repository/impl/meta/RemotePackageImpl$ChannelRef
instanceKlass com/android/repository/impl/meta/RepoPackageImpl$UsesLicense
instanceKlass com/android/repository/impl/meta/RepoPackageImpl$Dependencies
instanceKlass com/android/repository/api/RemotePackage
instanceKlass com/android/repository/api/Repository
instanceKlass com/android/repository/impl/meta/Archive$PatchesType
instanceKlass com/android/repository/impl/meta/Archive
instanceKlass com/android/repository/impl/meta/RevisionType
instanceKlass com/android/repository/impl/meta/RepoPackageImpl$Archives
instanceKlass com/android/repository/impl/meta/Archive$ArchiveFile
instanceKlass com/android/repository/api/Channel
instanceKlass com/android/repository/api/License
instanceKlass com/android/repository/impl/meta/RepoPackageImpl
instanceKlass com/android/repository/api/LocalPackage
instanceKlass com/android/repository/impl/meta/CommonFactory
instanceKlass com/android/repository/api/ProgressRunner
instanceKlass com/android/repository/api/ConstantSourceProvider
instanceKlass java/util/Formattable
instanceKlass com/android/repository/impl/sources/generated/v1/package-info
instanceKlass com/android/repository/impl/sources/generated/v1/ObjectFactory
instanceKlass com/android/repository/api/RepoManager
instanceKlass com/android/repository/api/RemoteListSourceProvider
instanceKlass com/google/common/collect/Hashing
instanceKlass com/google/common/collect/AbstractMapEntry
instanceKlass java/util/AbstractMap$SimpleImmutableEntry
instanceKlass com/google/common/collect/CollectPreconditions
instanceKlass com/google/common/collect/ImmutableSet$SetBuilderImpl
instanceKlass com/google/common/collect/ImmutableMap$Builder
instanceKlass com/android/sdklib/repository/sources/generated/v5/package-info
instanceKlass com/android/sdklib/repository/sources/generated/v5/ObjectFactory
instanceKlass jdk/internal/reflect/ClassDefiner$1
instanceKlass jdk/internal/reflect/ClassDefiner
instanceKlass jdk/internal/reflect/MethodAccessorGenerator$1
instanceKlass jdk/internal/reflect/Label$PatchInfo
instanceKlass jdk/internal/reflect/Label
instanceKlass jdk/internal/reflect/UTF8
instanceKlass jdk/internal/reflect/ClassFileAssembler
instanceKlass jdk/internal/reflect/ByteVectorImpl
instanceKlass jdk/internal/reflect/ByteVector
instanceKlass jdk/internal/reflect/ByteVectorFactory
instanceKlass jdk/internal/reflect/AccessorGenerator
instanceKlass jdk/internal/reflect/ClassFileConstants
instanceKlass sun/reflect/misc/ReflectUtil
instanceKlass com/android/sdklib/repository/sources/generated/v4/package-info
instanceKlass com/android/sdklib/repository/sources/generated/v4/ObjectFactory
instanceKlass com/android/sdklib/repository/sources/generated/v3/package-info
instanceKlass com/android/sdklib/repository/sources/generated/v3/ObjectFactory
instanceKlass com/android/sdklib/repository/sources/generated/v2/package-info
instanceKlass com/android/sdklib/repository/sources/RemoteSiteType$SysImgSiteType
instanceKlass com/android/sdklib/repository/sources/generated/v2/ObjectFactory
instanceKlass com/android/sdklib/repository/sources/generated/v1/package-info
instanceKlass com/android/sdklib/repository/sources/RemoteSiteType$AddonSiteType
instanceKlass com/android/repository/api/RemoteSource
instanceKlass com/android/repository/api/RepositorySource
instanceKlass com/android/repository/impl/sources/RemoteListSourceProviderImpl$SiteList
instanceKlass com/android/sdklib/repository/sources/generated/v1/ObjectFactory
instanceKlass com/android/sdklib/repository/sources/RemoteSiteType
instanceKlass com/android/repository/api/FallbackLocalRepoLoader
instanceKlass com/android/repository/api/FallbackRemoteRepoLoader
instanceKlass com/android/repository/api/RepositorySourceProvider
instanceKlass com/android/sdklib/repository/AndroidSdkHandler$RepoConfig
instanceKlass com/android/sdklib/repository/legacy/remote/internal/DownloadCache
instanceKlass com/android/sdklib/repository/legacy/LegacyDownloader
instanceKlass com/google/common/base/Preconditions
instanceKlass com/android/repository/io/FileOp
instanceKlass com/android/repository/io/FileOpUtils
instanceKlass sun/nio/fs/WindowsPath$1
instanceKlass com/android/ProgressManagerAdapter
instanceKlass java/nio/file/FileVisitor
instanceKlass com/android/io/CancellableFileIo
instanceKlass com/android/prefs/QueryResult
instanceKlass kotlin/collections/EmptyList
instanceKlass kotlin/collections/CollectionsKt___CollectionsKt$asSequence$$inlined$Sequence$1
instanceKlass kotlin/collections/CollectionsKt__CollectionsJVMKt
instanceKlass com/android/prefs/VariableValue
instanceKlass com/android/prefs/LocationValue
instanceKlass com/android/prefs/PathLocator$WhenMappings
instanceKlass kotlin/jvm/internal/ArrayIterator
instanceKlass kotlin/jvm/internal/ArrayIteratorKt
instanceKlass kotlin/sequences/TransformingSequence$iterator$1
instanceKlass kotlin/sequences/FlatteningSequence$iterator$1
instanceKlass kotlin/jvm/internal/markers/KMappedMarker
instanceKlass kotlin/jvm/internal/CallableReference$NoReceiver
instanceKlass kotlin/reflect/KDeclarationContainer
instanceKlass kotlin/jvm/internal/CallableReference
instanceKlass kotlin/reflect/KFunction
instanceKlass kotlin/reflect/KCallable
instanceKlass kotlin/reflect/KAnnotatedElement
instanceKlass kotlin/sequences/FlatteningSequence
instanceKlass kotlin/sequences/TransformingSequence
instanceKlass kotlin/sequences/SequencesKt__SequenceBuilderKt
instanceKlass kotlin/jvm/internal/Lambda
instanceKlass kotlin/jvm/internal/FunctionBase
instanceKlass kotlin/jvm/functions/Function1
instanceKlass kotlin/Function
instanceKlass kotlin/collections/ArraysKt___ArraysKt$asSequence$$inlined$Sequence$1
instanceKlass kotlin/sequences/Sequence
instanceKlass kotlin/collections/ArraysKt__ArraysJVMKt
instanceKlass com/android/prefs/PathLocator
instanceKlass com/android/sdklib/repository/AndroidSdkHandler$$Lambda$19
instanceKlass java/nio/file/Paths
instanceKlass com/android/sdklib/repository/generated/common/v3/package-info
instanceKlass com/android/sdklib/repository/generated/common/v2/package-info
instanceKlass com/android/sdklib/repository/generated/common/v1/package-info
instanceKlass com/android/sdklib/repository/meta/Library
instanceKlass com/android/sdklib/OptionalLibrary
instanceKlass com/android/sdklib/repository/IdDisplay
instanceKlass com/android/sdklib/repository/meta/SdkCommonFactory
instanceKlass com/android/sdklib/repository/generated/sysimg/v3/package-info
instanceKlass com/android/sdklib/repository/generated/sysimg/v2/package-info
instanceKlass com/android/sdklib/repository/generated/sysimg/v1/package-info
instanceKlass com/android/sdklib/repository/meta/DetailsTypes$SysImgDetailsType
instanceKlass com/android/sdklib/repository/meta/SysImgFactory
instanceKlass com/android/sdklib/repository/generated/repository/v3/package-info
instanceKlass com/android/sdklib/repository/generated/repository/v2/package-info
instanceKlass com/android/sdklib/repository/generated/repository/v1/package-info
instanceKlass com/android/sdklib/repository/meta/DetailsTypes$SourceDetailsType
instanceKlass com/android/sdklib/repository/meta/DetailsTypes$PlatformDetailsType$LayoutlibType
instanceKlass com/android/sdklib/repository/meta/DetailsTypes$PlatformDetailsType
instanceKlass com/android/sdklib/repository/meta/RepoFactory
instanceKlass com/android/sdklib/repository/generated/addon/v3/package-info
instanceKlass com/android/sdklib/repository/generated/addon/v2/package-info
instanceKlass java/lang/Class$AnnotationData
instanceKlass java/lang/annotation/Target
instanceKlass java/lang/reflect/Proxy$ProxyBuilder$1
instanceKlass java/lang/reflect/ProxyGenerator$ExceptionTableEntry
instanceKlass java/lang/reflect/ProxyGenerator$PrimitiveTypeInfo
instanceKlass java/lang/reflect/ProxyGenerator$FieldInfo
instanceKlass java/lang/reflect/ProxyGenerator$ConstantPool$Entry
instanceKlass java/lang/reflect/ProxyGenerator$MethodInfo
instanceKlass java/lang/reflect/ProxyGenerator$ProxyMethod
instanceKlass java/lang/reflect/ProxyGenerator$ConstantPool
instanceKlass java/lang/reflect/ProxyGenerator
instanceKlass java/lang/reflect/Proxy$$Lambda$18
instanceKlass java/util/LinkedHashMap$LinkedHashIterator
instanceKlass java/lang/PublicMethods
instanceKlass java/util/Collections$1
instanceKlass java/lang/reflect/Proxy$ProxyBuilder
instanceKlass jdk/internal/loader/AbstractClassLoaderValue$Memoizer
instanceKlass java/lang/reflect/Proxy$$Lambda$17
instanceKlass java/lang/reflect/Proxy
instanceKlass sun/reflect/annotation/AnnotationInvocationHandler
instanceKlass java/lang/reflect/InvocationHandler
instanceKlass sun/reflect/annotation/AnnotationParser$1
instanceKlass java/lang/annotation/Inherited
instanceKlass java/lang/annotation/Retention
instanceKlass sun/reflect/annotation/AnnotationParser$$Lambda$16
instanceKlass java/lang/Class$3
instanceKlass sun/reflect/annotation/ExceptionProxy
instanceKlass javax/xml/bind/annotation/XmlNs
instanceKlass sun/reflect/annotation/AnnotationType$1
instanceKlass sun/reflect/annotation/AnnotationType
instanceKlass java/lang/reflect/GenericArrayType
instanceKlass sun/reflect/generics/visitor/Reifier
instanceKlass sun/reflect/generics/visitor/TypeTreeVisitor
instanceKlass sun/reflect/generics/factory/CoreReflectionFactory
instanceKlass sun/reflect/generics/factory/GenericsFactory
instanceKlass sun/reflect/generics/scope/AbstractScope
instanceKlass sun/reflect/generics/scope/Scope
instanceKlass sun/reflect/generics/tree/ClassTypeSignature
instanceKlass sun/reflect/generics/tree/SimpleClassTypeSignature
instanceKlass sun/reflect/generics/tree/FieldTypeSignature
instanceKlass sun/reflect/generics/tree/BaseType
instanceKlass sun/reflect/generics/tree/TypeSignature
instanceKlass sun/reflect/generics/tree/ReturnType
instanceKlass sun/reflect/generics/tree/TypeArgument
instanceKlass sun/reflect/generics/tree/TypeTree
instanceKlass sun/reflect/generics/tree/Tree
instanceKlass sun/reflect/generics/parser/SignatureParser
instanceKlass sun/reflect/annotation/AnnotationParser
instanceKlass com/android/sdklib/repository/generated/addon/v1/package-info
instanceKlass java/lang/Package$$Lambda$15
instanceKlass javax/xml/bind/annotation/XmlSchema
instanceKlass com/android/repository/api/SchemaModule$SchemaModuleVersion
instanceKlass javax/xml/namespace/QName
instanceKlass com/android/sdklib/repository/meta/DetailsTypes$ExtraDetailsType
instanceKlass com/android/sdklib/repository/meta/DetailsTypes$AddonDetailsType
instanceKlass com/android/sdklib/repository/meta/DetailsTypes$ApiDetailsType
instanceKlass com/android/sdklib/repository/meta/DetailsTypes$AddonDetailsType$Libraries
instanceKlass com/android/sdklib/repository/meta/AddonFactory
instanceKlass java/util/Formatter$Conversion
instanceKlass java/util/Formatter$Flags
instanceKlass java/util/Formatter$FormatSpecifier
instanceKlass java/util/Formatter$FixedString
instanceKlass java/util/Formatter$FormatString
instanceKlass java/util/regex/ASCII
instanceKlass java/util/regex/CharPredicates$$Lambda$14
instanceKlass java/util/regex/CharPredicates
instanceKlass java/util/Formatter
instanceKlass java/util/regex/IntHashSet
instanceKlass java/util/regex/Matcher
instanceKlass java/util/regex/MatchResult
instanceKlass java/util/regex/Pattern$TreeInfo
instanceKlass java/util/regex/Pattern$BmpCharPredicate$$Lambda$13
instanceKlass java/util/regex/Pattern$$Lambda$12
instanceKlass java/util/regex/Pattern$$Lambda$11
instanceKlass java/util/regex/Pattern$BitClass$$Lambda$10
instanceKlass java/util/regex/Pattern$$Lambda$9
instanceKlass jdk/internal/org/objectweb/asm/FieldVisitor
instanceKlass java/util/regex/Pattern$BmpCharPredicate
instanceKlass java/util/regex/Pattern$$Lambda$8
instanceKlass java/util/regex/Pattern$CharPredicate
instanceKlass java/util/regex/Pattern$Node
instanceKlass java/util/regex/Pattern
instanceKlass com/google/common/collect/Maps$EntryTransformer
instanceKlass com/google/common/collect/SortedMapDifference
instanceKlass com/google/common/collect/MapDifference
instanceKlass com/google/common/collect/BiMap
instanceKlass com/google/common/base/Converter
instanceKlass java/util/NavigableSet
instanceKlass java/util/SortedSet
instanceKlass com/google/common/collect/UnmodifiableIterator
instanceKlass com/google/common/collect/ImmutableMap
instanceKlass com/google/common/base/Function
instanceKlass com/google/common/collect/Maps
instanceKlass com/android/repository/api/SchemaModule
instanceKlass com/android/sdklib/repository/AndroidSdkHandler
instanceKlass com/android/utils/StdLogger
instanceKlass com/android/utils/ILogger
instanceKlass kotlin/jvm/internal/Intrinsics
instanceKlass com/android/utils/EnvironmentProvider$DirectEnvironmentProvider
instanceKlass com/android/utils/EnvironmentProvider
instanceKlass com/android/prefs/AbstractAndroidLocations$Companion
instanceKlass com/android/prefs/AbstractAndroidLocations
instanceKlass sun/nio/fs/WindowsDirectoryStream
instanceKlass java/nio/file/DirectoryStream
instanceKlass java/util/Collections$EmptyIterator
instanceKlass sun/nio/fs/WindowsChannelFactory$Flags
instanceKlass sun/nio/fs/WindowsChannelFactory$1
instanceKlass sun/nio/fs/WindowsChannelFactory
instanceKlass java/util/LinkedList$ListItr
instanceKlass java/util/LinkedList$Node
instanceKlass com/android/repository/api/ProgressIndicatorAdapter
instanceKlass java/util/TreeMap$Entry
instanceKlass java/lang/ProcessEnvironment$CheckedEntry
instanceKlass java/lang/ProcessEnvironment$CheckedEntrySet$1
instanceKlass java/util/NavigableMap
instanceKlass java/util/SortedMap
instanceKlass java/lang/ProcessEnvironment$EntryComparator
instanceKlass java/lang/ProcessEnvironment$NameComparator
instanceKlass com/android/sdklib/tool/sdkmanager/ListAction$$Lambda$7
instanceKlass com/android/sdklib/tool/sdkmanager/ListAction$$Lambda$6
instanceKlass com/android/sdklib/tool/sdkmanager/ShowVersionAction$$Lambda$5
instanceKlass com/android/sdklib/tool/sdkmanager/UpdateAction$$Lambda$4
instanceKlass com/android/sdklib/tool/sdkmanager/LicensesAction$$Lambda$3
instanceKlass com/android/sdklib/tool/sdkmanager/UninstallAction$$Lambda$2
instanceKlass java/lang/invoke/LambdaForm$MH
instanceKlass java/lang/invoke/InvokerBytecodeGenerator$CpPatch
instanceKlass java/lang/invoke/LambdaFormBuffer
instanceKlass java/lang/invoke/LambdaFormEditor
instanceKlass java/lang/invoke/DelegatingMethodHandle$Holder
instanceKlass sun/invoke/util/Wrapper$1
instanceKlass java/lang/invoke/DirectMethodHandle$1
instanceKlass sun/invoke/empty/Empty
instanceKlass sun/invoke/util/VerifyType
instanceKlass java/lang/invoke/ClassSpecializer$Factory
instanceKlass java/lang/invoke/ClassSpecializer$SpeciesData
instanceKlass java/lang/invoke/ClassSpecializer$1
instanceKlass java/lang/invoke/ClassSpecializer
instanceKlass java/lang/invoke/InnerClassLambdaMetafactory$1
instanceKlass com/android/sdklib/tool/sdkmanager/InstallAction$$Lambda$1
instanceKlass jdk/internal/org/objectweb/asm/AnnotationVisitor
instanceKlass jdk/internal/org/objectweb/asm/Frame
instanceKlass jdk/internal/org/objectweb/asm/Label
instanceKlass jdk/internal/org/objectweb/asm/MethodVisitor
instanceKlass jdk/internal/org/objectweb/asm/Item
instanceKlass jdk/internal/org/objectweb/asm/ByteVector
instanceKlass jdk/internal/org/objectweb/asm/ClassVisitor
instanceKlass sun/invoke/util/BytecodeDescriptor
instanceKlass java/lang/invoke/InfoFromMemberName
instanceKlass java/lang/invoke/MethodHandleInfo
instanceKlass sun/security/action/GetBooleanAction
instanceKlass jdk/internal/org/objectweb/asm/Type
instanceKlass java/lang/invoke/AbstractValidatingLambdaMetafactory
instanceKlass java/lang/invoke/MethodHandleImpl$1
instanceKlass jdk/internal/misc/JavaLangInvokeAccess
instanceKlass java/lang/invoke/Invokers$Holder
instanceKlass java/lang/invoke/BootstrapMethodInvoker
instanceKlass java/lang/invoke/InvokerBytecodeGenerator$2
instanceKlass java/lang/invoke/InvokerBytecodeGenerator
instanceKlass java/lang/invoke/LambdaForm$Holder
instanceKlass java/lang/invoke/LambdaForm$Name
instanceKlass java/lang/invoke/Invokers
instanceKlass java/lang/invoke/MethodHandleImpl
instanceKlass sun/invoke/util/ValueConversions
instanceKlass java/lang/invoke/DirectMethodHandle$Holder
instanceKlass java/lang/invoke/LambdaForm$NamedFunction
instanceKlass java/lang/invoke/LambdaMetafactory
instanceKlass com/google/common/collect/Multimap
instanceKlass com/android/repository/api/PackageOperation
instanceKlass com/android/repository/api/RepoPackage
instanceKlass java/net/SocketAddress
instanceKlass java/io/Reader
instanceKlass com/android/repository/api/ProgressIndicator
instanceKlass com/android/sdklib/tool/sdkmanager/SdkAction
instanceKlass com/android/sdklib/tool/sdkmanager/SdkManagerCliSettings
instanceKlass java/lang/PublicMethods$Key
instanceKlass java/lang/PublicMethods$MethodList
instanceKlass com/android/repository/api/Downloader
instanceKlass com/android/repository/api/SettingsController
instanceKlass com/android/prefs/AndroidLocationsProvider
instanceKlass com/android/sdklib/tool/sdkmanager/SdkManagerCli
instanceKlass java/security/SecureClassLoader$DebugHolder
instanceKlass java/security/Permissions$1
instanceKlass java/security/PermissionCollection
instanceKlass java/security/SecureClassLoader$1
instanceKlass java/security/SecureClassLoader$CodeSourceKey
instanceKlass java/util/zip/Checksum$1
instanceKlass java/util/zip/CRC32
instanceKlass java/util/zip/Checksum
instanceKlass sun/nio/ByteBuffered
instanceKlass java/util/zip/ZipFile$InflaterCleanupAction
instanceKlass java/util/zip/Inflater$InflaterZStreamRef
instanceKlass java/util/zip/Inflater
instanceKlass java/lang/Package$VersionInfo
instanceKlass java/lang/NamedPackage
instanceKlass jdk/internal/loader/Resource
instanceKlass java/util/StringTokenizer
instanceKlass java/util/jar/Attributes$Name
instanceKlass java/util/jar/Attributes
instanceKlass java/security/CodeSigner
instanceKlass sun/security/util/Debug
instanceKlass java/util/jar/JarVerifier
instanceKlass java/util/zip/ZipEntry
instanceKlass java/util/jar/JarFile$1
instanceKlass jdk/internal/util/jar/JarIndex
instanceKlass java/nio/Bits$1
instanceKlass jdk/internal/misc/JavaNioAccess$BufferPool
instanceKlass java/nio/Bits
instanceKlass sun/nio/ch/DirectBuffer
instanceKlass jdk/internal/perf/PerfCounter$CoreCounters
instanceKlass jdk/internal/perf/Perf
instanceKlass jdk/internal/perf/Perf$GetPerfAction
instanceKlass jdk/internal/perf/PerfCounter
instanceKlass java/util/zip/ZipUtils
instanceKlass java/util/zip/ZipFile$Source$End
instanceKlass sun/invoke/util/Wrapper$Format
instanceKlass java/lang/invoke/MethodTypeForm
instanceKlass java/lang/invoke/MethodType$ConcurrentWeakInternSet
instanceKlass java/lang/Void
instanceKlass java/lang/invoke/VarForm
instanceKlass java/lang/invoke/VarHandleGuards
instanceKlass jdk/internal/util/Preconditions$1
instanceKlass java/util/function/BiFunction
instanceKlass java/lang/invoke/VarHandle$1
instanceKlass java/lang/invoke/VarHandles
instanceKlass sun/invoke/util/VerifyAccess
instanceKlass java/lang/invoke/MethodHandles$Lookup
instanceKlass java/security/Permission
instanceKlass java/security/Guard
instanceKlass java/lang/invoke/MemberName$Factory
instanceKlass java/lang/invoke/MethodHandles
instanceKlass java/util/concurrent/atomic/AtomicBoolean
instanceKlass java/io/RandomAccessFile$2
instanceKlass jdk/internal/misc/JavaIORandomAccessFileAccess
instanceKlass java/io/RandomAccessFile
instanceKlass java/io/DataInput
instanceKlass java/io/DataOutput
instanceKlass java/nio/file/attribute/FileTime
instanceKlass sun/nio/fs/WindowsNativeDispatcher$CompletionStatus
instanceKlass sun/nio/fs/WindowsNativeDispatcher$AclInformation
instanceKlass sun/nio/fs/WindowsNativeDispatcher$Account
instanceKlass sun/nio/fs/WindowsNativeDispatcher$DiskFreeSpace
instanceKlass sun/nio/fs/WindowsNativeDispatcher$VolumeInformation
instanceKlass sun/nio/fs/WindowsNativeDispatcher$FirstStream
instanceKlass sun/nio/fs/WindowsNativeDispatcher$FirstFile
instanceKlass java/util/Enumeration
instanceKlass java/util/ArrayDeque$DeqIterator
instanceKlass java/lang/ClassLoader$NativeLibrary
instanceKlass java/lang/ClassLoader$2
instanceKlass sun/nio/fs/WindowsNativeDispatcher$1
instanceKlass sun/nio/fs/WindowsNativeDispatcher
instanceKlass sun/nio/fs/NativeBuffer$Deallocator
instanceKlass sun/nio/fs/NativeBuffer
instanceKlass sun/nio/fs/NativeBuffers
instanceKlass sun/nio/fs/WindowsFileAttributes
instanceKlass java/nio/file/attribute/DosFileAttributes
instanceKlass sun/nio/fs/AbstractBasicFileAttributeView
instanceKlass sun/nio/fs/DynamicFileAttributeView
instanceKlass sun/nio/fs/WindowsFileAttributeViews
instanceKlass sun/nio/fs/Util
instanceKlass java/nio/file/attribute/BasicFileAttributeView
instanceKlass java/nio/file/attribute/FileAttributeView
instanceKlass java/nio/file/attribute/AttributeView
instanceKlass java/nio/file/Files
instanceKlass java/nio/file/CopyOption
instanceKlass java/nio/file/attribute/BasicFileAttributes
instanceKlass sun/nio/fs/WindowsPath
instanceKlass java/nio/file/Path
instanceKlass java/nio/file/Watchable
instanceKlass java/net/URI$Parser
instanceKlass sun/nio/fs/WindowsPathParser$Result
instanceKlass sun/nio/fs/WindowsPathParser
instanceKlass java/util/Arrays$ArrayItr
instanceKlass java/nio/file/FileSystem
instanceKlass java/nio/file/OpenOption
instanceKlass java/nio/file/spi/FileSystemProvider
instanceKlass sun/nio/fs/DefaultFileSystemProvider
instanceKlass java/nio/file/FileSystems$DefaultFileSystemHolder$1
instanceKlass java/nio/file/FileSystems$DefaultFileSystemHolder
instanceKlass java/nio/file/FileSystems
instanceKlass java/util/zip/ZipFile$Source$Key
instanceKlass java/util/zip/ZipFile$Source
instanceKlass java/lang/ref/Cleaner$Cleanable
instanceKlass jdk/internal/ref/CleanerImpl
instanceKlass java/lang/ref/Cleaner$1
instanceKlass java/lang/ref/Cleaner
instanceKlass jdk/internal/ref/CleanerFactory$1
instanceKlass java/util/concurrent/ThreadFactory
instanceKlass jdk/internal/ref/CleanerFactory
instanceKlass java/util/zip/ZipFile$CleanableResource
instanceKlass java/util/zip/ZipCoder
instanceKlass java/lang/Runtime$Version
instanceKlass java/util/jar/JavaUtilJarAccessImpl
instanceKlass jdk/internal/misc/JavaUtilJarAccess
instanceKlass java/nio/charset/CoderResult
instanceKlass sun/nio/cs/ThreadLocalCoders$Cache
instanceKlass sun/nio/cs/ThreadLocalCoders
instanceKlass java/lang/Readable
instanceKlass jdk/internal/loader/FileURLMapper
instanceKlass jdk/internal/loader/URLClassPath$JarLoader$1
instanceKlass java/util/zip/ZipFile$1
instanceKlass jdk/internal/misc/JavaUtilZipFileAccess
instanceKlass java/util/zip/ZipFile
instanceKlass java/util/zip/ZipConstants
instanceKlass jdk/internal/loader/URLClassPath$Loader
instanceKlass jdk/internal/loader/URLClassPath$3
instanceKlass java/security/PrivilegedExceptionAction
instanceKlass sun/util/locale/InternalLocaleBuilder$CaseInsensitiveChar
instanceKlass sun/util/locale/InternalLocaleBuilder
instanceKlass sun/util/locale/LocaleUtils
instanceKlass sun/util/locale/BaseLocale$Key
instanceKlass sun/util/locale/BaseLocale
instanceKlass sun/util/locale/LocaleObjectCache
instanceKlass java/util/Locale
instanceKlass sun/net/util/URLUtil
instanceKlass java/lang/StringCoding$Result
instanceKlass java/nio/charset/CharsetDecoder
instanceKlass sun/nio/cs/ArrayDecoder
instanceKlass java/lang/StringCoding$StringDecoder
instanceKlass java/lang/ThreadLocal$ThreadLocalMap
instanceKlass java/lang/StringCoding
instanceKlass sun/nio/cs/SingleByte
instanceKlass java/nio/charset/StandardCharsets
instanceKlass sun/launcher/LauncherHelper
instanceKlass jdk/internal/module/IllegalAccessLogger
instanceKlass jdk/internal/module/ModuleBootstrap$2
instanceKlass jdk/internal/module/IllegalAccessLogger$Builder
instanceKlass java/lang/ModuleLayer$Controller
instanceKlass java/util/HashMap$HashIterator
instanceKlass jdk/internal/module/ServicesCatalog$ServiceProvider
instanceKlass java/util/concurrent/CopyOnWriteArrayList
instanceKlass java/util/Collections$UnmodifiableCollection$1
instanceKlass java/util/Collections$UnmodifiableCollection
instanceKlass java/util/ArrayList$Itr
instanceKlass java/util/ImmutableCollections$ListItr
instanceKlass java/util/ListIterator
instanceKlass java/lang/ModuleLayer
instanceKlass jdk/internal/module/ModuleLoaderMap$Mapper
instanceKlass java/util/function/Function
instanceKlass jdk/internal/module/ModuleLoaderMap
instanceKlass java/util/ImmutableCollections$Set12$1
instanceKlass java/util/ImmutableCollections$MapN$MapNIterator
instanceKlass java/util/AbstractMap$1$1
instanceKlass java/lang/module/ResolvedModule
instanceKlass java/lang/module/Configuration
instanceKlass java/util/ImmutableCollections$SetN$SetNIterator
instanceKlass jdk/internal/loader/BuiltinClassLoader$LoadedModule
instanceKlass jdk/internal/util/Preconditions
instanceKlass java/util/Deque
instanceKlass java/util/Queue
instanceKlass sun/net/util/IPAddressUtil
instanceKlass java/lang/Class$1
instanceKlass java/lang/reflect/ReflectAccess
instanceKlass jdk/internal/reflect/LangReflectAccess
instanceKlass java/lang/reflect/Modifier
instanceKlass java/lang/Class$Atomic
instanceKlass java/lang/Class$ReflectionData
instanceKlass java/net/URLStreamHandler
instanceKlass java/lang/StringUTF16
instanceKlass sun/net/www/ParseUtil
instanceKlass java/io/ExpiringCache$Entry
instanceKlass java/net/URL$3
instanceKlass jdk/internal/misc/JavaNetURLAccess
instanceKlass java/net/URL$DefaultFactory
instanceKlass java/net/URLStreamHandlerFactory
instanceKlass jdk/internal/loader/URLClassPath
instanceKlass java/security/Principal
instanceKlass java/security/ProtectionDomain$Key
instanceKlass java/security/ProtectionDomain$JavaSecurityAccessImpl
instanceKlass jdk/internal/misc/JavaSecurityAccess
instanceKlass java/lang/ClassLoader$ParallelLoaders
instanceKlass jdk/internal/reflect/Reflection
instanceKlass jdk/internal/loader/AbstractClassLoaderValue
instanceKlass jdk/internal/module/ServicesCatalog
instanceKlass jdk/internal/loader/BootLoader
instanceKlass java/util/Optional
instanceKlass jdk/internal/module/ModuleBootstrap$Counters
instanceKlass jdk/internal/module/SystemModuleFinders$SystemModuleFinder
instanceKlass java/lang/module/ModuleFinder
instanceKlass jdk/internal/module/SystemModuleFinders$3
instanceKlass jdk/internal/module/ModuleHashes$HashSupplier
instanceKlass java/util/KeyValueHolder
instanceKlass jdk/internal/module/SystemModuleFinders$2
instanceKlass java/util/function/Supplier
instanceKlass java/lang/module/ModuleReference
instanceKlass jdk/internal/module/ModuleResolution
instanceKlass java/util/Collections$UnmodifiableMap
instanceKlass java/util/HashMap$Node
instanceKlass jdk/internal/module/ModuleHashes$Builder
instanceKlass jdk/internal/module/ModuleHashes
instanceKlass jdk/internal/module/ModuleTarget
instanceKlass java/lang/Enum
instanceKlass java/lang/module/ModuleDescriptor$Version
instanceKlass java/lang/module/ModuleDescriptor$Provides
instanceKlass java/lang/module/ModuleDescriptor$Opens
instanceKlass java/lang/module/ModuleDescriptor$Exports
instanceKlass java/lang/module/ModuleDescriptor$Requires
instanceKlass jdk/internal/module/Builder
instanceKlass jdk/internal/module/SystemModules$default
instanceKlass jdk/internal/module/SystemModules
instanceKlass jdk/internal/module/SystemModulesMap
instanceKlass java/net/URI$1
instanceKlass jdk/internal/misc/JavaNetUriAccess
instanceKlass java/net/URI
instanceKlass jdk/internal/module/SystemModuleFinders
instanceKlass jdk/internal/module/ArchivedModuleGraph
instanceKlass jdk/internal/module/ModulePatcher
instanceKlass java/util/ImmutableCollections
instanceKlass java/lang/module/ModuleDescriptor$1
instanceKlass jdk/internal/misc/JavaLangModuleAccess
instanceKlass java/lang/module/ModuleDescriptor
instanceKlass jdk/internal/module/ModuleBootstrap
instanceKlass java/lang/CharacterData
instanceKlass java/lang/invoke/MethodHandleStatics
instanceKlass java/io/ExpiringCache
instanceKlass java/io/FileSystem
instanceKlass java/io/DefaultFileSystem
instanceKlass java/io/File
instanceKlass java/lang/System$2
instanceKlass jdk/internal/misc/JavaLangAccess
instanceKlass sun/io/Win32ErrorMode
instanceKlass jdk/internal/misc/OSEnvironment
instanceKlass java/lang/Integer$IntegerCache
instanceKlass jdk/internal/misc/Signal$NativeHandler
instanceKlass java/util/Hashtable$Entry
instanceKlass jdk/internal/misc/Signal
instanceKlass java/lang/Terminator$1
instanceKlass jdk/internal/misc/Signal$Handler
instanceKlass java/lang/Terminator
instanceKlass java/nio/ByteOrder
instanceKlass java/nio/Buffer$1
instanceKlass jdk/internal/misc/JavaNioAccess
instanceKlass java/util/Arrays
instanceKlass java/nio/charset/CodingErrorAction
instanceKlass java/nio/charset/CharsetEncoder
instanceKlass sun/nio/cs/HistoricallyNamedCharset
instanceKlass sun/security/action/GetPropertyAction
instanceKlass java/lang/ThreadLocal
instanceKlass java/nio/charset/spi/CharsetProvider
instanceKlass java/nio/charset/Charset
instanceKlass java/io/Writer
instanceKlass java/io/OutputStream
instanceKlass java/io/Flushable
instanceKlass java/io/FileDescriptor$1
instanceKlass jdk/internal/misc/JavaIOFileDescriptorAccess
instanceKlass java/io/FileDescriptor
instanceKlass java/lang/VersionProps
instanceKlass jdk/internal/util/StaticProperty
instanceKlass java/lang/Math
instanceKlass java/util/concurrent/ConcurrentHashMap$MapEntry
instanceKlass java/util/concurrent/ConcurrentHashMap$Traverser
instanceKlass java/lang/reflect/Array
instanceKlass java/util/Collections$SynchronizedCollection
instanceKlass java/util/List
instanceKlass java/util/RandomAccess
instanceKlass java/util/Collections
instanceKlass java/util/concurrent/ConcurrentHashMap$CollectionView
instanceKlass java/util/Properties$EntrySet
instanceKlass java/lang/StringLatin1
instanceKlass jdk/internal/misc/VM
instanceKlass jdk/internal/misc/SharedSecrets
instanceKlass java/lang/ref/Reference$1
instanceKlass jdk/internal/misc/JavaLangRefAccess
instanceKlass java/lang/ref/ReferenceQueue$Lock
instanceKlass java/lang/ref/ReferenceQueue
instanceKlass jdk/internal/reflect/ReflectionFactory
instanceKlass java/util/concurrent/locks/LockSupport
instanceKlass java/util/concurrent/ConcurrentHashMap$Node
instanceKlass java/util/Map$Entry
instanceKlass java/util/concurrent/ConcurrentHashMap$CounterCell
instanceKlass java/util/concurrent/locks/ReentrantLock
instanceKlass java/util/concurrent/locks/Lock
instanceKlass java/lang/Runtime
instanceKlass java/util/concurrent/ConcurrentMap
instanceKlass java/util/AbstractMap
instanceKlass java/security/cert/Certificate
instanceKlass jdk/internal/reflect/ReflectionFactory$GetReflectionFactoryAction
instanceKlass java/security/PrivilegedAction
instanceKlass java/util/Objects
instanceKlass java/util/AbstractCollection
instanceKlass java/util/Set
instanceKlass java/util/Collection
instanceKlass java/lang/Iterable
instanceKlass java/security/AccessController
instanceKlass java/lang/String$CaseInsensitiveComparator
instanceKlass java/util/Comparator
instanceKlass java/io/ObjectStreamField
instanceKlass java/util/Iterator
instanceKlass java/lang/Number
instanceKlass java/lang/Character
instanceKlass java/lang/Boolean
instanceKlass java/util/concurrent/locks/AbstractOwnableSynchronizer
instanceKlass java/lang/LiveStackFrame
instanceKlass java/lang/StackFrameInfo
instanceKlass java/lang/StackWalker$StackFrame
instanceKlass java/lang/StackStreamFactory$AbstractStackWalker
instanceKlass java/lang/StackWalker
instanceKlass java/nio/Buffer
instanceKlass java/lang/StackTraceElement
instanceKlass java/security/CodeSource
instanceKlass jdk/internal/loader/ClassLoaders
instanceKlass java/util/jar/Manifest
instanceKlass java/net/URL
instanceKlass java/io/InputStream
instanceKlass java/io/Closeable
instanceKlass java/lang/AutoCloseable
instanceKlass jdk/internal/module/Modules
instanceKlass jdk/internal/misc/Unsafe
instanceKlass java/lang/AbstractStringBuilder
instanceKlass java/lang/Appendable
instanceKlass java/lang/AssertionStatusDirectives
instanceKlass java/lang/invoke/MethodHandleNatives$CallSiteContext
instanceKlass java/lang/invoke/CallSite
instanceKlass java/lang/invoke/MethodType
instanceKlass java/lang/invoke/LambdaForm
instanceKlass java/lang/invoke/MethodHandleNatives
instanceKlass java/lang/invoke/ResolvedMethodName
instanceKlass java/lang/invoke/MemberName
instanceKlass java/lang/invoke/VarHandle
instanceKlass java/lang/invoke/MethodHandle
instanceKlass jdk/internal/reflect/CallerSensitive
instanceKlass java/lang/annotation/Annotation
instanceKlass jdk/internal/reflect/FieldAccessor
instanceKlass jdk/internal/reflect/ConstantPool
instanceKlass jdk/internal/reflect/ConstructorAccessor
instanceKlass jdk/internal/reflect/MethodAccessor
instanceKlass jdk/internal/reflect/MagicAccessorImpl
instanceKlass java/lang/reflect/Parameter
instanceKlass java/lang/reflect/Member
instanceKlass java/lang/reflect/AccessibleObject
instanceKlass java/lang/Module
instanceKlass java/util/Dictionary
instanceKlass java/util/Map
instanceKlass java/lang/ThreadGroup
instanceKlass java/lang/Thread$UncaughtExceptionHandler
instanceKlass java/lang/Thread
instanceKlass java/lang/Runnable
instanceKlass java/lang/ref/Reference
instanceKlass java/security/AccessControlContext
instanceKlass java/security/ProtectionDomain
instanceKlass java/lang/SecurityManager
instanceKlass java/lang/Throwable
instanceKlass java/lang/System
instanceKlass java/lang/ClassLoader
instanceKlass java/lang/Cloneable
instanceKlass java/lang/Class
instanceKlass java/lang/reflect/Type
instanceKlass java/lang/reflect/GenericDeclaration
instanceKlass java/lang/reflect/AnnotatedElement
instanceKlass java/lang/String
instanceKlass java/lang/CharSequence
instanceKlass java/lang/Comparable
instanceKlass java/io/Serializable
ciInstanceKlass java/lang/Object 1 1 92 100 10 10 10 10 8 10 10 10 10 100 8 10 3 8 10 7 1 1 1 1 1 1 1 1 1 1 1 1 1 1 1 1 1 1 1 1 1 1 1 7 1 1 1 1 1 7 1 1 1 1 1 1 1 7 1 1 1 1 1 1 1 1 12 12 100 12 12 1 12 100 12 12 12 1 1 12 1 12 1 1 1 1 1 1 1 1 1 1 1 1
ciInstanceKlass java/io/Serializable 1 0 7 100 100 1 1 1 1
ciInstanceKlass java/lang/CharSequence 1 1 128 18 100 10 18 10 10 100 11 11 10 11 100 10 10 100 10 10 100 100 1 1 1 1 1 1 1 1 1 1 1 1 1 1 1 1 1 1 1 1 1 1 1 1 1 1 1 1 1 1 1 100 1 1 1 1 1 1 1 15 16 15 16 12 1 100 12 15 100 12 12 1 12 12 100 12 12 1 12 100 12 1 12 1 1 1 10 1 11 1 1 1 1 1 11 1 1 1 1 1 1 1 1 1 1 1 1 1 1 100 1 1 1 100 12 12 12 100 1 1 1 100 1 1 1 100 1 1
ciInstanceKlass java/lang/String 1 1 878 10 8 9 9 9 10 10 10 9 10 7 10 10 10 10 10 100 8 10 10 9 9 8 10 10 10 10 10 10 10 10 10 10 10 10 10 10 10 100 10 10 100 10 10 10 10 10 10 10 10 10 10 10 10 10 10 10 10 10 10 10 10 100 100 10 10 11 11 10 10 10 10 10 10 9 11 10 10 10 10 10 10 10 10 10 10 10 10 10 10 10 10 10 10 10 10 10 10 10 10 10 10 10 10 10 10 10 10 10 10 10 10 10 10 10 11 10 10 10 10 10 10 100 10 7 10 10 10 10 10 8 10 10 100 3 3 7 10 10 10 10 10 11 7 10 10 7 10 10 10 11 11 11 7 10 10 10 10 10 10 10 10 10 10 10 10 10 10 10 10 10 10 10 10 100 100 10 100 10 10 100 10 10 10 7 10 10 10 10 8 10 10 10 8 8 10 10 10 10 10 10 10 100 10 8 10 10 10 7 3 8 8 8 10 10 10 10 10 10 8 8 10 8 8 8 8 8 10 10 10 8 7 10 10 10 7 9 7 10 100 100 1 1 1 1 1 1 1 1 1 1 1 1 1 5 0 1 1 1 1 1 1 1 1 1 3 1 3 1 1 1 1 1 1 1 1 1 1 1 1 1 1 1 1 1 1 1 1 1 1 100 1 1 1 1 100 1 1 1 1 1 1 1 1 1 1 7 1 1 1 100 1 1 1 100 1 1 1 1 1 1 1 1 1 1 1 1 1 1 1 1 1 1 1 1 1 1 1 1 1 1 1 1 1 1 1 1 1 1 1 1 1 1 1 1 1 1 1 1 1 1 1 1 1 1 1 1 1 1 100 1 1 1 1 1 1 1 1 1 1 1 1 1 1 1 1 1 1 1 1 1 1 1 1 1 1 1 1 1 1 1 1 1 1 1 1 1 1 1 1 1 1 1 1 1 1 1 1 1 1 1 1 1 1 1 1 1 1 1 1 1 1 1 1 1 1 1 1 1 1 1 1 1 1 1 1 1 1 1 1 1 1 1 1 1 1 1 1 1 1 1 1 1 1 1 1 100 1 1 1 7 1 1 1 1 1 1 1 1 1 1 1 1 1 1 1 100 1 1 1 1 100 1 1 100 1 1 1 1 1 1 1 1 1 1 1 1 1 1 1 1 1 1 1 1 1 1 1 1 1 1 1 1 1 1 1 1 1 100 1 1 1 1 1 1 1 1 1 1 1 1 1 1 1 1 1 1 1 1 1 12 1 12 12 12 12 12 12 12 7 12 1 7 7 12 12 12 12 1 12 7 12 12 12 12 12 12 12 12 12 12 12 12 12 12 1 12 12 1 12 12 12 12 7 12 12 12 12 12 12 12 12 12 12 1 1 12 12 12 12 12 12 12 12 12 7 12 12 12 12 12 12 12 12 12 12 12 12 12 12 12 12 12 12 12 12 12 12 12 12 12 7 12 12 12 12 7 12 12 12 12 7 12 12 7 12 1 1 12 12 12 1 12 1 1 12 12 12 12 7 12 12 12 1 12 12 7 12 12 12 1 12 7 12 12 12 12 12 12 12 12 12 12 12 1 1 1 12 1 100 12 1 1 12 1 12 12 1 12 12 1 1 12 12 12 100 12 100 12 100 12 1 1 12 12 1 1 1 1 12 12 12 12 1 1 1 1 1 1 1 12 12 12 1 1 12 12 12 1 12 1 1 1 1 1 1 1 1 1 1 1 1 1 1 1 1 1 1 1 1 1 1 1 1 1 1 1 1 1 1 1 1 1 1 1 1 1 1 1 1 1 1 1 1 1 1 1 1 1 1 1 1 1 1 1 1 1 1 1 1 1 1 1 1 1 1 1 1 1 1 1 1 1 1 1 1 1 1 1 1 1 1 1 1 1 1 1 1 1 1 1 1 1 1 1 1 1 1 1 1 1 1 1 1 1 1 1 1 1 1 1 1 1 1 1 1 1 1 1 1 1 1 1 1 1 1 1
staticfield java/lang/String COMPACT_STRINGS Z 1
staticfield java/lang/String serialPersistentFields [Ljava/io/ObjectStreamField; 0 [Ljava/io/ObjectStreamField;
staticfield java/lang/String CASE_INSENSITIVE_ORDER Ljava/util/Comparator; java/lang/String$CaseInsensitiveComparator
ciInstanceKlass java/lang/Class 1 1 1435 10 9 9 7 10 10 8 10 8 8 10 10 10 10 10 10 10 10 10 10 10 8 10 8 8 10 7 8 8 8 10 11 10 10 8 10 10 10 10 9 10 10 10 18 10 7 10 10 10 100 10 9 7 100 8 10 10 10 10 7 10 7 100 10 10 9 10 10 7 10 100 10 10 10 9 10 10 10 9 10 10 100 10 10 10 10 9 8 10 10 10 10 10 10 9 10 7 10 10 10 10 10 10 10 10 10 10 10 10 10 10 10 10 10 10 10 10 100 8 10 10 100 10 100 11 10 10 10 10 10 10 8 10 10 8 9 10 10 10 10 100 9 10 9 10 10 10 8 10 10 10 10 100 10 10 10 10 10 10 10 7 10 10 10 10 10 10 10 10 10 7 10 10 11 10 10 10 10 10 10 100 10 10 10 100 100 10 10 10 10 10 10 10 10 11 10 10 9 10 9 7 10 9 10 7 10 9 10 10 10 10 10 10 10 8 10 10 9 9 10 7 9 10 10 7 10 10 10 10 9 10 9 10 10 9 9 10 10 9 100 10 10 7 10 100 11 9 9 7 10 9 9 10 10 9 7 10 10 10 10 10 10 10 9 10 10 10 10 8 7 10 7 8 8 8 8 10 9 9 10 7 9 7 10 7 10 10 9 8 10 7 10 7 10 9 100 8 10 7 4 10 10 11 10 100 10 10 8 8 10 9 11 7 11 9 10 10 10 9 9 10 10 10 10 10 11 11 11 11 7 11 10 10 7 11 10 10 10 11 11 7 10 10 9 9 10 10 10 10 100 10 10 7 9 100 7 100 100 1 1 1 7 1 1 1 1 1 3 1 3 1 3 1 1 1 1 1 1 1 1 1 1 1 1 1 1 1 1 1 1 1 1 1 1 1 1 1 1 1 1 5 0 1 1 1 1 1 1 1 1 1 1 1 1 1 1 1 100 1 1 1 1 1 1 1 1 1 1 1 1 1 1 1 1 1 1 7 1 1 1 1 1 1 1 1 1 1 1 1 1 1 1 100 1 1 1 1 1 100 1 1 1 1 1 1 1 1 1 100 1 1 1 1 1 1 1 1 1 7 1 1 1 1 1 1 1 1 1 1 1 1 1 1 1 1 1 1 1 1 1 1 1 1 1 1 1 1 1 1 1 1 1 1 1 1 1 7 1 1 1 1 1 1 1 1 100 1 1 1 1 1 1 1 1 1 1 1 1 1 1 1 1 1 100 1 1 1 1 1 1 1 1 1 1 1 1 1 1 1 1 1 1 1 1 1 1 1 1 100 100 1 1 1 1 1 1 1 1 1 1 1 1 1 1 100 1 1 1 1 1 1 1 1 1 1 1 1 1 1 1 1 1 1 1 1 1 1 1 1 1 1 1 1 1 1 1 1 1 1 1 1 1 1 1 1 1 1 1 1 1 1 1 1 1 1 1 1 1 1 1 7 1 1 1 1 1 1 1 1 1 100 100 100 1 1 1 1 1 1 1 1 1 1 1 1 1 1 1 1 1 1 1 1 1 1 1 1 1 1 1 1 1 1 1 1 1 1 1 1 1 1 1 1 1 1 1 1 1 1 1 1 1 1 1 1 1 1 1 1 1 1 1 1 1 1 1 1 1 1 1 1 1 1 1 1 1 1 1 1 1 1 1 1 1 1 7 1 1 1 1 1 1 1 1 1 1 1 1 1 1 1 1 1 1 1 1 1 1 1 1 1 1 1 1 1 1 1 1 100 1 1 1 1 1 1 1 1 1 1 1 1 1 100 1 1 1 1 1 1 7 1 1 1 1 1 1 1 1 1 1 1 1 1 1 1 1 1 1 1 1 1 1 1 1 1 1 1 1 1 1 1 1 1 1 1 1 1 1 1 1 7 1 1 1 1 1 1 1 1 1 1 1 1 1 1 1 1 1 1 1 1 1 1 1 1 1 12 12 12 1 12 1 12 1 1 12 12 12 12 12 12 7 12 12 12 12 1 12 1 1 12 1 1 1 1 12 12 12 1 7 12 12 12 7 12 7 12 12 7 12 12 1 15 16 15 16 12 7 12 1 12 12 7 1 12 12 1 1 1 12 12 12 12 1 12 1 1 12 12 12 12 1 100 12 12 12 12 12 12 12 12 12 1 12 12 12 12 1 12 12 12 12 12 12 12 7 12 12 12 12 12 12 12 12 12 12 12 12 12 12 12 12 12 12 1 1 12 1 12 1 12 100 12 12 12 12 12 1 12 12 1 12 12 12 12 12 1 12 12 12 12 12 1 12 12 12 12 1 12 12 12 12 12 12 12 1 12 12 12 12 12 12 12 1 7 12 12 12 12 100 12 12 12 1 12 12 1 1 12 12 12 12 12 12 100 12 7 12 12 12 12 12 12 1 12 12 1 12 12 100 12 12 12 100 12 12 12 12 1 12 12 12 12 12 1 12 12 12 1 12 12 7 12 7 12 12 12 12 12 12 12 12 12 12 12 1 12 1 12 100 12 12 1 12 12 12 12 12 12 1 12 12 12 12 12 12 12 12 12 1 7 1 1 1 1 12 12 12 12 1 12 1 1 1 12 100 12 12 1 12 1 12 12 1 1 1 12 12 12 1 12 1 1 12 12 12 1 12 12 100 12 7 12 12 12 12 12 12 12 12 12 12 12 12 1 12 7 12 12 1 12 7 12 12 12 12 1 12 12 12 100 12 12 100 12 12 12 1 12 12 1 12 1 1 1 1 1 100 1 1 1 1 1 1 1 1 1 1 1 1 1 1 1 1 1 1 1 1 1 1 1 1 1 1 1 1 1 1 1 1 1 1 1 1 1 1 1 1 10 1 1 1 1 1 1 1 1 1 1 1 1 1 1 1 1 1 1 1 1 1 1 1 1 1 1 1 1 1 1 1 1 1 1 1 1 1 1 1 1 1 1 1 1 1 1 1 1 1 1 1 1 1 1 1 1 1 1 1 1 1 1 1 1 1 1 1 1 1 1 1 1 1 1 1 1 1 1 1 1 1 1 1 1 1 1 1 1 1 1 1 1 1 1 1 1 1 1 1 1 1 1 1 1 1 1 1 1 1 1 1 1 1 1 1 1 1 1 1 1 1 1 1 1 1 1 1 1 1 1 1 1 1 1 1 1 1 1 1 1 1 1 1 1 1 1 1 1 1 1 1 1 1 1 1 1 1 1 1 1 1 1 1 1 1 1 1 1 1 1 1 1 1 1 1 100 12 1 1 100 1 1 100 1 1
staticfield java/lang/Class EMPTY_CLASS_ARRAY [Ljava/lang/Class; 0 [Ljava/lang/Class;
staticfield java/lang/Class serialPersistentFields [Ljava/io/ObjectStreamField; 0 [Ljava/io/ObjectStreamField;
ciInstanceKlass java/lang/Cloneable 1 0 7 100 100 1 1 1 1
instanceKlass jdk/internal/reflect/DelegatingClassLoader
instanceKlass java/security/SecureClassLoader
ciInstanceKlass java/lang/ClassLoader 1 1 1194 9 10 9 10 7 10 10 9 10 100 10 10 10 100 8 10 10 10 10 7 10 7 7 7 10 10 9 7 10 9 9 9 9 9 7 10 9 10 10 9 9 7 9 7 10 10 9 10 7 10 8 10 10 10 7 10 10 8 10 10 10 10 10 10 10 10 100 10 10 10 10 10 10 10 10 10 10 10 10 10 10 10 100 10 100 10 10 10 10 10 100 8 10 8 10 10 100 8 10 10 10 10 10 10 10 10 10 10 10 10 10 10 10 10 10 10 10 10 10 10 10 10 8 11 9 11 10 8 8 10 100 10 10 10 10 10 10 10 10 10 7 10 10 10 7 10 100 18 10 10 10 7 10 10 10 100 10 10 10 10 8 100 10 10 9 10 10 100 8 10 10 8 8 10 10 7 10 10 100 100 10 100 100 10 10 8 10 9 8 9 10 10 10 10 9 10 10 10 10 10 8 10 7 18 10 10 10 10 8 10 10 18 11 100 10 10 10 11 10 18 10 11 18 11 10 10 9 7 10 10 8 10 8 10 7 10 10 100 8 10 10 10 8 8 10 10 10 8 8 10 10 10 7 10 10 10 10 10 11 11 11 11 11 7 10 9 9 9 10 10 100 10 100 10 10 10 9 9 9 9 9 9 8 10 10 10 10 10 11 10 100 10 10 10 7 7 10 1 1 7 1 1 1 1 1 1 1 1 1 1 1 1 1 1 1 1 1 1 1 1 1 1 1 1 1 1 1 1 1 1 1 1 1 1 1 1 1 1 1 1 1 1 1 1 1 1 1 1 1 1 1 1 1 1 1 1 1 1 1 1 1 1 1 1 1 1 1 1 1 1 100 1 1 1 1 100 1 1 1 1 1 1 1 1 1 1 1 1 1 1 1 1 1 100 1 1 1 1 1 1 1 1 1 1 1 1 1 1 1 1 100 1 1 1 1 1 1 1 1 1 1 1 1 100 1 1 1 1 1 1 1 1 1 1 1 1 1 1 1 1 1 1 1 1 1 1 1 1 1 1 1 1 1 1 1 1 1 1 1 1 1 7 1 1 1 1 1 1 1 1 1 1 1 1 1 1 1 1 1 1 1 1 1 1 1 7 1 1 1 1 1 100 1 1 1 1 1 1 1 1 1 1 1 1 1 1 1 1 1 1 1 1 1 100 1 1 1 1 1 1 1 1 1 1 1 1 1 1 1 1 1 1 1 1 1 1 1 1 1 1 1 1 1 1 1 1 1 1 1 1 1 1 1 1 1 1 1 1 1 1 1 1 1 1 1 1 1 1 1 1 1 1 1 1 1 1 1 100 1 1 1 1 1 1 1 1 1 1 1 1 1 1 1 1 1 1 1 1 1 100 100 1 1 1 1 1 1 1 1 1 1 1 1 1 1 1 1 1 1 1 1 1 1 1 7 1 1 1 1 1 1 1 1 1 1 1 1 1 1 1 1 100 1 1 1 1 1 1 1 1 1 1 1 1 1 1 1 1 1 1 1 1 1 1 1 1 1 1 1 1 1 100 12 12 12 12 1 12 12 12 12 1 12 12 12 1 1 12 7 12 12 1 1 1 12 12 12 1 12 12 12 12 12 1 12 12 12 12 12 12 1 12 1 12 12 12 1 1 12 12 1 12 7 12 1 12 12 12 12 12 12 12 12 1 12 100 12 12 12 12 12 12 12 12 12 100 12 12 12 12 1 12 1 12 7 12 12 12 1 1 1 12 12 1 1 12 12 12 12 12 12 12 12 12 12 12 12 100 12 12 12 12 12 12 12 12 12 12 1 12 12 12 1 1 12 1 12 12 12 12 12 7 12 12 7 1 12 12 1 12 1 1 15 16 15 16 12 100 12 100 12 7 12 1 12 12 12 1 12 12 7 12 12 1 1 12 12 7 12 12 1 1 12 1 1 12 12 1 12 100 12 1 1 12 1 1 12 12 1 12 12 1 12 12 12 12 12 100 12 12 12 12 12 12 1 12 1 16 15 16 12 12 12 12 12 1 12 12 16 15 16 12 12 1 12 12 12 15 12 7 12 16 15 16 12 12 12 12 12 1 12 12 1 12 1 12 1 12 1 1 12 12 1 1 12 12 100 12 1 1 100 12 12 1 12 12 12 12 12 12 12 12 1 12 12 12 12 12 12 1 1 12 12 12 12 12 12 12 12 12 12 7 12 12 12 12 12 100 12 1 12 12 12 1 1 1 1 1 1 1 1 1 1 1 1 1 1 1 1 1 1 1 1 1 1 1 1 1 1 1 1 1 1 1 1 1 1 1 1 1 1 1 1 1 1 1 1 1 1 1 1 1 1 1 1 1 1 1 1 1 1 1 1 1 1 1 1 1 1 1 1 1 1 1 1 1 1 1 1 1 1 1 1 1 1 1 1 1 1 1 1 1 1 1 1 1 1 1 1 10 1 10 1 1 1 1 1 1 1 1 1 1 1 1 1 1 1 1 1 1 1 1 1 1 1 1 1 1 1 1 1 1 1 1 1 1 1 1 1 1 1 1 1 1 1 1 10 1 1 1 1 1 1 1 1 10 1 1 1 1 1 10 1 1 1 10 1 1 1 1 1 1 1 1 1 1 1 1 1 1 1 1 1 1 1 1 1 1 1 1 1 1 1 1 1 1 1 1 1 1 1 1 1 1 1 1 1 1 100 12 12 12 12 12 12 1 1 100 1 1 100 1 1
staticfield java/lang/ClassLoader nocerts [Ljava/security/cert/Certificate; 0 [Ljava/security/cert/Certificate;
staticfield java/lang/ClassLoader loadedLibraryNames Ljava/util/Set; java/util/HashSet
staticfield java/lang/ClassLoader $assertionsDisabled Z 1
ciInstanceKlass java/lang/System 1 1 631 10 10 10 10 10 9 7 10 11 10 10 10 100 8 10 10 9 100 8 10 10 8 10 100 10 8 10 10 100 10 10 10 9 9 7 10 10 10 10 10 10 10 100 100 8 10 10 7 10 100 8 10 8 10 100 8 10 100 10 8 10 10 10 8 10 10 10 100 8 10 10 10 100 18 100 9 10 100 10 10 10 10 10 10 10 10 7 7 10 10 100 10 10 100 8 10 9 9 10 10 10 10 8 10 10 8 10 10 8 10 7 9 10 7 9 10 9 7 10 8 10 8 10 10 10 10 10 10 10 10 10 9 100 8 10 8 10 10 8 100 10 10 10 10 100 10 10 10 10 10 8 10 10 10 10 8 10 10 10 7 10 10 10 9 100 1 1 1 1 1 1 1 1 1 1 1 1 1 1 1 1 1 1 1 1 1 1 1 1 1 1 1 1 1 1 1 1 1 1 1 100 100 1 1 1 100 1 1 1 1 1 1 1 1 1 1 1 1 1 1 1 1 1 1 1 1 1 1 1 1 1 1 1 1 1 1 1 1 1 1 1 1 1 1 1 1 1 1 1 1 1 1 1 1 1 1 1 1 1 1 1 1 1 1 1 1 1 1 1 1 1 1 1 1 1 1 1 1 1 1 1 1 1 1 1 1 1 1 1 100 1 1 1 1 1 1 1 1 1 1 1 1 1 1 1 1 1 100 1 1 1 1 1 1 1 100 12 12 12 12 12 12 1 7 12 100 12 100 12 12 12 1 1 12 12 12 1 1 12 100 12 1 12 1 12 12 12 1 12 100 12 12 12 12 1 12 7 12 12 12 12 12 1 1 1 12 12 1 12 1 1 1 12 1 1 1 1 12 12 7 12 1 12 100 12 7 12 1 1 12 100 12 1 1 15 16 15 16 12 1 12 12 1 12 12 7 12 12 12 12 12 12 1 1 12 12 1 12 7 12 1 1 12 12 12 12 12 12 1 12 12 1 12 12 1 7 12 1 7 12 12 1 12 12 1 12 1 12 1 7 12 12 7 12 12 7 12 12 7 12 12 7 12 12 1 1 12 1 12 1 1 12 12 12 1 12 12 12 100 12 1 12 12 1 12 12 12 1 12 12 12 1 1 1 1 1 1 1 1 1 1 1 1 1 1 1 1 1 1 1 1 1 1 1 1 1 1 1 1 1 1 1 1 1 1 1 1 1 1 1 1 1 1 1 1 1 1 1 1 1 1 1 1 10 1 10 1 1 1 1 1 1 1 1 1 1 1 1 1 1 1 1 1 1 1 1 1 1 1 1 1 1 1 1 1 1 1 1 1 1 1 1 1 1 1 1 1 1 1 1 1 1 1 1 1 1 1 1 1 1 1 1 1 1 1 1 1 1 1 1 1 1 1 1 1 1 1 1 1 100 12 12 1 1 100 1 1 100 1 1
staticfield java/lang/System in Ljava/io/InputStream; java/io/BufferedInputStream
staticfield java/lang/System out Ljava/io/PrintStream; java/io/PrintStream
staticfield java/lang/System err Ljava/io/PrintStream; java/io/PrintStream
instanceKlass java/lang/Exception
instanceKlass java/lang/Error
ciInstanceKlass java/lang/Throwable 1 1 395 10 9 9 9 9 9 10 9 10 10 100 100 10 8 10 8 10 10 10 100 8 10 10 10 10 8 9 10 100 10 10 100 10 10 11 10 10 10 8 10 10 7 8 8 10 10 8 8 9 10 100 10 11 8 8 10 8 10 8 100 10 9 10 10 7 9 10 10 100 8 10 10 10 10 100 10 10 11 11 11 8 8 10 10 10 9 8 7 10 10 100 8 10 11 8 9 10 11 9 11 100 10 7 10 100 1 1 1 100 1 100 1 1 1 1 5 0 1 1 1 1 1 1 1 1 1 1 1 1 1 1 1 1 1 1 1 1 1 1 1 1 1 1 1 1 1 1 1 1 1 1 1 100 1 1 1 1 1 1 1 1 1 1 1 1 1 1 1 1 1 1 1 1 1 1 1 1 1 1 100 1 1 1 1 1 1 1 1 1 1 1 1 1 1 1 1 1 1 1 1 1 1 1 1 1 1 1 1 1 1 1 100 100 100 1 100 100 1 1 1 1 1 1 1 1 1 1 1 1 1 1 1 1 1 12 12 12 12 12 12 12 12 12 12 1 1 1 12 1 100 12 12 1 1 12 7 12 12 1 100 12 12 1 12 12 1 7 12 12 12 12 12 1 12 12 1 1 1 12 12 1 1 12 100 12 1 12 1 1 12 1 12 1 1 12 12 12 7 12 12 12 100 1 1 12 12 100 12 1 100 12 12 12 12 12 1 1 100 12 1 1 12 1 1 12 1 12 100 12 12 12 12 1 12 1 1 1 1 1 1 1 1 1 1 1 1 1 1 1 1 1 1 1 1 1 1 1 1 1 1 1 1 1 1 1 1 1 1 1 1 1 1 1 1 1 1 1 1 1 1 1 1 1 1 1 1 1 1 1 1 1 1 1 1
staticfield java/lang/Throwable UNASSIGNED_STACK [Ljava/lang/StackTraceElement; 0 [Ljava/lang/StackTraceElement;
staticfield java/lang/Throwable SUPPRESSED_SENTINEL Ljava/util/List; java/util/Collections$EmptyList
staticfield java/lang/Throwable EMPTY_THROWABLE_ARRAY [Ljava/lang/Throwable; 0 [Ljava/lang/Throwable;
staticfield java/lang/Throwable $assertionsDisabled Z 1
instanceKlass javax/xml/parsers/FactoryConfigurationError
instanceKlass kotlin/jvm/KotlinReflectionNotSupportedError
instanceKlass java/lang/AssertionError
instanceKlass java/lang/VirtualMachineError
instanceKlass java/lang/LinkageError
instanceKlass java/lang/ThreadDeath
ciInstanceKlass java/lang/Error 1 1 40 10 10 10 10 10 100 7 1 1 1 5 0 1 1 1 1 1 1 1 1 1 1 1 1 1 1 1 1 1 1 1 1 12 12 12 12 12 1 1
ciInstanceKlass java/lang/ThreadDeath 0 0 21 10 100 100 1 1 1 5 0 1 1 1 1 1 1 1 1 1 12 1 1
instanceKlass javax/xml/datatype/DatatypeConfigurationException
instanceKlass com/sun/xml/bind/v2/model/impl/ClassInfoImpl$DuplicateException
instanceKlass com/sun/xml/bind/v2/model/impl/ClassInfoImpl$ConflictException
instanceKlass javax/activation/MimeTypeParseException
instanceKlass com/sun/xml/bind/api/AccessorException
instanceKlass javax/xml/transform/TransformerException
instanceKlass java/security/GeneralSecurityException
instanceKlass java/lang/CloneNotSupportedException
instanceKlass com/android/io/StreamException
instanceKlass javax/xml/stream/XMLStreamException
instanceKlass org/xml/sax/SAXException
instanceKlass javax/xml/parsers/ParserConfigurationException
instanceKlass com/android/sdklib/AndroidVersion$AndroidVersionException
instanceKlass javax/xml/bind/JAXBException
instanceKlass java/net/URISyntaxException
instanceKlass java/lang/InterruptedException
instanceKlass java/security/PrivilegedActionException
instanceKlass com/android/prefs/AndroidLocationsException
instanceKlass sun/nio/fs/WindowsException
instanceKlass java/io/IOException
instanceKlass com/android/sdklib/tool/sdkmanager/SdkManagerCliSettings$FailSilentlyException
instanceKlass com/android/sdklib/tool/sdkmanager/SdkManagerCliSettings$ShowUsageException
instanceKlass com/android/sdklib/tool/sdkmanager/SdkManagerCli$CommandFailedException
instanceKlass java/lang/ReflectiveOperationException
instanceKlass java/lang/RuntimeException
ciInstanceKlass java/lang/Exception 1 1 40 10 10 10 10 10 100 7 1 1 1 5 0 1 1 1 1 1 1 1 1 1 1 1 1 1 1 1 1 1 1 1 1 12 12 12 12 12 1 1
instanceKlass java/lang/reflect/MalformedParameterizedTypeException
instanceKlass com/android/support/InvalidDataException
instanceKlass java/util/ConcurrentModificationException
instanceKlass java/util/NoSuchElementException
instanceKlass java/lang/IndexOutOfBoundsException
instanceKlass kotlin/NoWhenBranchMatchedException
instanceKlass java/lang/reflect/UndeclaredThrowableException
instanceKlass kotlin/UninitializedPropertyAccessException
instanceKlass java/lang/UnsupportedOperationException
instanceKlass java/lang/IllegalStateException
instanceKlass java/lang/SecurityException
instanceKlass com/android/sdklib/tool/sdkmanager/SdkManagerCli$UncheckedCommandFailedException
instanceKlass java/lang/IllegalArgumentException
instanceKlass java/lang/ArithmeticException
instanceKlass java/lang/NullPointerException
instanceKlass java/lang/IllegalMonitorStateException
instanceKlass java/lang/ArrayStoreException
instanceKlass java/lang/ClassCastException
ciInstanceKlass java/lang/RuntimeException 1 1 40 10 10 10 10 10 100 7 1 1 1 5 0 1 1 1 1 1 1 1 1 1 1 1 1 1 1 1 1 1 1 1 1 12 12 12 12 12 1 1
ciInstanceKlass java/lang/SecurityManager 0 0 572 10 9 100 10 100 8 10 10 10 10 100 10 100 10 9 10 10 10 100 8 10 9 9 8 9 100 10 8 10 10 10 100 10 10 100 100 8 10 8 8 8 8 8 8 10 8 8 8 8 8 10 10 8 100 8 10 8 8 8 8 8 10 8 100 8 8 10 8 8 10 100 8 10 10 100 10 10 10 10 10 10 11 18 11 18 11 18 18 11 18 11 9 9 9 9 100 10 10 10 18 18 10 18 10 18 18 8 10 9 11 8 100 10 10 10 9 10 10 8 100 10 9 8 8 100 10 10 10 9 11 10 11 10 100 100 10 10 10 1 1 1 1 1 1 1 1 1 1 1 1 1 1 1 1 1 1 1 1 1 1 1 1 1 1 100 1 1 1 1 1 1 1 1 1 1 1 1 1 1 1 100 1 1 1 1 1 1 1 1 1 1 1 1 1 1 1 1 1 1 1 1 1 1 1 1 1 1 1 1 1 1 1 1 1 1 1 1 1 1 1 1 1 1 1 1 1 1 1 1 1 1 1 1 1 1 1 1 1 1 100 1 1 1 1 1 1 1 1 1 1 1 1 1 1 1 1 1 1 1 1 1 1 1 1 1 1 1 1 100 1 1 1 1 100 1 1 1 1 1 1 1 1 1 1 1 12 12 1 100 12 1 1 12 12 100 12 1 1 12 100 12 12 12 1 1 12 12 1 12 1 1 12 12 12 1 12 1 1 1 12 1 1 1 1 1 1 12 1 1 1 1 1 12 12 1 1 1 1 1 1 1 1 100 12 1 1 1 1 1 1 12 1 1 12 1 12 12 12 100 12 12 100 12 100 12 1 15 16 15 16 12 100 12 16 15 16 12 12 15 16 15 16 12 16 15 16 12 12 12 12 12 12 1 100 12 12 12 15 16 12 15 16 100 12 15 12 12 15 16 15 16 1 12 12 100 12 1 1 12 12 12 12 12 12 1 1 12 1 1 1 12 100 12 12 12 12 12 1 1 12 12 1 1 1 1 1 1 1 1 1 1 1 1 1 1 1 1 1 1 1 1 1 1 1 1 1 1 1 1 1 1 1 1 1 1 1 1 1 1 1 1 1 1 1 1 1 1 10 1 10 1 1 1 1 1 1 10 1 1 1 1 1 10 11 1 1 1 10 1 1 1 1 1 1 10 1 10 1 1 1 11 1 1 10 10 1 1 1 1 1 1 1 1 1 1 1 1 1 1 1 1 1 1 1 1 100 12 100 12 12 12 100 12 12 12 12 12 1 1 100 1 1 1 1 1 1 1 1 100 1 1
ciInstanceKlass java/security/ProtectionDomain 1 1 331 10 9 7 10 9 9 9 10 7 9 9 7 9 9 10 100 10 10 10 10 9 9 10 7 10 100 10 9 8 100 8 10 10 10 10 8 11 8 10 8 8 10 10 10 10 8 10 8 8 10 9 10 9 10 100 100 10 10 7 10 100 10 10 11 11 100 11 10 10 11 11 10 10 10 11 10 8 8 10 7 10 10 7 1 1 100 1 1 1 1 1 1 1 1 1 1 1 1 1 1 1 1 1 1 1 1 1 1 1 1 100 1 100 1 1 1 1 1 1 1 1 1 1 1 1 1 1 1 1 1 1 1 100 1 1 1 1 1 1 1 1 1 1 7 1 1 1 100 1 1 1 1 1 1 1 1 1 1 1 1 1 1 1 1 1 1 1 1 1 100 100 100 100 1 1 1 1 1 100 12 12 1 12 12 12 12 12 1 12 12 1 12 12 100 12 100 12 12 12 12 100 12 12 1 1 12 100 12 1 1 1 12 12 12 1 1 12 1 1 12 12 12 12 1 12 1 1 100 12 12 12 12 12 1 1 100 12 1 1 12 12 12 12 1 12 12 12 12 12 12 100 12 12 12 1 1 7 12 1 7 12 1 1 1 1 1 1 1 1 1 1 1 1 1 1 1 1 1 1 1 1 1 1 1 1 1 1 1 1 1 1 1 1 1 1 1 1 1 1 1 1 1 1 1 1 1 1 1 1 1 1 1 1 1 1 1 1 1 1 1 1 1 1 1 1 1 1 1 1 1
staticfield java/security/ProtectionDomain filePermCompatInPD Z 0
ciInstanceKlass java/security/AccessControlContext 1 1 367 9 9 10 8 10 10 9 9 9 10 7 100 10 11 11 11 11 7 11 10 10 9 10 11 10 7 100 8 10 10 7 10 9 9 9 9 9 9 9 10 9 10 10 8 10 10 10 100 10 10 10 10 8 10 8 10 8 8 10 8 10 8 10 10 10 8 8 100 10 10 100 10 8 10 10 10 8 10 10 10 7 10 10 10 10 10 10 10 10 7 1 1 1 1 1 1 1 1 1 1 1 1 1 1 1 1 1 1 1 1 1 1 1 1 1 1 1 1 1 1 1 1 1 1 100 1 1 1 1 1 1 100 1 1 1 1 1 1 100 1 1 1 1 1 1 1 1 100 1 1 1 1 1 1 1 1 1 1 1 1 1 1 100 1 1 1 1 1 1 1 1 1 1 1 1 1 1 1 1 1 1 1 1 1 1 1 1 1 1 1 1 1 1 1 1 1 1 1 1 1 1 1 1 1 1 1 1 1 1 1 1 1 1 12 12 100 12 1 100 12 12 12 12 12 7 12 1 12 12 12 12 12 1 12 12 100 12 100 12 12 12 1 1 1 12 12 1 7 12 12 12 12 12 12 12 12 7 12 12 12 12 1 12 12 100 12 1 12 100 12 1 12 1 100 12 1 1 12 1 12 1 12 12 12 1 1 1 12 12 1 12 1 12 12 1 12 12 12 1 12 12 12 12 12 12 1 1 1 1 1 1 1 1 1 1 1 1 1 1 1 1 1 1 1 1 1 1 1 1 1 1 1 1 1 1 1 1 1 1 1 1 1 1 1 1 1 1 1 1 1 1 1 1 1 1 1 1 1 1 1 1 1 1 1 1 1
instanceKlass jdk/internal/loader/BuiltinClassLoader
ciInstanceKlass java/security/SecureClassLoader 1 1 127 10 7 10 9 10 10 9 10 10 10 10 10 10 7 10 7 10 7 10 11 7 100 8 10 10 7 7 1 1 7 1 1 1 1 1 1 1 1 1 1 1 1 1 1 1 1 1 1 1 100 1 1 1 1 100 1 1 1 1 1 1 1 1 1 1 1 1 1 1 1 1 1 1 1 1 1 1 1 1 1 12 1 12 12 7 12 12 12 12 12 12 12 12 12 1 1 12 1 12 7 12 1 1 1 12 12 1 1 1 1 1 1 1 1 1 1 1 1 1 1 1 1 1 1 1 1
instanceKlass java/lang/reflect/InvocationTargetException
instanceKlass java/lang/InstantiationException
instanceKlass java/lang/IllegalAccessException
instanceKlass java/lang/NoSuchMethodException
instanceKlass java/lang/NoSuchFieldException
instanceKlass java/lang/ClassNotFoundException
ciInstanceKlass java/lang/ReflectiveOperationException 1 1 34 10 10 10 10 100 7 1 1 1 5 0 1 1 1 1 1 1 1 1 1 1 1 1 1 1 1 1 12 12 12 12 1 1
ciInstanceKlass java/lang/ClassNotFoundException 1 1 37 100 10 10 9 100 7 1 1 1 5 0 1 1 1 1 1 1 1 1 1 1 1 1 1 1 1 1 1 1 1 12 12 12 1 1 1
instanceKlass java/lang/ExceptionInInitializerError
instanceKlass java/lang/IncompatibleClassChangeError
instanceKlass java/lang/BootstrapMethodError
instanceKlass java/lang/NoClassDefFoundError
ciInstanceKlass java/lang/LinkageError 1 1 31 10 10 10 100 7 1 1 1 5 0 1 1 1 1 1 1 1 1 1 1 1 1 1 1 1 12 12 12 1 1
ciInstanceKlass java/lang/NoClassDefFoundError 0 0 26 10 10 100 100 1 1 1 5 0 1 1 1 1 1 1 1 1 1 1 1 1 12 12 1 1
ciInstanceKlass java/lang/ClassCastException 1 1 26 10 10 100 100 1 1 1 5 0 1 1 1 1 1 1 1 1 1 1 1 1 12 12 1 1
ciInstanceKlass java/lang/ArrayStoreException 1 1 26 10 10 100 100 1 1 1 5 0 1 1 1 1 1 1 1 1 1 1 1 1 12 12 1 1
instanceKlass java/lang/InternalError
instanceKlass java/lang/StackOverflowError
instanceKlass java/lang/OutOfMemoryError
ciInstanceKlass java/lang/VirtualMachineError 1 1 34 10 10 10 10 100 100 1 1 1 5 0 1 1 1 1 1 1 1 1 1 1 1 1 1 1 1 1 12 12 12 12 1 1
ciInstanceKlass java/lang/OutOfMemoryError 1 1 26 10 10 100 100 1 1 1 5 0 1 1 1 1 1 1 1 1 1 1 1 1 12 12 1 1
ciInstanceKlass java/lang/StackOverflowError 1 1 26 10 10 100 100 1 1 1 5 0 1 1 1 1 1 1 1 1 1 1 1 1 12 12 1 1
ciInstanceKlass java/lang/IllegalMonitorStateException 1 1 26 10 10 100 100 1 1 1 5 0 1 1 1 1 1 1 1 1 1 1 1 1 12 12 1 1
instanceKlass java/lang/ref/PhantomReference
instanceKlass java/lang/ref/FinalReference
instanceKlass java/lang/ref/WeakReference
instanceKlass java/lang/ref/SoftReference
ciInstanceKlass java/lang/ref/Reference 1 1 159 10 9 10 9 9 7 10 10 9 9 10 10 10 9 9 100 10 10 10 7 10 10 10 7 8 10 7 10 10 10 7 10 10 7 1 1 1 1 1 1 1 1 1 1 1 1 1 1 1 1 1 1 1 1 1 1 1 1 1 1 1 1 1 1 1 1 1 1 100 1 1 100 1 1 1 1 1 1 1 1 1 1 1 1 1 1 7 1 1 1 1 1 1 1 1 1 7 1 1 1 1 12 12 12 12 12 1 12 12 12 12 12 12 12 12 12 1 12 12 1 12 12 12 1 1 12 1 12 12 12 1 7 12 1 1 1 1 1 1 1 1 1 1 1 1 1 1 1 1 1 1 1 1 1 1 1 1 1
staticfield java/lang/ref/Reference processPendingLock Ljava/lang/Object; java/lang/Object
instanceKlass java/lang/invoke/LambdaFormEditor$Transform
instanceKlass jdk/internal/ref/SoftCleanable
instanceKlass sun/util/locale/LocaleObjectCache$CacheEntry
ciInstanceKlass java/lang/ref/SoftReference 1 1 47 10 9 9 10 10 7 7 1 1 1 1 1 1 1 1 1 1 1 1 1 1 1 1 1 1 1 1 1 1 1 1 1 1 100 1 1 1 1 12 12 12 12 12 1 1 1
instanceKlass java/lang/ClassValue$Entry
instanceKlass java/util/logging/LogManager$LoggerWeakRef
instanceKlass java/util/logging/Level$KnownLevel
instanceKlass java/lang/invoke/MethodType$ConcurrentWeakInternSet$WeakEntry
instanceKlass jdk/internal/ref/WeakCleanable
instanceKlass java/lang/ThreadLocal$ThreadLocalMap$Entry
instanceKlass java/util/WeakHashMap$Entry
ciInstanceKlass java/lang/ref/WeakReference 1 1 31 10 10 100 7 1 1 1 1 1 1 1 1 1 1 1 1 1 1 1 1 1 1 1 1 1 1 12 12 1 1
instanceKlass java/lang/ref/Finalizer
ciInstanceKlass java/lang/ref/FinalReference 1 1 36 10 100 8 10 100 7 1 1 1 1 1 1 1 1 1 1 1 1 1 1 1 1 1 1 1 1 1 1 12 1 1 12 1 1 1
instanceKlass jdk/internal/ref/PhantomCleanable
instanceKlass jdk/internal/ref/Cleaner
ciInstanceKlass java/lang/ref/PhantomReference 1 1 30 10 100 7 1 1 1 1 1 1 1 1 1 1 1 1 1 1 1 1 1 1 1 1 1 1 1 12 1 1
ciInstanceKlass java/lang/ref/Finalizer 1 1 139 9 10 9 9 9 9 7 10 10 7 11 100 10 100 10 10 10 100 10 10 7 10 7 10 10 10 10 7 10 7 10 10 10 7 1 1 1 1 1 1 1 1 1 1 1 1 1 1 1 1 1 1 1 1 1 1 1 1 1 1 1 1 1 1 1 1 1 1 1 1 1 1 1 1 7 1 1 1 1 12 12 12 12 12 12 1 12 12 1 7 12 1 12 1 12 100 12 100 12 1 12 12 1 1 12 12 12 1 12 1 12 12 12 1 1 1 1 1 1 1 1 1 1 1 1 1 1 1 1 1 1 1 1 1 1 1 1 1
staticfield java/lang/ref/Finalizer lock Ljava/lang/Object; java/lang/Object
instanceKlass java/util/logging/LogManager$Cleaner
instanceKlass jdk/internal/misc/InnocuousThread
instanceKlass java/lang/ref/Finalizer$FinalizerThread
instanceKlass java/lang/ref/Reference$ReferenceHandler
ciInstanceKlass java/lang/Thread 1 1 591 9 9 10 9 9 100 8 10 3 8 3 10 10 9 9 9 9 7 100 8 10 9 10 10 10 10 10 10 9 10 10 9 10 10 9 10 9 10 9 9 10 10 9 10 9 100 10 100 10 8 10 10 10 10 10 10 9 100 10 10 10 10 100 11 9 10 10 10 9 10 9 10 100 10 10 10 11 10 10 10 7 10 10 10 10 10 10 10 10 10 10 100 8 10 10 10 8 10 8 10 8 8 10 10 100 8 10 9 9 10 10 10 9 10 100 10 11 9 9 10 100 10 11 100 10 10 11 10 100 10 10 10 8 9 10 11 10 11 10 7 7 1 1 100 1 100 1 100 1 1 1 1 1 1 1 1 1 1 1 1 1 1 1 1 1 1 1 1 100 1 1 1 1 1 1 1 1 1 1 1 1 1 1 3 1 3 1 3 1 1 1 1 1 1 1 1 1 1 1 1 1 1 1 1 1 1 1 1 1 1 1 1 1 1 1 100 1 1 1 1 1 1 1 100 1 1 1 1 1 1 1 1 1 1 1 1 1 7 100 100 100 1 1 1 1 1 1 1 1 1 1 1 1 1 1 1 1 1 1 1 1 1 1 1 1 1 1 1 1 1 1 1 1 1 1 1 1 1 1 1 1 1 1 1 1 1 1 1 1 1 1 1 1 1 1 1 1 1 1 1 1 1 1 1 1 1 1 1 1 1 1 100 100 1 1 1 1 1 1 1 1 1 100 100 1 1 1 1 1 1 1 1 1 1 1 1 1 1 1 1 1 1 1 1 1 1 1 1 1 1 1 1 1 1 1 1 1 1 1 1 1 1 1 1 1 1 100 1 1 1 1 1 1 1 1 1 1 1 1 12 12 12 12 12 1 1 12 1 12 12 12 12 12 12 1 1 1 12 7 12 12 12 12 12 100 12 12 12 12 12 12 12 12 12 7 12 12 12 12 7 12 12 12 12 1 1 1 12 12 12 12 12 12 12 1 12 12 12 1 12 7 12 12 12 12 12 12 12 1 12 12 12 12 12 12 1 12 12 12 12 12 12 12 12 12 1 1 12 12 1 12 1 1 1 100 12 100 12 1 12 12 12 12 12 12 1 12 12 12 12 12 1 12 100 12 1 12 12 12 12 1 12 12 7 12 12 12 12 100 12 12 12 1 1 1 1 1 1 1 1 1 1 1 1 1 1 1 1 1 1 1 1 1 1 1 1 1 1 1 1 1 1 1 1 1 1 1 1 1 1 1 1 1 1 1 1 1 1 1 1 1 1 1 1 1 1 1 1 1 1 1 1 1 1 1 1 1 1 1 1 1 1 1 1 1 1 1 1 1 1
staticfield java/lang/Thread EMPTY_STACK_TRACE [Ljava/lang/StackTraceElement; 0 [Ljava/lang/StackTraceElement;
ciInstanceKlass java/lang/ThreadGroup 1 1 289 10 9 8 9 7 9 9 10 10 10 10 10 9 10 10 9 10 9 9 10 100 10 10 10 9 10 10 9 10 10 10 10 10 10 10 10 10 10 10 100 10 10 10 7 10 7 10 9 10 8 10 10 10 10 11 100 9 100 10 8 10 10 8 10 10 10 10 8 10 8 10 8 7 100 1 1 1 1 1 1 1 1 1 1 1 1 1 1 1 1 1 1 1 1 1 1 1 1 1 1 1 1 1 1 1 1 1 1 1 1 1 1 1 1 1 1 1 1 1 1 1 100 1 1 1 1 1 1 100 1 1 1 1 1 1 1 1 1 1 1 1 1 1 1 1 1 1 1 1 1 1 1 1 1 1 1 1 1 1 1 1 1 1 1 1 1 1 1 1 1 1 1 100 1 1 1 1 1 1 1 1 1 1 1 1 1 12 12 1 12 1 12 12 12 12 12 12 12 12 12 12 12 100 12 12 12 7 12 12 7 12 12 12 12 12 12 12 12 12 12 12 12 12 12 12 1 12 12 1 12 12 12 12 1 12 12 12 12 1 12 1 1 12 12 1 12 12 12 100 1 1 12 1 1 1 1 1 1 1 1 1 1 1 1 1 1 1 1 1 1 1 1 1 1 1 1 1 1 1 1 1 1 1 1 1 1 1 1
instanceKlass java/util/Hashtable
ciInstanceKlass java/util/Dictionary 1 1 36 10 100 7 1 1 1 1 1 1 1 1 1 1 1 1 1 1 1 1 1 1 1 1 1 1 1 1 1 1 1 1 1 12 1 1
instanceKlass java/util/Properties
ciInstanceKlass java/util/Hashtable 1 1 512 100 10 9 100 100 10 8 10 10 10 10 10 8 10 9 7 9 7 4 10 9 4 10 11 10 10 9 10 100 10 9 10 9 10 10 3 9 9 3 10 10 10 11 11 11 11 100 11 11 10 10 10 9 9 9 10 100 100 10 10 8 10 10 8 10 8 10 7 10 10 100 10 10 100 10 100 10 10 100 11 11 100 10 10 10 11 100 10 11 11 10 10 10 10 10 10 10 8 10 100 8 10 4 10 4 10 8 10 10 100 11 10 10 10 10 7 100 100 1 1 1 100 1 1 1 1 1 1 1 1 1 1 1 1 1 1 1 1 1 5 0 1 1 1 1 1 1 1 1 1 1 3 1 3 1 3 1 1 1 1 1 1 1 1 1 1 1 1 1 1 1 1 1 1 1 1 1 1 1 1 1 1 1 1 1 1 1 1 1 1 1 1 1 1 1 100 1 1 1 1 1 7 1 1 1 1 1 1 1 1 1 1 1 1 1 1 1 1 1 1 1 1 1 1 1 1 1 100 1 1 1 1 1 1 1 1 1 1 1 1 1 1 1 1 1 100 1 1 1 1 1 1 1 1 1 1 1 1 1 1 1 1 1 1 1 1 1 1 1 1 1 1 1 1 1 1 100 1 1 1 1 1 1 1 100 1 1 1 1 1 1 1 1 1 1 1 1 1 100 1 1 1 1 1 1 1 1 1 1 1 1 1 1 1 100 1 1 1 100 100 1 1 1 1 1 1 100 1 1 100 1 1 1 1 1 1 1 1 1 1 1 1 12 12 1 1 1 12 12 12 12 7 12 1 12 12 1 12 1 7 12 12 12 12 12 12 12 12 1 12 12 12 12 12 12 12 12 12 12 12 100 12 12 12 1 12 12 12 12 12 12 12 12 1 1 12 1 12 1 1 100 12 1 12 12 1 12 12 1 1 12 1 12 12 1 100 12 12 1 12 12 12 12 12 12 12 12 100 12 12 1 1 12 12 1 12 100 12 1 100 12 12 12 12 1 1 1 1 1 1 1 1 1 1 1 1 1 1 1 1 1 1 1 1 1 1 1 1 1 1 1 1 1 1 1 1 1 1 1 1 1 1 1 1 1 1 1 1 1 1 1 1 1 1 1 1 1 1 1 1 1 1 1 1 1 1 1 1 1 1 1
instanceKlass java/security/Provider
ciInstanceKlass java/util/Properties 1 1 645 10 100 10 7 10 9 9 9 10 10 8 10 7 10 10 8 10 7 10 10 9 10 7 10 10 10 100 8 10 10 10 10 100 3 10 10 10 8 10 10 10 10 10 100 100 10 10 100 9 10 10 10 100 10 10 10 11 11 11 7 11 11 10 8 10 10 100 10 10 10 9 10 10 100 100 100 10 8 8 10 10 10 7 10 10 10 100 10 10 11 10 8 10 11 8 10 11 9 10 10 10 10 10 10 10 10 10 10 10 10 10 10 10 7 10 10 10 10 10 10 10 10 10 10 10 10 10 10 10 10 7 10 100 10 11 4 11 10 10 11 10 10 10 100 8 10 10 10 100 6 0 10 11 10 10 1 1 1 1 1 1 5 0 1 1 1 1 1 1 1 1 1 1 1 1 1 1 1 1 1 1 1 1 1 1 1 1 1 1 1 1 1 1 1 1 1 1 1 1 1 1 1 1 1 1 1 1 1 1 1 1 1 1 1 1 1 1 1 1 1 1 1 100 1 1 1 1 1 1 1 1 1 1 1 1 1 1 1 1 1 1 1 1 1 1 1 1 1 100 1 1 1 1 1 1 1 1 1 100 7 100 1 1 1 100 1 1 1 1 1 1 1 1 1 1 1 1 1 1 1 1 1 1 1 1 1 1 1 1 1 1 1 1 1 1 1 1 7 100 1 1 100 1 1 1 1 1 1 1 1 1 1 1 1 1 1 1 1 1 1 1 1 1 1 1 1 1 1 1 1 1 1 1 1 1 1 1 1 1 1 1 1 1 1 1 1 1 1 1 1 1 1 1 1 1 1 1 1 1 1 1 1 1 1 1 1 1 1 1 1 1 1 1 1 1 1 1 1 1 1 1 1 1 1 1 1 1 1 1 1 1 1 1 100 100 1 1 1 1 100 1 1 1 1 1 12 1 12 1 12 12 12 12 7 12 12 1 7 12 1 12 12 1 12 1 12 12 12 12 1 12 12 12 1 1 12 12 12 12 1 12 12 1 12 12 12 12 12 1 1 12 12 1 100 12 12 12 12 1 12 7 12 12 12 1 12 12 12 1 12 12 1 12 100 12 100 12 12 100 12 1 1 1 1 1 12 12 12 1 12 12 1 12 12 7 12 1 12 1 12 12 12 12 12 12 12 12 12 12 12 12 12 12 1 12 12 12 12 12 12 12 12 12 12 12 12 12 12 12 1 12 1 12 12 12 12 12 100 12 12 1 1 12 100 12 1 12 100 12 12 12 1 1 1 1 1 1 1 1 1 1 1 1 1 1 1 1 1 1 1 1 1 1 1 1 1 1 1 1 1 1 1 1 1 1 1 1 1 1 1 1 1 1 1 1 1 1 1 1 1 1 1 1 1 1 1 1 1 1 100 1 1 1 1 1 1 1 1 1 1 1 1 1 1 1 1 1 1 1 1 1 1 1 1 1 1 1 1 1 1 1 1 1 1
staticfield java/util/Properties UNSAFE Ljdk/internal/misc/Unsafe; jdk/internal/misc/Unsafe
staticfield java/util/Properties hexDigit [C 16
ciInstanceKlass java/lang/Module 1 1 907 10 9 10 9 9 9 10 10 10 10 7 10 10 7 11 7 10 10 9 10 10 8 10 10 10 9 11 9 10 9 10 10 100 100 10 10 8 10 10 10 10 10 10 9 10 10 9 10 10 9 11 7 10 9 9 10 7 100 10 100 8 10 10 10 8 10 10 10 10 8 8 10 10 10 18 10 11 9 11 10 100 8 10 7 10 10 11 11 9 11 10 10 9 10 10 10 10 18 11 10 11 10 11 4 10 7 10 11 7 10 11 7 10 7 8 10 10 7 10 10 7 7 10 9 100 10 11 10 10 10 11 7 10 11 10 11 10 10 10 10 10 10 10 10 18 11 11 18 10 10 10 7 10 10 10 9 7 10 10 10 10 10 10 10 10 10 9 18 10 7 100 8 10 10 10 100 10 100 8 100 10 100 100 3 10 100 10 10 10 100 10 10 100 100 10 8 10 10 10 10 10 10 10 100 10 10 10 100 8 10 10 8 10 8 10 10 10 8 10 100 10 10 10 11 100 7 1 1 1 1 1 1 1 1 1 1 1 1 1 1 1 1 1 1 1 1 1 1 1 1 1 1 1 1 1 1 1 1 1 1 1 1 1 1 1 1 1 1 1 1 1 1 7 1 1 1 1 1 1 1 1 1 1 100 1 1 1 1 1 1 1 1 1 1 1 1 1 1 1 1 1 1 1 1 1 1 1 1 1 1 1 1 1 1 1 1 1 1 1 1 1 1 1 1 1 1 1 1 1 1 1 1 1 1 1 1 1 1 1 1 100 1 1 1 1 1 1 1 1 1 1 1 1 1 1 1 1 1 1 1 1 100 1 1 1 1 1 1 1 1 1 1 1 1 1 1 1 1 1 1 1 1 1 1 1 1 1 1 1 1 1 1 1 7 7 7 7 7 1 1 1 1 1 1 1 1 1 1 1 1 1 1 1 1 1 1 1 1 100 1 1 1 1 1 1 1 1 1 1 1 1 1 1 1 1 1 1 1 1 100 1 1 1 1 1 1 1 1 1 1 1 1 1 100 100 1 100 1 1 1 1 1 100 1 1 1 1 1 1 1 1 1 1 1 1 1 1 1 1 1 7 1 1 1 1 1 1 1 1 1 12 12 12 12 12 12 12 12 12 12 1 7 12 12 1 12 12 7 12 100 12 12 12 1 12 12 12 12 12 12 7 12 12 100 12 12 1 1 12 1 12 12 12 12 12 12 12 12 12 12 12 12 12 12 1 12 12 12 12 1 1 12 1 1 12 12 1 12 12 12 12 1 1 12 12 12 1 15 16 15 16 12 12 12 12 12 7 12 1 1 1 12 12 12 12 12 12 12 12 12 12 7 12 16 15 16 12 12 100 12 12 12 12 12 1 12 1 12 1 7 12 100 1 1 1 12 12 1 12 12 1 1 12 12 1 12 12 12 12 1 12 12 12 12 12 12 12 12 12 12 12 16 15 16 12 12 12 15 16 12 12 12 12 1 12 12 12 12 1 12 12 12 12 12 12 12 16 15 16 12 100 12 1 1 1 12 12 12 1 12 1 1 1 1 1 12 1 12 12 12 1 12 12 1 1 12 1 12 12 100 12 12 12 12 12 1 12 12 1 1 12 100 12 1 12 1 12 12 12 1 1 12 12 12 1 1 1 1 1 1 1 1 1 1 1 1 1 1 1 1 1 1 1 1 1 1 1 1 1 1 1 1 1 1 1 1 1 1 1 1 1 1 1 1 1 1 1 1 1 1 1 1 1 1 1 1 1 1 1 1 1 1 1 1 10 10 1 1 1 1 1 1 1 1 1 1 1 1 1 1 1 1 10 1 1 1 1 1 1 1 1 1 1 1 1 1 1 1 1 1 1 1 1 1 1 1 1 1 1 1 1 1 1 1 1 1 1 10 1 1 1 1 1 1 10 1 1 1 1 1 1 10 1 1 1 1 1 1 1 1 1 1 1 1 1 1 1 1 1 1 1 1 1 1 1 1 1 1 1 1 1 1 1 1 1 1 1 1 1 1 100 12 12 100 12 12 12 1 1 100 1 1 1 100 1 1
staticfield java/lang/Module ALL_UNNAMED_MODULE Ljava/lang/Module; java/lang/Module
staticfield java/lang/Module ALL_UNNAMED_MODULE_SET Ljava/util/Set; java/util/ImmutableCollections$Set12
staticfield java/lang/Module EVERYONE_MODULE Ljava/lang/Module; java/lang/Module
staticfield java/lang/Module EVERYONE_SET Ljava/util/Set; java/util/ImmutableCollections$Set12
staticfield java/lang/Module $assertionsDisabled Z 1
instanceKlass java/lang/reflect/Executable
instanceKlass java/lang/reflect/Field
ciInstanceKlass java/lang/reflect/AccessibleObject 1 1 405 10 9 10 10 10 10 100 10 10 9 100 10 11 7 100 10 7 100 10 10 7 10 10 100 10 100 10 10 10 10 10 10 10 10 10 10 8 100 10 10 8 10 10 8 8 8 8 8 8 100 10 10 9 10 10 10 18 10 10 10 11 100 100 8 10 10 10 8 10 8 10 10 100 8 10 11 10 10 10 10 10 9 100 10 10 9 10 8 10 8 10 9 100 10 7 10 10 7 9 7 7 1 1 1 1 1 1 1 1 1 1 1 1 1 1 1 1 100 1 1 1 1 1 1 1 1 1 1 1 1 1 1 1 1 1 1 1 1 1 1 1 1 1 1 1 1 1 1 1 1 1 1 1 1 1 1 1 7 100 1 1 1 1 1 1 1 1 1 1 1 1 1 1 1 1 1 1 1 1 1 1 1 1 1 1 1 1 1 1 1 1 1 1 1 1 1 1 1 1 1 1 1 1 100 1 1 1 1 1 1 1 1 1 1 1 1 1 1 1 1 1 7 12 100 12 12 12 7 12 100 12 12 12 12 1 12 12 1 1 12 1 1 12 12 1 12 12 1 12 1 7 12 12 12 12 12 12 12 12 1 1 12 1 12 12 1 1 1 1 1 1 1 12 12 12 12 12 7 12 1 15 16 15 16 12 12 12 1 1 1 12 12 1 12 1 12 1 1 12 12 12 12 12 12 12 12 12 12 100 12 1 100 12 1 12 12 1 1 1 1 7 12 1 12 1 1 1 1 1 1 1 1 1 1 1 1 1 1 1 1 1 1 1 1 1 1 1 1 1 1 1 1 1 1 1 1 1 1 1 1 1 1 1 1 1 1 1 1 1 1 1 10 10 1 1 1 1 1 1 1 1 1 1 1 1 1 1 1 1 1 1 1 1 7 12 12 1 1 100 1 1 100 1 1
staticfield java/lang/reflect/AccessibleObject reflectionFactory Ljdk/internal/reflect/ReflectionFactory; jdk/internal/reflect/ReflectionFactory
ciInstanceKlass java/lang/reflect/Field 1 1 433 9 10 10 10 9 10 10 10 10 9 9 9 9 9 9 9 100 8 10 7 10 9 9 10 10 10 10 10 10 100 10 10 10 10 10 10 10 100 10 8 10 10 8 10 10 8 8 10 11 9 10 10 11 11 11 11 11 11 11 11 11 11 11 11 11 11 11 11 11 11 10 10 10 10 10 9 10 10 10 10 11 10 7 10 10 9 10 11 10 10 9 10 10 7 100 1 1 1 1 1 1 1 1 1 1 1 1 1 1 1 1 1 1 1 1 1 1 1 1 1 1 1 1 1 1 1 1 1 1 1 1 1 1 1 1 1 1 1 1 1 1 1 1 1 1 1 1 1 1 1 1 1 1 1 1 1 1 1 1 1 1 1 1 1 1 1 1 1 100 1 1 1 1 100 1 1 1 100 1 1 1 1 1 1 1 1 1 1 1 1 1 1 1 1 1 1 1 1 1 1 1 1 1 1 1 1 1 1 1 1 1 1 1 1 1 1 1 1 1 1 1 1 1 1 1 1 1 1 7 100 1 1 1 1 1 7 1 1 1 1 1 1 1 1 1 1 1 1 1 1 1 1 1 1 1 1 7 100 1 1 1 1 1 1 1 1 12 12 7 12 7 12 12 12 12 7 12 12 12 12 12 12 12 12 12 1 1 12 1 12 12 12 12 7 12 12 12 12 12 1 12 12 12 12 12 12 1 1 12 12 1 12 12 1 1 12 12 12 12 12 12 12 12 12 12 12 12 12 12 12 12 12 12 12 12 12 12 12 12 12 12 12 7 12 12 7 12 12 12 1 100 12 7 12 12 7 12 7 12 12 12 100 12 100 12 12 1 1 1 1 1 1 1 1 1 1 1 1 1 1 1 1 1 1 1 1 1 1 1 1 1 1 1 1 1 1 1 1 1 1 1 1 1 1 1 1 1 1 1 1 1 1 1 1 1 1 1 1 1 1 1 1 100 1 1 1 1 1 1 1 1 1
ciInstanceKlass java/lang/reflect/Parameter 0 0 226 10 9 9 9 9 100 10 10 10 100 10 10 11 10 10 10 10 10 8 8 10 10 10 8 10 8 10 9 10 9 10 10 10 10 10 10 10 10 11 10 100 10 10 10 10 10 9 100 10 11 11 100 100 1 1 1 1 1 1 1 1 1 1 1 1 1 1 1 1 1 1 1 1 1 1 1 1 1 1 1 1 1 1 1 1 1 1 1 1 1 1 1 100 100 1 1 1 1 1 1 1 1 1 1 1 100 1 1 1 1 1 1 1 1 1 1 1 1 1 1 1 1 1 1 1 1 1 1 100 1 1 1 12 12 12 12 12 1 12 12 100 12 1 12 12 12 100 12 12 12 12 1 1 12 12 12 1 1 12 12 12 12 12 12 12 12 12 100 12 12 100 12 12 1 100 12 12 12 12 12 12 1 12 12 1 1 1 1 1 1 1 1 1 1 1 1 1 1 1 1 1 1 1 1 1 1 1 1 1 1 1 1 1 1 1 1 1 1 1 1 1 1 1 1 1
instanceKlass java/lang/reflect/Constructor
instanceKlass java/lang/reflect/Method
ciInstanceKlass java/lang/reflect/Executable 1 1 458 10 10 10 11 10 10 10 10 10 7 8 100 10 10 10 100 8 10 10 10 10 8 8 10 10 100 8 10 8 10 8 11 10 10 11 10 8 8 10 10 100 10 10 10 10 10 10 100 10 10 10 10 10 100 10 100 8 10 10 3 100 8 10 10 10 10 10 8 8 8 9 10 100 8 9 10 10 10 10 10 10 100 10 10 100 10 7 10 10 11 10 10 10 9 10 7 10 10 9 10 10 9 10 9 10 9 7 100 100 1 1 1 1 1 1 1 1 1 1 1 1 1 1 1 1 1 1 1 1 1 1 1 1 1 1 1 1 1 1 1 1 1 1 1 1 1 1 1 1 1 1 1 1 1 1 1 1 1 1 1 1 1 1 1 1 1 1 100 1 1 1 1 1 1 1 1 1 1 1 1 1 1 1 1 1 100 100 100 1 1 1 1 1 1 1 1 1 1 1 1 1 1 1 1 1 1 1 1 1 1 1 1 1 1 1 1 1 1 1 1 1 1 1 1 1 1 1 1 1 1 1 1 1 1 1 1 1 1 1 1 1 1 1 1 1 1 1 1 1 1 1 1 1 1 1 1 1 1 7 100 100 1 1 1 1 1 1 1 1 1 1 1 1 12 7 12 12 7 12 7 12 12 12 12 12 1 1 1 12 12 1 1 12 7 12 12 12 1 1 12 1 1 12 1 12 1 100 12 12 12 1 1 12 12 1 12 12 7 12 12 12 1 12 12 12 12 100 12 12 1 1 12 12 1 1 12 12 12 12 1 1 1 12 12 1 1 12 12 12 12 12 12 12 12 12 1 100 12 1 7 12 12 12 12 100 12 12 12 12 1 12 12 100 12 100 12 12 12 12 12 12 12 1 1 1 1 1 1 1 1 1 1 1 1 1 1 1 1 1 1 1 1 1 1 1 1 1 1 1 1 1 1 1 1 1 1 1 1 1 1 1 1 1 1 1 1 1 1 1 1 1 1 1 1 1 1 1 1 1 1 1 100 1 1 1 1 1 1 1 1 1 1 1 1 1 1 1
ciInstanceKlass java/lang/reflect/Method 1 1 441 9 10 10 9 10 10 10 10 9 9 9 9 9 9 9 9 9 9 9 100 8 10 7 10 9 8 10 10 10 10 10 10 10 100 10 10 10 7 10 10 10 10 10 10 10 10 10 10 10 10 10 10 10 100 8 10 100 8 10 10 10 10 10 10 10 11 9 10 10 10 10 11 10 7 10 10 10 10 9 10 10 10 10 10 11 10 7 100 100 10 10 10 100 10 8 10 10 10 10 10 8 10 7 1 1 1 1 1 1 1 1 1 1 1 1 1 1 1 1 1 1 1 1 1 1 1 1 1 1 1 1 1 1 1 1 1 1 1 1 1 1 1 1 1 1 1 1 1 1 1 1 1 1 1 1 1 1 1 1 1 1 1 1 1 1 1 1 1 1 1 1 1 1 1 1 1 1 1 1 1 1 1 1 1 1 1 1 1 1 1 1 1 1 1 1 1 1 1 1 1 1 1 1 1 1 1 1 1 1 1 7 100 100 7 1 100 100 1 1 1 1 1 1 1 1 1 1 1 1 1 1 1 1 1 1 1 1 1 1 1 1 1 1 1 1 1 1 1 1 1 1 1 1 1 1 12 7 12 7 12 12 12 12 7 12 12 12 12 12 12 12 12 12 12 12 12 12 1 1 12 1 12 12 1 7 12 7 12 12 12 12 12 12 1 12 12 7 12 12 7 12 12 12 12 12 100 12 12 12 12 12 12 12 1 1 1 1 12 12 12 12 12 12 12 100 12 12 12 12 12 12 12 1 12 12 12 12 12 7 12 12 7 12 7 12 7 12 7 12 7 12 1 1 1 12 12 12 1 1 12 12 12 12 1 12 1 1 1 1 1 1 1 1 1 1 1 1 1 1 1 1 1 1 1 1 1 1 1 1 1 1 1 1 1 1 1 1 1 1 1 1 1 1 1 1 1 1 1 1 1 1 1 1 1 1 1 1 1 1 1 1 1 1 1 1 1 1 1 1 1 1 1 1 1 1 1 1 1 1 1
ciInstanceKlass java/lang/reflect/Constructor 1 1 415 10 10 9 10 10 10 9 10 9 9 9 9 9 9 9 9 100 8 10 7 10 9 10 10 10 10 10 7 100 8 10 10 10 10 10 100 10 7 10 10 10 10 10 10 10 10 10 100 8 10 10 100 8 10 10 10 10 10 10 10 9 10 10 100 8 10 11 10 10 10 9 10 10 10 10 10 10 10 10 10 100 8 10 10 10 10 10 10 10 11 9 10 10 7 1 1 1 1 1 1 1 1 1 1 1 1 1 1 1 1 1 1 1 1 1 1 1 1 1 1 1 1 1 1 1 1 1 1 1 1 1 1 1 1 1 1 1 1 1 1 1 1 1 1 1 1 1 1 1 1 1 1 1 1 1 1 1 1 1 1 1 1 1 1 1 1 1 1 1 1 1 1 1 1 1 1 1 1 1 1 1 1 1 1 1 1 1 1 1 1 1 1 1 1 1 1 1 7 1 100 100 100 1 1 1 1 1 1 1 1 1 1 1 1 1 1 1 1 1 1 1 1 1 1 1 1 1 1 1 1 1 1 1 1 1 1 1 1 1 100 12 100 12 12 12 12 100 12 12 12 12 12 12 12 12 12 12 12 1 1 12 1 12 12 7 12 7 12 12 12 12 1 1 1 12 12 12 12 1 7 12 12 7 12 12 100 12 12 12 12 12 1 1 12 1 1 12 12 12 12 12 12 12 12 12 12 1 1 12 12 12 12 12 12 7 12 12 12 12 12 12 12 12 12 1 1 12 12 12 12 100 12 100 12 100 12 100 12 12 1 1 1 1 1 1 1 1 1 1 1 1 1 1 1 1 1 1 1 1 1 1 1 1 1 1 1 1 1 1 1 1 1 1 1 1 1 1 1 1 1 1 1 1 1 1 1 1 1 1 1 1 1 1 1 1 1 1 1 1 1 1 1 1 1 100 1 1 1 1 1 1 1 1 1
instanceKlass jdk/internal/reflect/FieldAccessorImpl
instanceKlass jdk/internal/reflect/ConstructorAccessorImpl
instanceKlass jdk/internal/reflect/MethodAccessorImpl
ciInstanceKlass jdk/internal/reflect/MagicAccessorImpl 1 1 16 10 100 7 1 1 1 1 1 1 1 1 1 12 1 1
ciInstanceKlass jdk/internal/reflect/MethodAccessor 1 0 14 100 100 1 1 1 100 100 1 1 1 1 1 1
instanceKlass jdk/internal/reflect/GeneratedMethodAccessor9
instanceKlass jdk/internal/reflect/GeneratedMethodAccessor8
instanceKlass jdk/internal/reflect/GeneratedMethodAccessor7
instanceKlass jdk/internal/reflect/GeneratedMethodAccessor6
instanceKlass jdk/internal/reflect/GeneratedMethodAccessor5
instanceKlass jdk/internal/reflect/GeneratedMethodAccessor4
instanceKlass jdk/internal/reflect/GeneratedMethodAccessor3
instanceKlass jdk/internal/reflect/GeneratedMethodAccessor2
instanceKlass jdk/internal/reflect/GeneratedMethodAccessor1
instanceKlass jdk/internal/reflect/DelegatingMethodAccessorImpl
instanceKlass jdk/internal/reflect/NativeMethodAccessorImpl
ciInstanceKlass jdk/internal/reflect/MethodAccessorImpl 1 1 25 10 100 7 100 1 1 1 1 1 1 1 1 1 1 100 100 1 1 12 1 1 1 1 1
instanceKlass jdk/internal/reflect/GeneratedConstructorAccessor48
instanceKlass jdk/internal/reflect/GeneratedConstructorAccessor47
instanceKlass jdk/internal/reflect/GeneratedConstructorAccessor46
instanceKlass jdk/internal/reflect/GeneratedConstructorAccessor45
instanceKlass jdk/internal/reflect/GeneratedConstructorAccessor44
instanceKlass jdk/internal/reflect/GeneratedConstructorAccessor43
instanceKlass jdk/internal/reflect/GeneratedConstructorAccessor42
instanceKlass jdk/internal/reflect/GeneratedConstructorAccessor41
instanceKlass jdk/internal/reflect/GeneratedConstructorAccessor40
instanceKlass jdk/internal/reflect/GeneratedConstructorAccessor39
instanceKlass jdk/internal/reflect/GeneratedConstructorAccessor38
instanceKlass jdk/internal/reflect/GeneratedConstructorAccessor37
instanceKlass jdk/internal/reflect/GeneratedConstructorAccessor36
instanceKlass jdk/internal/reflect/GeneratedConstructorAccessor35
instanceKlass jdk/internal/reflect/GeneratedConstructorAccessor34
instanceKlass jdk/internal/reflect/GeneratedConstructorAccessor33
instanceKlass jdk/internal/reflect/GeneratedConstructorAccessor32
instanceKlass jdk/internal/reflect/GeneratedConstructorAccessor31
instanceKlass jdk/internal/reflect/GeneratedConstructorAccessor30
instanceKlass jdk/internal/reflect/GeneratedConstructorAccessor29
instanceKlass jdk/internal/reflect/GeneratedConstructorAccessor28
instanceKlass jdk/internal/reflect/GeneratedConstructorAccessor27
instanceKlass jdk/internal/reflect/GeneratedConstructorAccessor26
instanceKlass jdk/internal/reflect/GeneratedConstructorAccessor25
instanceKlass jdk/internal/reflect/GeneratedConstructorAccessor24
instanceKlass jdk/internal/reflect/GeneratedConstructorAccessor23
instanceKlass jdk/internal/reflect/GeneratedConstructorAccessor22
instanceKlass jdk/internal/reflect/GeneratedConstructorAccessor21
instanceKlass jdk/internal/reflect/GeneratedConstructorAccessor20
instanceKlass jdk/internal/reflect/GeneratedConstructorAccessor19
instanceKlass jdk/internal/reflect/GeneratedConstructorAccessor18
instanceKlass jdk/internal/reflect/GeneratedConstructorAccessor17
instanceKlass jdk/internal/reflect/GeneratedConstructorAccessor16
instanceKlass jdk/internal/reflect/GeneratedConstructorAccessor15
instanceKlass jdk/internal/reflect/GeneratedConstructorAccessor14
instanceKlass jdk/internal/reflect/GeneratedConstructorAccessor13
instanceKlass jdk/internal/reflect/GeneratedConstructorAccessor12
instanceKlass jdk/internal/reflect/GeneratedConstructorAccessor11
instanceKlass jdk/internal/reflect/GeneratedConstructorAccessor10
instanceKlass jdk/internal/reflect/GeneratedConstructorAccessor9
instanceKlass jdk/internal/reflect/GeneratedConstructorAccessor8
instanceKlass jdk/internal/reflect/GeneratedConstructorAccessor7
instanceKlass jdk/internal/reflect/GeneratedConstructorAccessor6
instanceKlass jdk/internal/reflect/GeneratedConstructorAccessor5
instanceKlass jdk/internal/reflect/GeneratedConstructorAccessor4
instanceKlass jdk/internal/reflect/GeneratedConstructorAccessor3
instanceKlass jdk/internal/reflect/GeneratedConstructorAccessor2
instanceKlass jdk/internal/reflect/BootstrapConstructorAccessorImpl
instanceKlass jdk/internal/reflect/GeneratedConstructorAccessor1
instanceKlass jdk/internal/reflect/DelegatingConstructorAccessorImpl
instanceKlass jdk/internal/reflect/NativeConstructorAccessorImpl
ciInstanceKlass jdk/internal/reflect/ConstructorAccessorImpl 1 1 27 10 100 7 100 1 1 1 1 1 1 1 1 1 1 100 100 100 1 1 12 1 1 1 1 1 1
ciInstanceKlass jdk/internal/reflect/DelegatingClassLoader 1 1 18 10 100 7 1 1 1 1 1 1 1 1 1 1 1 12 1 1
ciInstanceKlass jdk/internal/reflect/ConstantPool 1 1 138 10 9 10 10 10 10 10 10 10 10 10 10 10 10 10 10 10 10 10 10 10 7 7 8 10 100 100 1 1 1 1 1 1 1 1 1 1 1 1 1 1 1 1 1 1 1 1 1 1 1 1 1 1 1 1 1 1 1 1 1 1 1 1 1 1 1 1 1 1 1 1 1 1 1 1 1 1 1 1 1 1 1 1 1 1 1 1 1 1 1 1 1 1 1 1 1 1 1 1 1 1 1 1 1 1 12 12 12 12 12 12 12 12 12 12 12 12 12 12 12 12 12 12 12 12 12 1 1 7 12 1 1 1 1 1 1 1
instanceKlass jdk/internal/reflect/UnsafeFieldAccessorImpl
ciInstanceKlass jdk/internal/reflect/FieldAccessorImpl 1 1 59 10 100 7 100 1 1 1 1 1 1 1 1 1 1 100 1 1 1 1 1 1 1 1 1 1 1 1 1 1 1 1 1 1 100 1 1 1 1 1 1 1 1 1 1 1 1 1 1 1 1 1 1 12 1 1 1 1 1
instanceKlass jdk/internal/reflect/UnsafeBooleanFieldAccessorImpl
instanceKlass jdk/internal/reflect/UnsafeIntegerFieldAccessorImpl
instanceKlass jdk/internal/reflect/UnsafeObjectFieldAccessorImpl
instanceKlass jdk/internal/reflect/UnsafeStaticFieldAccessorImpl
ciInstanceKlass jdk/internal/reflect/UnsafeFieldAccessorImpl 1 1 254 10 9 10 10 9 10 9 10 10 9 10 10 10 10 100 10 10 10 8 10 10 100 8 10 8 10 8 10 100 10 10 8 10 8 10 8 10 8 10 8 10 8 10 8 10 8 10 8 10 10 8 8 8 8 8 8 10 8 8 8 10 10 7 7 1 1 1 1 1 1 1 1 1 1 1 1 1 1 1 1 7 1 1 1 1 1 1 1 1 1 1 1 1 1 1 1 7 100 1 1 1 1 1 1 1 1 1 1 1 1 1 1 1 1 1 1 1 1 1 1 1 1 1 1 1 1 1 1 1 1 1 1 1 1 1 1 1 12 12 12 7 12 12 7 12 12 12 12 12 12 12 7 12 12 1 12 12 1 12 1 1 12 1 12 1 12 1 12 1 12 1 100 12 1 100 12 1 100 12 1 100 12 1 100 12 1 100 12 1 100 12 1 100 12 12 1 1 1 1 1 1 12 1 1 1 12 12 1 1 1 1 1 1 1 1 1 1 1 1 1 1 1 1 1 1 1 1 1 1 1 1 1 1 1 1 1 1 1 1 1 1 1 1 1 1 1 1 1 1 1 1 1 1
staticfield jdk/internal/reflect/UnsafeFieldAccessorImpl unsafe Ljdk/internal/misc/Unsafe; jdk/internal/misc/Unsafe
ciInstanceKlass jdk/internal/reflect/UnsafeStaticFieldAccessorImpl 0 0 43 10 9 10 9 100 100 8 10 100 1 1 1 1 1 1 1 1 1 1 1 1 1 1 1 12 12 100 12 12 1 1 100 12 1 1 1 1 1 1 1 1 1
ciInstanceKlass jdk/internal/reflect/CallerSensitive 0 0 17 100 100 100 1 1 1 1 1 1 1 1 1 1 1 1 1
instanceKlass java/lang/invoke/DelegatingMethodHandle
instanceKlass java/lang/invoke/BoundMethodHandle
instanceKlass java/lang/invoke/DirectMethodHandle
ciInstanceKlass java/lang/invoke/MethodHandle 1 1 489 9 10 10 7 7 10 9 10 10 10 10 10 10 11 10 10 10 9 10 100 100 10 8 10 10 8 10 10 10 10 10 10 10 10 10 10 7 10 10 10 8 10 8 10 10 10 10 8 10 8 10 8 10 9 100 10 9 9 8 10 10 10 10 10 10 10 10 10 10 10 8 10 8 10 10 10 10 10 9 8 10 10 8 10 10 10 10 10 100 8 10 10 9 10 7 10 10 9 10 10 8 9 9 9 10 10 10 10 7 10 8 10 100 1 1 1 1 1 1 1 1 1 1 1 1 1 1 1 1 1 1 1 1 1 1 1 1 100 1 1 1 1 1 1 1 1 1 1 1 1 1 1 1 1 1 1 1 1 1 1 1 1 1 1 1 1 1 1 1 1 1 1 1 1 1 1 1 1 1 1 1 1 1 1 1 1 1 1 1 1 1 1 1 1 1 1 1 1 1 1 1 1 1 7 1 1 1 1 1 1 1 1 1 1 1 1 1 1 1 1 1 1 1 1 1 1 1 1 1 1 1 1 1 100 1 1 1 1 1 1 1 1 1 1 1 1 1 100 1 1 1 1 1 1 1 1 1 1 1 1 1 1 1 1 1 1 1 1 1 1 12 12 7 12 1 1 12 12 12 12 12 100 12 12 12 100 12 12 12 12 12 12 1 1 1 12 12 1 12 12 7 12 12 12 12 12 12 12 100 12 1 12 12 12 1 7 12 1 12 12 12 12 1 12 1 12 1 100 12 12 1 100 12 100 1 12 12 12 12 12 12 12 12 12 12 12 1 12 1 12 12 12 12 12 12 1 12 12 1 12 12 7 12 12 1 1 12 12 12 1 100 12 12 12 12 12 1 12 12 12 7 12 12 12 12 1 12 12 1 1 1 1 1 1 1 1 1 1 1 1 1 1 1 1 1 1 1 1 1 1 1 1 1 1 1 1 1 1 1 1 1 1 1 1 1 1 1 1 1 1 1 1 1 1 1 1 1 1 1 1 1 1 1 1 1 1 1 1 1 1 1 1 1 1 1 1 1 1 1 1 1 1 1 1 1 1 1 1 1 1 1 1 1 1 1 1 1 1 1 1 1 1 1 1 1 1 1 1
staticfield java/lang/invoke/MethodHandle FORM_OFFSET J 20
staticfield java/lang/invoke/MethodHandle $assertionsDisabled Z 1
instanceKlass java/lang/invoke/DirectMethodHandle$Interface
instanceKlass java/lang/invoke/DirectMethodHandle$Special
instanceKlass java/lang/invoke/DirectMethodHandle$Accessor
instanceKlass java/lang/invoke/DirectMethodHandle$Constructor
ciInstanceKlass java/lang/invoke/DirectMethodHandle 1 1 922 7 7 100 7 7 10 10 100 10 10 10 10 10 10 7 7 10 10 10 10 10 10 9 100 10 9 10 10 10 10 10 10 7 10 10 10 8 10 7 10 7 10 10 10 10 10 10 100 10 10 7 10 10 10 10 8 10 10 10 10 10 9 7 10 10 10 100 10 8 10 10 10 10 10 10 10 10 10 10 10 10 10 10 10 10 10 10 10 8 9 8 9 9 8 9 9 8 9 9 8 10 10 7 9 7 10 100 10 10 10 10 7 10 10 10 7 10 10 10 10 10 9 10 9 9 10 10 7 7 7 9 10 10 10 10 9 10 100 10 100 10 10 8 9 9 10 9 10 9 9 10 10 10 10 10 10 10 9 10 10 10 10 10 9 10 9 9 9 9 9 9 9 9 9 9 9 9 9 9 9 9 9 9 9 9 9 9 9 9 9 9 9 9 9 9 9 9 9 9 9 9 9 8 9 9 10 100 10 9 10 7 9 10 10 10 10 10 8 8 8 8 10 9 10 7 10 8 9 10 8 8 8 9 8 8 8 8 8 8 7 8 10 10 8 8 10 10 10 10 7 7 1 1 1 1 1 1 1 100 1 1 1 1 7 1 1 1 1 1 3 1 3 1 3 1 3 1 3 1 3 1 3 1 1 3 1 1 3 1 3 1 1 1 1 1 1 1 1 1 1 1 1 1 1 3 1 3 1 1 1 1 3 1 1 1 1 1 1 1 1 1 1 1 1 1 1 1 1 1 1 1 1 7 1 1 1 1 1 1 1 1 1 1 1 1 1 1 1 1 1 1 1 1 1 1 1 1 1 1 1 1 1 1 1 1 1 1 1 1 1 1 1 1 1 1 1 7 1 1 1 1 1 1 1 1 1 1 1 1 1 1 1 1 1 1 1 1 1 1 1 100 1 1 1 1 1 1 1 1 1 1 1 1 1 1 1 1 1 1 1 1 1 1 1 1 1 1 1 1 1 100 1 1 1 1 1 1 1 1 1 1 1 1 1 1 1 1 1 1 1 1 1 1 1 1 1 1 1 1 1 1 1 1 1 1 1 1 1 1 1 1 1 1 1 1 1 1 1 1 1 1 1 1 1 1 1 1 1 1 1 1 1 1 1 7 1 1 1 1 12 12 1 12 12 12 12 12 12 1 1 12 12 12 12 12 12 12 1 12 12 12 12 12 12 12 1 12 12 12 1 12 1 12 1 12 12 12 12 12 1 12 12 1 12 12 12 12 12 12 12 12 12 7 12 1 12 7 12 12 1 1 12 12 12 12 12 12 12 12 12 12 12 12 7 12 12 12 12 12 1 12 1 12 12 1 12 12 1 12 12 1 12 12 1 12 1 12 1 12 12 12 12 1 12 12 12 12 7 12 12 12 12 12 12 12 7 12 12 1 1 1 12 12 12 12 12 12 12 1 12 1 12 12 1 12 12 12 12 100 12 12 12 12 12 12 12 12 12 7 12 12 12 12 12 12 12 12 12 12 12 12 12 12 12 12 12 12 12 12 12 12 12 12 12 12 12 12 12 12 12 12 12 12 12 12 12 12 12 12 12 12 12 12 12 12 1 12 12 12 1 12 7 12 1 12 12 12 12 12 1 1 1 1 12 12 12 1 100 12 12 12 12 1 1 12 12 1 12 12 12 12 1 1 1 1 1 1 1 1 1 1 1 1 1 1 1 1 1 1 1 1 1 1 1 1 1 1 1 1 1 1 1 1 1 1 1 1 1 1 1 1 1 1 1 1 1 1 1 1 1 1 1 1 1 1 1 1 1 1 1 1 1 1 1 1 1 1 1 1 1 1 1 1 1 1 1 1 1 1 1 1 1 1 1 1 1 1 1 1 1 1 1 1 1 1 1 1 1 1 1 1 1 1 1 1 1 1 1 1 1 1 1 1 1 1 1 1 1 1 1 1 1 1 1 1 1 1 1 1 1 1 1 1 1 1 1 1 1 1 1 1 1 1 1 1 1 1 1 1 1 1 1 1 1 1 1 1 1 1 1 1 1 1 1 1 1 1 1 1 1 1 1 1 1 1 1 1 1 1 1 1 1 1 1 1 1 1 1 1 1 1
staticfield java/lang/invoke/DirectMethodHandle IMPL_NAMES Ljava/lang/invoke/MemberName$Factory; java/lang/invoke/MemberName$Factory
staticfield java/lang/invoke/DirectMethodHandle FT_UNCHECKED_REF I 8
staticfield java/lang/invoke/DirectMethodHandle ACCESSOR_FORMS [Ljava/lang/invoke/LambdaForm; 132 [Ljava/lang/invoke/LambdaForm;
staticfield java/lang/invoke/DirectMethodHandle ALL_WRAPPERS [Lsun/invoke/util/Wrapper; 10 [Lsun/invoke/util/Wrapper;
staticfield java/lang/invoke/DirectMethodHandle NFS [Ljava/lang/invoke/LambdaForm$NamedFunction; 12 [Ljava/lang/invoke/LambdaForm$NamedFunction;
staticfield java/lang/invoke/DirectMethodHandle OBJ_OBJ_TYPE Ljava/lang/invoke/MethodType; java/lang/invoke/MethodType
staticfield java/lang/invoke/DirectMethodHandle LONG_OBJ_TYPE Ljava/lang/invoke/MethodType; java/lang/invoke/MethodType
staticfield java/lang/invoke/DirectMethodHandle $assertionsDisabled Z 1
instanceKlass java/lang/invoke/VarHandleObjects$FieldInstanceReadOnly
instanceKlass java/lang/invoke/VarHandleInts$FieldInstanceReadOnly
ciInstanceKlass java/lang/invoke/VarHandle 1 1 298 10 9 100 10 9 10 10 10 9 10 10 9 9 10 10 10 10 10 10 10 9 100 10 9 10 10 7 7 10 10 10 9 10 9 10 10 10 100 10 9 9 10 10 10 10 10 10 10 7 10 10 9 8 10 7 10 7 100 1 1 100 1 100 1 100 1 1 1 1 1 1 1 1 1 1 1 1 1 1 1 1 1 1 1 1 1 1 1 1 1 1 100 1 1 1 1 1 1 1 1 1 1 1 1 1 1 1 1 1 1 1 1 1 1 1 1 1 1 1 1 1 1 1 1 1 1 1 1 1 1 1 1 1 1 1 1 1 1 1 1 1 1 1 100 1 1 1 1 1 1 1 1 1 100 1 1 1 1 1 1 1 100 1 1 1 100 1 1 1 1 1 1 1 1 1 1 1 1 12 12 1 12 12 12 12 12 12 12 12 12 12 12 12 12 12 100 12 12 1 12 12 12 1 1 12 100 12 12 12 12 12 12 12 12 1 7 12 12 7 12 12 12 12 12 12 12 1 7 12 12 12 1 12 1 1 1 1 1 1 1 1 1 1 1 1 1 1 1 1 1 1 1 1 1 1 1 1 1 1 1 1 1 1 1 1 1 1 1 1 1 1 1 1 1 1 1 1 1 1 1 1 1 1 1 1 1 1 1 1 1 1 1 1 1 1 1 1
staticfield java/lang/invoke/VarHandle AIOOBE_SUPPLIER Ljava/util/function/BiFunction; jdk/internal/util/Preconditions$1
staticfield java/lang/invoke/VarHandle VFORM_OFFSET J 12
staticfield java/lang/invoke/VarHandle $assertionsDisabled Z 1
ciInstanceKlass java/lang/invoke/MemberName 1 1 747 7 7 100 9 10 9 10 10 10 10 10 10 10 9 10 100 100 10 8 10 10 10 10 9 8 10 7 7 10 10 100 100 7 10 9 100 8 10 10 10 10 10 10 10 10 10 10 8 8 8 10 10 9 3 10 10 10 10 10 10 10 10 10 7 8 10 10 8 9 8 9 10 8 10 10 10 10 10 100 10 10 8 10 10 8 10 10 100 10 10 8 8 100 10 10 100 10 10 10 10 10 10 10 10 10 3 10 3 10 3 3 3 3 3 3 100 10 10 10 3 9 10 3 10 10 10 10 10 10 10 10 10 10 10 10 10 10 100 10 10 10 100 10 10 10 10 10 10 8 10 10 10 10 10 10 10 10 10 10 10 10 10 100 10 100 8 10 7 10 10 10 10 10 8 8 8 8 10 10 10 8 8 10 8 10 10 10 8 8 10 10 8 10 8 10 10 10 8 8 8 100 10 8 8 8 8 10 100 100 100 10 100 10 100 10 9 10 100 100 7 1 1 1 1 1 1 1 1 1 1 1 1 1 1 1 1 1 3 1 3 1 3 1 3 1 3 1 3 1 1 1 1 1 1 1 1 3 1 1 1 1 3 1 1 1 1 1 1 1 1 1 1 1 1 1 1 1 1 1 1 1 1 1 1 1 1 1 1 1 1 1 1 1 1 1 1 1 1 1 1 1 1 1 1 1 1 1 1 1 1 1 1 1 1 1 1 1 1 1 1 1 1 1 1 1 1 1 1 1 1 1 1 1 1 1 1 1 1 1 1 1 1 1 1 1 1 1 1 1 1 1 1 1 1 1 1 1 1 1 1 1 1 1 1 1 1 1 1 1 1 1 1 1 1 1 1 1 1 1 1 1 1 1 7 1 1 1 1 1 1 1 1 1 1 1 100 1 1 1 1 1 1 100 1 1 1 1 1 1 1 1 1 1 1 1 1 1 1 1 1 1 1 1 1 1 1 1 1 1 1 1 1 1 1 1 1 1 1 1 1 1 1 1 1 1 1 1 1 1 1 100 1 1 100 1 1 1 1 1 1 1 1 1 7 1 1 12 12 12 12 12 12 12 12 12 12 100 12 12 1 1 12 1 12 12 12 12 12 1 100 12 1 1 12 1 12 12 1 1 12 12 12 12 12 12 12 12 12 12 1 1 1 100 12 12 12 12 12 12 12 12 12 12 12 1 12 12 100 100 12 1 12 12 12 12 12 1 12 12 1 12 12 1 12 12 1 12 12 1 1 1 12 100 12 1 12 12 12 12 12 12 12 12 12 12 100 1 12 7 12 12 12 12 12 7 12 12 12 12 12 12 12 12 12 1 12 1 12 12 12 12 12 12 12 12 12 12 12 12 12 1 12 1 1 1 12 12 12 12 12 1 1 1 1 12 12 12 1 1 12 1 12 12 1 1 12 1 12 1 12 12 12 1 1 1 1 1 1 1 1 12 1 1 1 1 1 12 12 12 1 1 1 1 1 1 1 1 1 1 1 1 1 1 1 1 1 1 1 1 1 1 1 1 1 1 1 1 1 1 1 1 1 1 1 1 1 1 1 1 1 1 1 1 1 1 1 1 1 1 1 1 1 1 1 1 1 1 1 1 1 1 1 1 1 1 1 1 1 1 1 1 1 1 1 1 1 1 1 1 1 1 1 1 1 1 1 1 1 1 1 1 1 1 1 1 1
staticfield java/lang/invoke/MemberName $assertionsDisabled Z 1
ciInstanceKlass java/lang/invoke/ResolvedMethodName 1 1 16 10 100 100 1 1 1 1 1 1 1 1 1 12 1 1
ciInstanceKlass java/lang/invoke/MethodHandleNatives 1 1 660 100 10 9 10 100 10 10 10 10 8 8 8 8 8 8 8 8 8 8 7 10 7 10 10 7 10 10 8 10 8 10 8 10 9 8 10 100 10 100 100 8 7 7 10 10 7 9 10 10 10 7 10 10 10 10 10 9 8 10 8 10 8 8 8 100 10 8 10 10 10 100 8 10 7 8 10 8 8 8 8 8 10 10 10 10 10 7 10 100 100 10 10 8 8 10 10 10 8 10 8 8 10 10 100 10 7 9 10 10 10 9 10 9 9 10 10 10 7 7 10 10 10 10 10 8 10 10 10 10 10 10 100 8 10 9 10 10 100 10 10 100 100 10 10 100 100 10 100 10 10 10 10 10 10 10 10 10 10 10 10 8 100 10 10 10 10 10 10 7 10 10 10 10 1 1 7 1 1 1 1 1 1 1 1 1 1 1 1 1 1 1 1 1 100 1 1 1 1 1 1 1 1 1 1 1 1 1 1 1 1 1 1 1 1 1 1 1 1 1 1 1 1 1 1 1 1 1 1 1 1 1 1 1 1 1 1 1 1 1 1 1 1 1 1 1 1 1 100 1 1 1 1 1 1 1 1 1 1 1 1 1 1 1 1 1 1 1 1 1 1 7 1 1 1 1 1 1 1 1 1 1 1 1 1 1 1 1 1 1 1 1 1 1 1 1 1 1 1 1 1 1 1 1 1 1 1 1 1 1 1 1 1 1 7 1 1 1 1 1 1 1 1 1 1 1 1 100 1 1 1 1 1 1 1 1 1 1 1 1 1 1 7 1 1 1 1 1 1 1 1 1 1 1 1 1 1 100 1 1 1 1 1 1 1 1 1 1 1 1 1 1 1 1 12 12 12 1 12 12 12 1 1 1 1 1 1 1 1 1 1 1 12 1 12 12 1 12 1 12 1 12 1 12 100 12 1 100 12 1 12 1 1 1 1 1 12 1 7 12 12 12 12 1 12 7 12 12 12 12 12 1 12 1 12 1 1 1 1 12 1 12 12 100 12 1 100 12 1 1 12 1 1 1 1 1 12 12 12 12 12 1 12 1 1 12 12 1 1 12 12 1 100 12 1 1 12 12 1 12 1 12 7 12 12 12 12 12 12 12 12 12 1 1 12 12 12 7 12 12 1 12 12 12 12 7 12 12 1 1 12 12 12 1 12 12 1 1 1 1 1 12 12 12 12 12 12 12 12 12 1 1 12 12 12 12 12 12 1 12 12 12 1 1 1 1 1 100 1 1 1 1 1 1 1 1 1 1 1 1 1 1 1 1 1 1 1 1 1 1 1 1 1 1 1 1 1 1 1 1 1 1 1 1 1 1 1 1 1 1 1 1 1 1 1 1 1 1 1 1 1 1 1 1 1 1 1 1 1 1 1 1 1 1 1 1 1 1 1 1 1 1 1 1 1 1 1 1 1 1 1 1 1 1 1 1 1 1 1 1 1 1 1 1 1 1 1 1 1 1 1 1 1 1 1 1 1 1 1 1
staticfield java/lang/invoke/MethodHandleNatives $assertionsDisabled Z 1
ciInstanceKlass java/lang/invoke/LambdaForm 1 1 1075 100 9 10 10 9 9 10 100 10 9 10 9 10 7 9 9 9 9 10 7 10 7 10 10 10 10 10 10 9 100 10 9 10 10 10 10 10 7 10 10 8 10 10 10 7 10 10 7 10 10 9 9 9 10 9 10 10 100 10 9 10 10 100 10 10 10 10 10 10 10 8 10 10 8 8 9 9 9 10 10 10 9 10 10 10 10 10 10 9 10 8 8 8 8 8 8 8 8 10 9 7 10 9 10 10 10 10 10 10 10 10 10 10 10 10 10 10 100 8 10 10 10 10 8 10 8 8 10 9 10 10 100 10 10 10 10 9 8 10 10 10 10 10 9 8 10 100 10 10 9 9 8 10 10 100 100 10 10 8 8 100 8 10 10 10 8 8 9 10 10 8 8 8 100 8 100 8 100 8 10 8 9 10 10 9 10 10 10 10 10 10 10 10 10 10 8 100 10 10 9 10 8 8 100 8 8 8 8 8 8 8 8 10 10 10 10 8 8 8 10 8 10 8 8 8 8 8 10 10 10 10 10 10 10 10 10 10 10 9 8 10 9 10 9 9 9 9 7 10 9 10 10 7 8 10 9 7 10 8 100 10 9 9 10 7 10 10 10 9 10 10 10 9 10 10 10 9 10 9 7 9 10 9 10 100 10 7 9 100 1 1 100 1 100 1 1 1 7 1 7 1 1 1 1 1 1 1 1 1 1 1 1 1 1 1 1 1 1 1 1 1 3 1 3 1 1 1 1 1 3 1 1 1 7 1 1 1 1 1 1 1 1 1 1 1 1 1 1 1 1 1 1 1 1 1 1 1 1 1 1 1 1 1 1 1 1 1 1 1 1 1 1 1 1 1 1 1 1 1 1 1 1 1 1 1 1 1 1 1 1 1 1 1 1 1 1 1 1 1 1 1 1 1 1 1 1 1 1 1 1 1 1 1 1 1 1 1 1 1 1 1 1 1 1 1 1 1 1 1 1 1 1 1 1 1 1 1 1 1 1 100 1 1 1 1 1 1 1 1 1 1 1 1 1 1 1 1 1 1 1 1 1 1 1 1 1 1 1 1 1 1 1 1 1 1 1 1 1 1 1 1 1 1 1 1 1 1 1 1 1 1 1 1 1 1 1 1 1 1 1 1 1 1 7 1 1 1 1 1 1 1 1 1 1 1 1 1 1 1 1 1 1 1 1 1 1 1 1 100 1 1 1 1 1 1 1 1 1 1 1 1 1 1 1 1 1 1 1 1 100 1 1 1 1 1 1 1 1 1 1 1 1 1 1 1 1 1 1 1 1 1 1 1 1 1 1 1 1 1 1 1 1 1 1 1 1 1 1 1 1 1 1 1 1 1 1 1 1 1 1 1 100 1 1 1 1 1 1 1 1 1 1 1 1 1 1 1 1 1 1 1 1 1 1 1 1 100 1 1 1 100 1 1 12 12 12 12 12 12 1 12 12 12 7 12 12 12 12 12 12 1 12 1 12 12 100 12 100 12 12 12 12 1 12 12 12 12 12 12 12 1 12 1 12 12 12 1 12 12 1 12 12 12 12 12 12 12 12 12 1 12 12 12 12 1 12 12 12 12 12 12 12 1 12 12 1 1 12 12 12 12 7 12 12 12 7 12 12 12 12 12 12 12 1 1 1 1 1 1 1 1 12 12 1 12 12 12 12 12 12 12 12 12 12 12 12 12 12 12 1 1 12 12 12 1 12 1 1 12 12 12 12 1 12 12 7 12 12 12 1 100 12 12 12 12 12 12 1 12 12 7 12 12 1 12 12 1 1 12 1 1 1 1 12 12 12 1 1 12 12 12 1 1 1 1 1 1 1 1 1 12 1 12 12 12 12 12 12 12 12 12 12 12 12 1 12 12 12 12 1 1 1 1 1 1 1 1 1 1 1 12 12 12 12 1 1 1 12 1 12 1 1 1 1 1 12 12 12 7 12 12 12 12 12 12 12 12 12 1 12 12 12 12 12 12 12 1 7 12 12 12 12 1 1 12 12 1 12 1 1 12 12 12 12 1 12 7 12 12 7 12 12 12 12 12 12 12 12 12 12 12 12 12 1 1 1 1 1 1 1 1 1 1 1 1 1 1 1 1 1 1 1 1 1 1 1 1 1 1 1 1 1 1 1 1 1 1 1 1 1 1 1 1 1 1 1 1 1 1 1 1 1 1 1 1 1 1 1 1 1 1 1 1 1 1 1 1 1 1 1 1 1 1 1 1 1 1 1 1 1 1 1 1 1 1 1 1 1 1 1 1 1 1 1 1 1 1 1 1 1 1 1 1 1 1 1 1 1 1 1 1 1 1 1 1 1 1 1 1 1 1 1 1 1 1 1 1 1 1 1 1 1 1 1 1 1 1 1 1 1 1 1 1 1 1 1 1 1 1 1 1 1 1 1 1 1 1 1 1 1 1 1 1 1
staticfield java/lang/invoke/LambdaForm COMPILE_THRESHOLD I 0
staticfield java/lang/invoke/LambdaForm INTERNED_ARGUMENTS [[Ljava/lang/invoke/LambdaForm$Name; 5 [[Ljava/lang/invoke/LambdaForm$Name;
staticfield java/lang/invoke/LambdaForm IMPL_NAMES Ljava/lang/invoke/MemberName$Factory; java/lang/invoke/MemberName$Factory
staticfield java/lang/invoke/LambdaForm LF_identity [Ljava/lang/invoke/LambdaForm; 6 [Ljava/lang/invoke/LambdaForm;
staticfield java/lang/invoke/LambdaForm LF_zero [Ljava/lang/invoke/LambdaForm; 6 [Ljava/lang/invoke/LambdaForm;
staticfield java/lang/invoke/LambdaForm NF_identity [Ljava/lang/invoke/LambdaForm$NamedFunction; 6 [Ljava/lang/invoke/LambdaForm$NamedFunction;
staticfield java/lang/invoke/LambdaForm NF_zero [Ljava/lang/invoke/LambdaForm$NamedFunction; 6 [Ljava/lang/invoke/LambdaForm$NamedFunction;
staticfield java/lang/invoke/LambdaForm createFormsLock Ljava/lang/Object; java/lang/Object
staticfield java/lang/invoke/LambdaForm DEBUG_NAME_COUNTERS Ljava/util/HashMap; null
staticfield java/lang/invoke/LambdaForm DEBUG_NAMES Ljava/util/HashMap; null
staticfield java/lang/invoke/LambdaForm TRACE_INTERPRETER Z 0
staticfield java/lang/invoke/LambdaForm $assertionsDisabled Z 1
ciInstanceKlass java/lang/invoke/MethodType 1 1 674 7 10 9 9 9 10 9 8 10 10 9 9 10 100 10 8 10 10 10 100 8 10 100 10 10 10 10 11 9 11 7 7 10 10 9 10 10 10 10 10 10 9 7 10 100 10 10 10 10 10 10 10 10 10 8 8 10 9 100 10 10 10 10 10 10 10 10 10 8 10 10 10 10 10 10 10 10 10 9 10 10 10 10 9 7 10 10 10 10 10 10 10 10 100 8 8 8 10 10 10 10 11 11 10 9 10 10 10 10 10 10 10 10 10 10 10 10 9 7 10 10 10 10 10 10 10 8 10 11 9 10 10 10 10 10 9 9 10 9 10 10 100 10 7 10 7 7 9 100 1 1 100 1 1 1 1 5 0 1 1 1 1 1 1 1 1 1 1 1 1 1 1 1 1 1 1 1 3 1 3 1 3 1 1 1 1 1 1 1 1 1 1 1 1 1 1 1 1 1 1 1 1 1 1 1 1 1 1 1 1 1 1 1 1 1 1 1 1 1 1 1 1 1 1 1 1 1 1 1 1 1 1 1 1 1 1 1 1 1 1 1 1 1 1 1 1 1 1 1 1 1 1 1 1 1 1 1 1 1 1 1 1 1 1 1 1 1 1 1 1 1 1 1 1 1 1 1 1 1 1 1 1 1 1 1 1 1 1 1 1 1 1 1 1 1 1 1 1 1 1 1 1 1 1 1 1 1 1 1 1 1 1 1 1 1 1 1 1 1 1 1 1 1 1 1 1 1 1 1 1 1 1 1 1 1 1 1 1 1 1 1 1 1 1 1 1 1 1 7 1 1 1 1 1 1 1 1 1 1 1 1 1 1 1 1 1 1 1 1 1 1 1 100 1 1 1 1 1 1 1 1 1 1 1 100 100 1 100 100 1 1 1 1 1 1 1 1 1 1 1 1 100 1 1 1 100 1 1 1 1 1 1 1 100 1 12 12 12 12 7 12 7 12 1 100 12 12 7 7 12 1 1 12 12 12 1 1 12 1 12 12 12 12 12 12 1 7 12 12 12 12 12 12 7 12 12 12 12 1 12 1 12 12 7 12 12 12 12 12 12 12 1 1 12 12 1 12 12 12 12 100 12 12 12 1 12 7 12 12 12 12 12 12 12 12 12 12 12 12 12 1 12 7 12 12 7 12 12 12 1 1 1 1 12 12 12 12 12 100 12 12 12 12 12 12 12 12 12 12 12 12 12 12 1 12 12 12 12 12 12 12 1 7 12 12 12 12 12 100 12 12 12 12 12 100 12 12 100 12 12 12 1 1 1 12 1 1 1 1 1 1 1 1 1 1 1 1 1 1 1 1 1 1 1 1 1 1 1 1 1 1 1 1 1 1 1 1 1 1 1 1 1 1 1 1 1 1 1 1 1 1 1 1 1 1 1 1 1 1 1 1 1 1 1 1 1 1 1 1 1 1 1 1 1 1 1 1 1 1 1 1 1 1 1 1 1 1 1 1 1 1 1 1 1 1 1 1 1 1 1 1 1 1 1 1 1 1 1 1 1 1 1 1
staticfield java/lang/invoke/MethodType internTable Ljava/lang/invoke/MethodType$ConcurrentWeakInternSet; java/lang/invoke/MethodType$ConcurrentWeakInternSet
staticfield java/lang/invoke/MethodType NO_PTYPES [Ljava/lang/Class; 0 [Ljava/lang/Class;
staticfield java/lang/invoke/MethodType objectOnlyTypes [Ljava/lang/invoke/MethodType; 20 [Ljava/lang/invoke/MethodType;
staticfield java/lang/invoke/MethodType METHOD_HANDLE_ARRAY [Ljava/lang/Class; 1 [Ljava/lang/Class;
staticfield java/lang/invoke/MethodType serialPersistentFields [Ljava/io/ObjectStreamField; 0 [Ljava/io/ObjectStreamField;
staticfield java/lang/invoke/MethodType $assertionsDisabled Z 1
ciInstanceKlass java/lang/BootstrapMethodError 0 0 45 10 10 10 10 10 100 100 1 1 1 5 0 1 1 1 1 1 1 1 1 1 1 1 1 1 1 1 100 100 1 1 12 12 12 12 12 1 1 1 1 1 1 1 1
instanceKlass java/lang/invoke/VolatileCallSite
instanceKlass java/lang/invoke/MutableCallSite
instanceKlass java/lang/invoke/ConstantCallSite
ciInstanceKlass java/lang/invoke/CallSite 1 1 299 10 10 9 10 9 10 10 100 7 10 7 10 10 10 100 100 10 10 10 8 10 10 10 10 10 10 10 10 9 9 7 8 10 10 100 10 9 8 100 10 10 100 8 10 10 10 100 10 10 10 10 10 9 9 8 10 9 100 10 10 10 10 10 10 100 8 10 10 100 100 100 8 10 10 1 1 1 7 1 1 1 1 1 1 1 1 1 1 1 1 1 1 1 1 1 1 1 1 1 1 1 1 1 1 1 1 1 1 1 1 1 1 1 1 1 1 1 7 1 1 1 1 1 1 1 1 1 1 1 1 1 1 1 1 1 1 1 1 1 1 1 1 1 1 1 1 1 1 1 1 1 1 1 1 1 1 1 100 7 1 1 1 1 1 1 12 12 12 12 12 12 12 1 1 12 1 12 12 12 1 1 12 12 1 12 12 12 12 12 100 12 12 12 100 12 1 12 12 1 100 12 12 12 12 1 1 12 12 1 12 12 12 12 12 12 12 100 12 12 1 100 12 12 12 12 7 12 1 1 12 1 1 1 1 12 12 1 1 1 1 1 1 1 1 1 1 1 1 1 1 1 1 1 1 1 1 1 1 1 1 1 1 1 1 1 1 1 1 1 1 1 1 1 1 1 1 1 1 1 1 1 1 1 1 1 1 1 1 1 1 1 1 1 1 1 1 1 1
staticfield java/lang/invoke/CallSite $assertionsDisabled Z 1
ciInstanceKlass java/lang/invoke/MethodHandleNatives$CallSiteContext 1 1 49 10 7 10 10 10 10 7 100 1 1 1 1 1 1 1 1 1 1 1 1 1 1 1 1 1 1 7 12 1 7 12 7 12 12 1 1 1 1 1 1 1 1 100 1 1 1 1 1
ciInstanceKlass java/lang/invoke/ConstantCallSite 1 1 49 10 9 10 100 10 9 100 10 10 7 7 1 1 1 1 1 1 1 1 1 1 1 1 1 1 1 1 100 1 1 1 1 1 1 1 1 12 12 12 1 12 12 1 12 1 1 1 1
ciInstanceKlass java/lang/invoke/MutableCallSite 0 0 67 10 10 9 10 10 10 9 10 10 100 10 100 100 1 1 1 1 1 1 1 1 1 1 1 1 1 1 1 1 1 1 1 1 1 1 1 1 1 100 1 1 1 1 12 12 12 12 12 12 12 12 100 12 1 12 1 1 1 1 1 1 1 1 1 1 1
ciInstanceKlass java/lang/invoke/VolatileCallSite 0 0 41 10 10 10 10 10 10 100 100 1 1 1 1 1 1 1 1 1 1 1 1 1 1 1 1 1 1 1 12 12 12 12 12 12 1 1 1 1 1 1 1
ciInstanceKlass java/lang/AssertionStatusDirectives 0 0 24 10 100 100 1 1 1 1 1 1 1 1 1 1 1 1 1 1 1 1 1 12 1 1
instanceKlass java/lang/StringBuilder
instanceKlass java/lang/StringBuffer
ciInstanceKlass java/lang/AbstractStringBuilder 1 1 522 7 7 10 9 9 9 9 10 9 10 10 10 10 10 10 10 10 7 3 10 3 100 10 10 100 10 10 10 10 10 10 10 100 10 10 10 10 10 10 10 10 10 10 10 10 10 10 10 10 10 10 10 11 10 10 8 10 10 10 10 10 10 10 10 10 10 10 10 10 10 10 10 10 10 10 10 10 10 10 10 10 10 10 10 10 10 10 10 10 10 10 18 100 10 18 10 10 10 11 10 10 10 100 10 8 10 10 8 8 10 10 10 10 100 10 100 10 100 10 7 100 7 1 1 1 1 1 1 1 1 1 1 1 1 1 1 1 1 1 1 1 1 1 1 1 1 1 1 100 1 1 1 1 1 1 1 1 1 1 1 1 1 1 1 1 1 1 1 1 1 1 1 1 1 1 1 1 1 1 1 1 1 1 1 1 1 1 1 1 1 1 1 1 1 1 1 1 1 1 1 1 1 1 1 1 1 1 1 1 1 1 1 1 1 1 1 1 1 1 1 1 1 1 1 1 1 1 1 1 1 1 1 1 1 1 1 1 1 1 1 1 1 1 1 1 1 1 1 1 1 1 1 1 1 1 1 1 1 1 1 1 1 1 1 1 1 1 1 1 1 1 1 1 1 1 1 1 1 1 1 1 1 1 1 1 1 1 1 1 1 100 1 1 1 1 1 1 100 1 1 1 100 1 1 1 1 1 1 1 1 1 12 12 12 12 12 7 12 12 12 7 12 12 12 12 12 7 12 1 12 1 12 1 12 12 12 12 12 12 1 12 100 12 12 12 12 12 12 12 12 12 12 12 12 12 12 12 12 12 1 12 12 12 12 12 12 7 12 12 12 100 12 12 12 12 12 12 12 12 12 7 12 12 12 12 12 12 12 12 12 12 12 12 12 12 12 12 1 15 16 15 16 12 1 100 12 15 12 12 12 12 12 12 1 1 12 12 1 1 12 12 12 1 1 12 1 1 1 1 1 1 1 1 1 1 1 1 1 1 1 1 1 1 1 1 1 1 1 1 1 1 1 1 1 1 1 1 1 1 1 1 1 1 1 1 1 1 1 1 1 1 1 1 1 1 1 1 1 1 1 1 1 1 1 1 1 1 1 1 1 10 1 10 1 1 1 1 1 10 1 1 1 1 1 1 1 1 1 1 100 12 12 12 1 1 100 1 1 100 1 1
staticfield java/lang/AbstractStringBuilder EMPTYVALUE [B 0
ciInstanceKlass java/lang/StringBuffer 0 0 471 10 10 10 11 10 10 10 9 10 10 10 9 10 10 10 10 10 10 10 10 10 10 10 10 10 10 10 10 10 10 10 10 10 10 10 10 10 10 10 10 10 10 10 10 10 10 10 10 10 10 10 10 10 10 10 10 10 9 10 10 100 10 10 10 10 10 8 10 8 10 8 10 10 10 10 100 10 100 8 10 10 10 10 10 10 10 10 10 10 10 10 10 10 10 10 10 10 10 10 10 10 10 10 10 10 10 10 10 10 10 10 10 10 100 10 100 10 9 9 9 100 100 100 100 1 1 1 1 1 5 0 1 1 1 1 1 1 1 1 1 1 1 1 1 1 1 1 1 1 1 1 1 1 1 1 1 1 1 1 1 1 1 1 1 1 1 1 1 1 1 1 1 1 1 1 1 1 1 1 1 1 1 1 1 1 1 1 1 1 1 1 1 1 1 1 1 1 1 1 1 1 1 1 1 1 1 1 1 1 1 1 1 1 1 1 1 1 1 1 1 1 1 1 1 1 1 1 1 1 1 1 1 1 1 1 1 1 1 1 1 1 1 1 1 1 1 1 1 1 1 1 1 1 1 1 1 1 100 1 1 1 1 1 100 1 1 1 100 1 1 100 1 1 1 1 1 1 1 1 1 1 1 1 1 1 1 1 1 1 1 1 1 1 1 1 1 1 1 1 1 1 1 1 1 1 1 1 1 1 1 1 1 1 1 1 1 12 12 12 12 12 12 12 12 12 12 12 12 12 12 12 12 12 12 12 12 12 12 12 12 12 12 12 12 12 12 12 12 12 12 12 12 12 12 12 12 12 12 12 12 12 12 12 12 12 12 12 12 12 12 100 12 100 1 12 100 12 12 1 12 1 12 1 12 12 100 12 12 12 1 1 12 12 12 12 12 12 12 12 12 12 12 12 12 12 12 12 12 12 12 12 12 12 12 12 12 12 12 12 12 12 12 12 12 1 12 1 12 100 12 100 12 1 1 1 1 1 1 1 1 1 1 1 1 1 1 1 1 1 1 1 1 1 1 1 1 1 1 1 1 1 1 1 1 1 1 1 1 1 1
ciInstanceKlass java/lang/StringBuilder 1 1 409 10 10 10 11 10 10 10 10 10 10 10 10 10 10 10 10 10 10 10 10 10 10 10 10 10 10 10 10 10 10 10 10 10 10 10 10 10 10 10 10 10 10 9 9 10 10 10 10 10 10 10 10 10 10 10 100 100 8 10 10 10 10 10 10 10 10 10 10 10 10 10 10 10 10 10 10 10 10 10 10 10 10 10 10 10 10 10 10 10 10 10 10 10 10 10 10 10 10 10 10 10 10 10 10 10 7 10 7 100 100 100 1 1 1 5 0 1 1 1 1 1 1 1 1 1 1 1 1 1 1 1 1 1 1 1 1 1 1 1 1 1 1 1 1 1 1 1 1 1 1 1 1 1 1 1 1 1 1 1 1 1 1 1 1 1 1 1 1 1 1 1 1 1 1 1 1 1 1 1 1 1 1 1 1 1 1 1 1 1 1 1 1 1 1 1 1 1 1 1 1 1 1 1 7 1 1 1 1 1 100 1 1 1 100 1 1 1 1 1 1 1 1 1 1 1 1 1 1 1 1 1 1 1 1 1 1 1 1 1 1 1 1 1 1 1 1 1 1 1 1 1 1 1 1 1 1 1 1 1 1 1 1 1 1 1 1 1 1 1 1 1 1 1 1 12 12 12 12 12 12 12 12 12 12 12 12 12 12 12 12 12 12 12 12 12 12 12 12 12 12 12 12 12 12 12 12 12 12 12 12 12 12 12 12 12 12 7 12 7 100 12 12 12 12 12 100 12 12 12 1 1 12 12 12 12 12 12 12 12 12 12 12 12 12 12 12 12 12 12 12 12 12 12 12 12 12 12 12 12 12 12 12 12 12 12 12 12 12 12 12 12 12 12 12 12 12 1 12 1 1 1 1 1 1 1 1 1 1 1 1 1 1 1 1 1 1 1 1 1 1 1 1 1 1 1 1 1 1
ciInstanceKlass jdk/internal/misc/Unsafe 1 1 1165 10 9 9 10 10 10 10 10 10 10 10 10 10 10 10 10 10 10 10 10 100 10 10 10 5 0 10 10 10 10 10 10 10 10 10 100 10 10 10 10 10 10 10 10 10 10 10 10 10 10 5 0 5 0 5 0 10 10 10 100 10 10 10 10 10 10 10 10 10 100 10 10 10 10 8 10 8 8 10 9 9 9 9 9 9 9 9 10 10 10 10 5 0 5 0 9 10 10 10 10 10 8 3 10 10 10 10 10 10 10 10 10 10 10 10 10 10 10 10 10 10 10 10 10 10 10 10 10 10 10 10 10 10 10 10 10 10 10 10 10 10 10 10 10 10 10 10 10 10 10 10 10 10 10 10 10 10 10 10 10 10 10 10 10 10 10 10 10 10 10 10 10 10 10 10 10 10 10 10 10 10 10 10 10 10 10 10 10 10 10 10 10 10 10 10 10 10 10 10 100 10 100 10 9 5 0 10 5 0 10 5 0 10 10 10 10 10 10 10 10 10 10 10 10 10 10 10 10 10 10 10 10 10 10 10 10 10 10 10 10 10 10 10 5 0 5 0 5 0 10 10 10 10 10 7 10 7 10 9 7 9 7 9 7 9 7 9 7 9 7 9 7 9 7 9 10 9 9 9 9 9 9 9 9 9 10 10 10 7 1 1 1 1 1 3 1 1 1 1 1 1 1 1 1 1 1 1 1 1 1 1 1 1 1 1 1 1 1 1 1 1 1 1 1 1 1 1 1 1 1 1 1 1 1 1 1 1 1 1 1 1 1 1 1 1 1 1 1 1 1 1 1 1 1 1 1 1 1 1 1 1 1 1 1 1 1 1 1 1 1 1 1 1 1 1 1 1 1 1 1 1 1 1 1 1 1 1 1 1 1 1 1 1 1 1 1 1 1 1 1 1 1 1 1 1 1 1 1 1 1 1 1 1 1 7 1 1 1 1 1 1 1 1 1 1 1 1 1 1 1 1 1 1 1 1 1 1 1 1 1 1 1 1 1 1 1 1 1 1 1 1 1 1 1 1 1 1 1 1 1 1 1 1 1 1 1 1 1 1 1 1 1 1 1 1 1 1 1 1 1 1 1 1 1 1 1 1 1 1 1 1 100 1 1 1 1 1 1 1 1 1 1 1 1 1 1 1 1 1 1 1 1 1 1 1 1 1 1 1 1 1 1 1 1 1 1 1 1 1 1 1 1 1 1 1 1 1 1 1 1 1 1 1 1 1 1 1 1 1 1 1 1 1 1 1 1 1 1 1 1 1 1 1 1 1 1 1 1 1 1 1 1 1 1 1 1 1 1 1 1 1 1 1 1 1 1 1 1 1 1 1 1 1 1 1 1 1 1 1 1 1 1 1 1 1 1 1 1 1 1 1 1 1 1 1 1 1 1 1 1 1 1 1 1 1 1 1 1 1 1 1 1 1 1 1 1 1 1 1 1 1 1 1 1 1 1 1 1 1 1 1 1 1 1 1 1 1 1 1 1 1 1 1 1 1 1 1 1 1 1 1 1 1 1 1 1 1 1 1 1 1 1 1 1 1 1 1 1 1 1 1 1 1 1 1 1 1 1 1 1 1 1 1 1 1 1 1 1 1 1 1 1 1 1 1 1 1 1 1 1 1 1 1 1 1 1 1 1 1 1 1 1 1 1 1 1 1 1 1 1 1 1 1 1 1 1 1 1 1 1 1 1 1 1 1 1 1 1 1 1 1 1 1 1 1 1 1 1 1 1 1 1 1 1 1 1 1 1 1 1 1 1 1 1 1 1 1 1 1 1 1 1 1 1 1 1 1 1 1 1 1 1 1 1 1 1 1 1 1 1 1 1 1 1 1 1 1 1 1 1 1 1 1 1 1 1 1 1 1 1 1 1 1 1 1 1 1 1 1 1 1 1 1 1 1 1 1 1 1 1 1 1 1 1 1 1 1 1 1 1 1 1 1 1 1 1 1 1 1 1 1 1 1 1 1 1 1 1 1 1 1 1 12 12 12 12 7 12 12 12 12 12 12 12 12 12 12 12 12 12 12 12 12 1 12 12 12 12 12 12 12 12 12 12 12 1 12 12 12 12 12 12 12 12 12 12 12 12 12 12 12 12 1 12 12 12 12 12 12 12 12 1 12 12 12 1 12 1 1 12 7 12 100 7 100 100 100 100 12 12 12 12 12 12 12 12 12 12 1 12 12 12 12 12 12 12 12 12 12 12 12 12 12 12 12 12 12 12 12 12 12 12 12 12 12 12 12 12 12 12 12 12 12 12 12 12 12 12 12 12 12 12 12 12 12 12 12 12 12 12 12 12 12 12 12 12 12 12 12 12 12 12 12 12 12 12 12 12 12 12 12 12 12 12 12 12 12 12 12 12 12 12 12 12 12 12 12 12 12 12 12 12 12 12 12 1 1 12 12 12 12 12 12 12 12 12 12 12 12 12 12 12 12 12 12 12 12 12 12 12 12 12 12 12 12 12 12 12 12 12 12 12 12 12 12 1 1 12 12 12 1 12 1 12 1 12 1 12 1 12 12 12 12 12 12 12 12 12 12 12 12 12 12 12 12 1 1 1 1 1 1 1 1 1 1 1 1 1 1 1 1 1 1 1 1 1 1 1 1 1 1 1 1 1
staticfield jdk/internal/misc/Unsafe theUnsafe Ljdk/internal/misc/Unsafe; jdk/internal/misc/Unsafe
staticfield jdk/internal/misc/Unsafe ARRAY_BOOLEAN_BASE_OFFSET I 16
staticfield jdk/internal/misc/Unsafe ARRAY_BYTE_BASE_OFFSET I 16
staticfield jdk/internal/misc/Unsafe ARRAY_SHORT_BASE_OFFSET I 16
staticfield jdk/internal/misc/Unsafe ARRAY_CHAR_BASE_OFFSET I 16
staticfield jdk/internal/misc/Unsafe ARRAY_INT_BASE_OFFSET I 16
staticfield jdk/internal/misc/Unsafe ARRAY_LONG_BASE_OFFSET I 16
staticfield jdk/internal/misc/Unsafe ARRAY_FLOAT_BASE_OFFSET I 16
staticfield jdk/internal/misc/Unsafe ARRAY_DOUBLE_BASE_OFFSET I 16
staticfield jdk/internal/misc/Unsafe ARRAY_OBJECT_BASE_OFFSET I 16
staticfield jdk/internal/misc/Unsafe ARRAY_BOOLEAN_INDEX_SCALE I 1
staticfield jdk/internal/misc/Unsafe ARRAY_BYTE_INDEX_SCALE I 1
staticfield jdk/internal/misc/Unsafe ARRAY_SHORT_INDEX_SCALE I 2
staticfield jdk/internal/misc/Unsafe ARRAY_CHAR_INDEX_SCALE I 2
staticfield jdk/internal/misc/Unsafe ARRAY_INT_INDEX_SCALE I 4
staticfield jdk/internal/misc/Unsafe ARRAY_LONG_INDEX_SCALE I 8
staticfield jdk/internal/misc/Unsafe ARRAY_FLOAT_INDEX_SCALE I 4
staticfield jdk/internal/misc/Unsafe ARRAY_DOUBLE_INDEX_SCALE I 8
staticfield jdk/internal/misc/Unsafe ARRAY_OBJECT_INDEX_SCALE I 4
staticfield jdk/internal/misc/Unsafe ADDRESS_SIZE I 8
staticfield jdk/internal/misc/Unsafe BE Z 0
staticfield jdk/internal/misc/Unsafe unalignedAccess Z 1
ciInstanceKlass jdk/internal/module/Modules 1 1 483 10 9 11 11 11 11 11 11 11 11 10 10 18 10 100 10 10 10 10 11 10 10 10 10 9 10 10 10 100 100 11 10 11 10 10 10 10 10 11 18 11 10 11 100 11 11 11 10 10 18 11 18 11 10 18 18 10 9 11 100 10 11 11 100 11 10 100 10 10 10 11 10 100 10 18 10 100 8 10 10 18 11 11 10 10 10 18 10 10 7 10 10 100 1 1 1 1 1 1 1 1 1 1 1 1 1 1 1 1 1 1 1 1 1 1 1 1 1 1 1 1 1 1 1 1 1 1 1 1 1 1 1 1 1 1 1 1 1 1 1 1 1 1 1 1 1 1 1 1 7 100 100 1 1 1 1 1 1 1 1 1 1 1 1 1 1 1 1 1 1 1 1 1 1 1 1 1 1 1 1 1 1 1 100 100 100 100 100 100 100 100 1 1 1 1 1 1 100 1 1 1 1 1 1 1 1 1 1 100 1 1 1 1 1 1 1 1 1 12 12 7 12 12 12 12 12 12 12 12 12 100 12 1 15 16 15 16 12 100 12 1 100 12 100 12 12 12 12 12 12 12 12 12 100 12 1 1 12 100 12 12 12 12 100 12 12 12 12 16 15 16 12 12 100 12 100 12 1 12 12 12 12 100 12 16 15 16 12 12 16 15 16 12 12 12 15 16 15 16 12 12 12 1 12 12 1 12 1 12 12 12 12 12 1 15 16 12 12 1 1 12 12 15 16 12 12 12 15 12 1 12 7 12 1 1 1 1 1 1 1 1 1 1 1 1 1 1 1 1 1 1 1 1 10 1 10 1 1 1 1 1 1 1 1 1 1 1 1 1 1 1 1 1 1 1 1 1 1 1 1 1 1 1 1 1 1 1 1 1 1 1 1 1 1 1 10 1 1 1 1 1 1 1 1 1 1 1 1 1 1 1 1 1 1 1 1 10 1 1 1 1 1 1 10 1 1 1 1 1 1 10 1 10 1 1 1 1 1 1 1 1 1 1 1 1 1 10 1 1 1 1 1 10 1 1 10 1 1 1 1 1 100 12 12 12 12 12 12 12 12 12 1 1 100 1 1 1 1 1 100 1 1
staticfield jdk/internal/module/Modules JLA Ljdk/internal/misc/JavaLangAccess; java/lang/System$2
staticfield jdk/internal/module/Modules $assertionsDisabled Z 1
instanceKlass com/sun/org/apache/xerces/internal/impl/XMLEntityManager$RewindableInputStream
instanceKlass sun/nio/ch/ChannelInputStream
instanceKlass java/util/zip/ZipFile$ZipFileInputStream
instanceKlass java/io/FilterInputStream
instanceKlass java/io/FileInputStream
instanceKlass java/io/ByteArrayInputStream
ciInstanceKlass java/io/InputStream 1 1 170 100 10 100 10 10 10 10 100 3 10 100 8 10 7 10 3 100 8 10 100 10 11 10 11 11 11 100 10 5 0 10 8 10 8 10 10 7 100 1 1 1 1 3 1 3 1 1 1 1 1 1 1 1 1 1 1 1 1 1 1 1 1 1 1 1 1 1 1 1 1 1 1 1 1 1 1 1 1 1 1 1 1 1 100 100 1 1 1 1 1 1 1 1 1 1 1 1 1 1 1 1 1 1 1 1 1 1 1 1 12 1 12 7 12 12 1 12 1 1 12 1 100 12 1 1 1 12 100 12 12 12 12 100 12 12 1 12 100 12 1 1 1 1 1 1 1 1 1 1 1 1 1 1 1 1 1 1 1 1 1 1 1 1 1 1 1 1 1 1
ciInstanceKlass java/io/ByteArrayInputStream 1 1 96 10 9 9 9 9 10 10 10 10 10 10 7 7 1 1 1 1 1 1 1 1 1 1 1 1 1 1 1 1 1 1 1 1 1 1 1 1 1 1 1 1 1 1 1 1 1 1 100 1 1 1 1 1 1 1 1 1 1 1 1 1 1 12 12 12 12 12 7 12 7 12 7 12 100 12 12 100 12 1 1 1 1 1 1 1 1 1 1 1 1 1 1 1 1 1
ciInstanceKlass java/net/URL 1 1 744 10 10 10 9 9 10 10 10 9 10 8 10 100 10 10 8 10 9 100 8 10 10 8 9 10 9 10 10 9 9 8 9 10 8 9 10 10 8 10 7 10 10 10 10 10 8 10 10 8 9 8 10 10 100 10 10 10 100 8 10 10 8 10 10 10 10 10 10 8 10 7 10 10 10 9 10 9 10 10 100 100 10 10 10 10 10 10 7 10 10 10 100 10 10 8 9 10 10 9 10 100 10 10 10 10 10 10 10 10 10 10 10 9 9 100 8 10 10 9 10 8 10 8 10 10 8 8 10 100 10 10 10 7 7 10 9 10 8 10 7 10 10 8 9 10 10 10 10 10 11 10 10 9 10 10 10 8 10 7 100 10 8 8 10 8 8 8 100 10 9 10 10 10 10 10 10 10 10 10 10 10 10 10 10 10 100 8 10 10 10 10 10 8 7 10 7 10 7 10 7 7 10 9 9 7 10 10 100 1 1 1 1 1 1 1 5 0 1 1 1 1 1 1 1 1 1 1 1 1 1 1 1 1 1 1 1 1 1 1 1 1 1 1 1 1 1 1 1 1 1 1 1 1 1 1 1 1 1 1 1 1 1 1 1 1 1 1 1 1 1 1 1 1 1 1 1 1 1 1 1 1 1 1 1 1 1 1 1 1 1 1 1 1 1 1 100 1 1 1 1 1 1 1 1 1 1 1 1 1 1 1 1 1 1 1 1 1 1 1 1 1 1 1 1 1 1 1 1 1 1 1 100 100 1 1 1 1 1 1 1 1 1 1 1 1 1 1 7 1 1 1 1 1 1 1 1 1 1 1 1 1 1 100 7 1 1 1 1 1 1 1 1 1 1 1 1 1 1 1 1 1 1 100 1 1 100 1 1 100 1 1 1 1 1 1 1 1 1 1 1 1 1 1 1 1 1 1 1 1 1 1 1 12 12 12 12 12 100 12 12 12 12 12 1 12 1 12 1 12 12 1 1 12 12 1 12 12 12 12 12 12 12 1 12 12 1 12 12 7 12 1 12 1 12 12 12 12 12 1 12 12 1 12 1 12 12 1 12 12 12 1 1 12 1 12 12 12 12 12 12 1 12 1 7 12 12 100 12 12 12 12 100 12 1 1 12 12 12 12 12 12 1 12 1 12 12 1 12 100 12 12 100 12 12 1 12 12 12 12 12 12 12 7 12 12 12 12 12 1 1 12 12 12 1 7 12 1 12 12 1 1 12 1 100 12 12 12 1 1 12 12 1 12 1 7 12 7 12 12 12 12 12 7 12 12 12 12 12 12 100 12 12 12 1 1 12 1 12 12 12 12 12 12 12 12 12 12 12 12 12 12 1 1 12 12 12 1 1 1 1 1 1 12 7 12 12 1 7 12 1 1 1 1 1 1 1 1 1 1 1 1 1 1 1 1 1 1 1 1 1 1 1 1 1 1 1 1 1 1 1 1 1 1 1 1 1 1 1 1 1 1 1 1 1 1 1 1 1 1 1 1 1 1 1 1 1 1 1 1 1 1 1 1 1 1 1 1 1 1 1 1 1 1 1 1 1 1 1 1 1 1 1 1 1 1 1 1 1 1 1 1 1 1 1 1 1 1 1 1 1 1 1 1 1 1 1 1 1 1 1 1 1 1 1 1 1 1 1 1 1 1 1 1 1 1 1 1 1 1 1 1 1 1
staticfield java/net/URL defaultFactory Ljava/net/URLStreamHandlerFactory; java/net/URL$DefaultFactory
staticfield java/net/URL streamHandlerLock Ljava/lang/Object; java/lang/Object
staticfield java/net/URL serialPersistentFields [Ljava/io/ObjectStreamField; 7 [Ljava/io/ObjectStreamField;
ciInstanceKlass java/util/jar/Manifest 1 1 301 10 7 10 9 7 10 9 9 10 10 10 10 10 11 11 10 10 100 100 10 8 10 10 10 10 11 100 10 10 11 11 11 11 100 100 8 10 11 100 9 10 10 10 10 8 10 10 11 10 10 10 8 10 7 10 10 10 100 8 10 10 8 10 10 10 10 11 10 10 10 7 10 11 10 11 10 7 100 1 1 1 1 1 1 1 1 1 1 1 1 1 1 1 1 1 1 1 1 1 1 1 1 1 1 1 1 1 1 1 1 1 1 1 1 1 1 1 1 1 1 1 1 1 1 1 1 1 1 1 1 1 100 100 1 1 1 1 1 1 1 1 1 1 1 1 1 1 1 1 1 1 1 1 100 100 1 1 1 1 1 1 1 1 1 1 1 1 1 1 1 1 12 1 12 1 12 12 12 12 12 12 12 7 12 12 100 12 1 1 1 12 12 12 12 1 12 12 12 100 12 12 12 1 1 1 12 1 100 12 12 12 12 12 1 12 12 12 12 12 1 12 1 12 12 12 1 1 12 1 12 100 12 12 12 12 12 100 12 12 1 12 12 12 1 1 1 1 1 1 1 1 1 1 1 1 1 1 1 1 1 1 1 1 1 1 1 1 1 1 1 1 1 1 1 1 1 1 1 1 1 1 1 1 1 1 1 1 1 1 1 1 1 1 1 1 1 1 1 1 1
ciInstanceKlass jdk/internal/loader/ClassLoaders 1 1 143 10 9 9 9 7 11 100 11 11 10 10 100 100 10 9 8 10 7 10 7 10 10 7 10 8 10 8 8 7 10 7 100 1 1 1 1 1 1 1 1 1 1 1 1 1 1 1 1 1 1 1 1 1 1 1 1 1 1 1 1 1 1 1 100 1 1 1 1 1 1 1 1 1 1 1 1 12 12 12 12 1 100 12 1 12 12 100 12 100 12 1 1 7 12 12 1 7 12 1 12 1 12 12 1 12 1 7 12 1 1 1 12 1 1 1 1 1 1 1 1 1 1 1 1 1 1 1 1 1 1 1 1 1 1 1 1 1 1 1 1 1 1
staticfield jdk/internal/loader/ClassLoaders JLA Ljdk/internal/misc/JavaLangAccess; java/lang/System$2
staticfield jdk/internal/loader/ClassLoaders BOOT_LOADER Ljdk/internal/loader/ClassLoaders$BootClassLoader; jdk/internal/loader/ClassLoaders$BootClassLoader
staticfield jdk/internal/loader/ClassLoaders PLATFORM_LOADER Ljdk/internal/loader/ClassLoaders$PlatformClassLoader; jdk/internal/loader/ClassLoaders$PlatformClassLoader
staticfield jdk/internal/loader/ClassLoaders APP_LOADER Ljdk/internal/loader/ClassLoaders$AppClassLoader; jdk/internal/loader/ClassLoaders$AppClassLoader
instanceKlass jdk/internal/loader/ClassLoaders$BootClassLoader
instanceKlass jdk/internal/loader/ClassLoaders$PlatformClassLoader
instanceKlass jdk/internal/loader/ClassLoaders$AppClassLoader
ciInstanceKlass jdk/internal/loader/BuiltinClassLoader 1 1 717 10 10 9 9 7 10 9 9 10 10 11 100 100 10 10 8 10 10 7 10 10 11 11 11 7 9 8 8 10 10 9 11 7 10 10 10 10 10 10 10 11 10 100 10 10 10 100 8 10 10 8 10 10 11 11 100 7 10 11 11 10 7 10 10 7 7 10 7 7 10 10 100 10 11 100 100 10 10 100 100 10 10 18 10 10 18 100 10 7 10 10 10 10 10 9 100 10 10 10 10 10 10 10 10 10 10 18 7 10 10 10 10 100 10 100 10 10 10 11 100 10 7 100 10 10 11 10 10 10 10 10 10 10 10 8 10 10 10 100 8 8 10 10 8 8 10 11 9 10 9 9 9 9 9 9 10 8 10 7 10 10 7 7 10 11 10 10 10 100 10 10 10 7 10 10 8 10 7 100 1 1 1 1 1 1 1 1 1 1 1 1 1 1 1 1 1 1 1 1 1 1 1 1 1 1 1 1 1 7 7 1 1 1 1 1 1 1 1 1 1 1 7 1 1 1 1 1 1 1 1 1 1 1 1 1 1 1 1 1 1 1 1 1 1 1 1 1 1 1 1 1 1 1 1 1 1 1 100 1 1 1 1 1 1 1 1 1 1 1 1 1 1 1 1 1 1 1 1 1 1 1 100 100 1 1 1 1 1 1 1 1 1 1 1 1 1 7 1 1 1 1 1 1 1 1 1 1 1 1 1 1 1 1 1 1 1 1 1 1 1 1 1 1 7 1 1 1 1 1 1 1 1 1 1 1 1 7 7 1 1 1 1 1 1 1 1 1 1 1 1 1 1 1 1 1 7 1 1 1 1 1 1 1 1 1 1 7 12 12 12 12 1 12 12 12 12 12 12 1 1 12 1 12 12 1 12 12 7 12 12 12 1 12 1 1 12 7 12 12 12 1 12 12 12 7 12 12 12 12 12 100 12 1 7 12 12 1 1 12 1 12 12 12 12 1 1 12 12 1 12 12 1 1 12 1 1 12 7 12 1 12 12 1 1 12 12 1 1 12 12 1 15 16 15 16 12 12 12 15 16 1 7 12 1 12 12 12 12 12 1 12 12 12 12 12 12 12 12 12 15 16 12 1 12 12 12 12 1 12 100 1 1 12 12 12 12 1 12 1 12 12 12 12 12 12 12 12 12 12 12 1 12 12 12 1 1 1 12 1 1 7 12 7 12 7 12 12 12 12 12 12 12 12 12 1 12 1 12 12 1 1 12 12 12 12 1 12 12 1 12 12 1 12 1 1 1 1 1 1 1 1 1 1 1 1 1 1 1 1 1 1 1 1 1 1 1 1 1 1 1 1 1 1 1 1 1 1 1 1 1 1 1 1 1 1 1 1 1 1 1 1 1 1 1 1 1 1 1 1 1 1 1 1 1 1 1 1 1 1 1 1 1 1 10 10 1 1 1 1 10 1 1 1 1 1 1 1 1 1 1 1 1 1 10 1 1 1 1 1 1 1 1 1 1 1 1 1 1 1 1 1 1 1 1 1 1 1 1 1 1 1 1 1 1 1 1 1 1 1 1 1 1 1 1 1 1 1 1 1 1 1 1 1 1 1 1 1 1 1 1 1 1 1 100 12 12 12 12 1 1 100 1 1 100 1 1
staticfield jdk/internal/loader/BuiltinClassLoader packageToModule Ljava/util/Map; java/util/concurrent/ConcurrentHashMap
staticfield jdk/internal/loader/BuiltinClassLoader $assertionsDisabled Z 1
ciInstanceKlass jdk/internal/loader/ClassLoaders$AppClassLoader 1 1 134 8 10 9 10 10 10 10 10 10 7 8 10 10 10 9 11 10 10 100 10 7 7 1 1 1 100 1 1 1 1 1 1 1 1 1 1 1 1 1 1 1 1 1 1 1 1 1 1 100 1 100 1 1 1 1 1 1 1 1 1 1 1 1 1 1 1 1 1 1 1 1 1 1 1 1 1 1 1 100 1 12 12 7 12 100 12 12 12 12 12 1 1 12 7 12 100 12 12 100 12 12 7 12 1 12 1 1 1 1 1 1 1 1 1 1 1 1 1 1 1 1 1 1 1 1 1 1 1 1 1 1 1 1
ciInstanceKlass jdk/internal/loader/ClassLoaders$PlatformClassLoader 1 1 57 8 10 9 11 10 100 10 100 7 1 100 1 1 1 1 1 1 1 1 1 1 1 1 1 1 1 1 1 1 1 1 1 1 1 100 1 12 12 100 12 7 12 1 12 1 1 1 1 1 1 1 1 1 1 1 1
ciInstanceKlass java/security/CodeSource 1 1 402 10 9 9 9 9 10 9 10 100 10 100 10 7 10 10 10 100 10 10 10 10 10 100 10 10 10 10 10 10 10 10 10 10 10 10 10 8 10 10 10 10 8 10 10 100 10 10 8 10 10 10 8 8 9 100 8 10 10 8 10 8 8 8 10 10 10 10 10 10 100 100 10 10 10 10 10 100 10 10 8 10 10 10 100 10 100 100 8 8 10 10 10 100 10 10 11 10 10 11 10 10 8 100 10 10 100 10 11 11 7 100 1 1 1 5 0 1 1 1 1 1 1 1 1 1 1 1 1 1 1 1 1 1 1 1 1 1 100 1 1 1 1 1 1 1 1 1 1 1 1 1 1 1 1 1 1 1 1 1 1 1 1 1 1 1 1 1 1 1 1 1 1 1 1 1 1 1 1 1 100 1 1 1 1 1 1 1 1 1 1 1 1 1 100 1 1 1 1 1 1 1 1 1 1 1 1 1 1 1 1 1 1 100 100 100 1 1 1 1 1 1 1 1 1 12 12 12 12 12 7 12 12 100 12 100 12 1 12 12 100 1 12 100 12 12 12 1 12 100 100 12 100 12 12 12 12 12 12 1 12 12 12 12 1 12 1 12 1 12 12 12 1 1 12 1 1 12 12 1 12 1 1 1 12 12 12 12 12 12 1 1 12 12 12 12 12 1 12 1 12 12 12 1 12 1 1 1 1 12 100 12 1 12 12 12 12 12 100 1 1 12 12 1 12 12 1 1 1 1 1 1 1 1 1 1 1 1 1 1 1 1 1 1 1 1 1 1 1 1 1 1 1 1 1 1 1 1 1 1 1 1 1 1 1 1 1 1 1 1 1 1 1 1 1 1 1 1 1 1 1 1 1 1 1 1 1 1 1 1 1 1 1 1 1 1 1 1 1 1 1 1
ciInstanceKlass java/lang/StackTraceElement 1 1 224 10 10 9 9 9 9 8 10 100 9 8 9 9 9 8 10 10 100 10 10 8 10 10 8 8 8 10 8 8 10 8 8 7 10 10 10 10 9 10 10 7 10 10 10 10 10 10 10 10 10 7 100 7 1 1 1 1 1 1 1 1 1 1 1 1 1 1 1 1 1 1 1 3 1 3 1 1 5 0 1 1 1 1 1 1 1 1 1 1 1 1 1 1 1 1 1 1 1 1 1 1 1 1 1 1 1 1 1 1 1 1 1 1 1 1 1 1 7 100 7 100 1 1 1 1 1 1 1 1 1 1 1 1 1 100 1 1 1 1 1 1 1 1 1 1 12 12 12 12 12 12 1 100 12 1 12 1 12 12 12 1 12 12 1 12 1 12 12 1 1 1 12 1 1 12 1 1 1 12 12 12 12 12 12 12 1 12 7 12 7 12 12 12 12 12 12 1 1 1 1 1 1 1 1 1 1 1 1 1 1 1 1 1 1 1 1 1 1 1 1 1 1 1
instanceKlass java/nio/IntBuffer
instanceKlass java/nio/LongBuffer
instanceKlass java/nio/CharBuffer
instanceKlass java/nio/ByteBuffer
ciInstanceKlass java/nio/Buffer 1 1 195 100 10 9 9 10 9 10 10 100 100 10 8 10 10 8 8 10 10 8 9 100 8 10 8 8 9 10 8 8 8 10 8 8 8 100 10 100 10 100 10 100 10 7 10 10 9 7 10 10 7 1 1 1 1 1 1 3 1 1 1 1 1 1 1 1 1 1 1 1 1 1 1 1 1 1 1 1 1 1 1 1 1 1 1 1 1 100 1 1 1 1 1 1 1 1 1 1 1 1 1 1 1 1 1 1 1 1 1 1 1 1 1 1 1 1 1 1 1 1 1 1 1 1 1 1 1 1 1 1 1 1 1 12 12 12 12 12 12 12 1 1 1 12 12 1 1 12 12 1 12 1 1 12 1 1 12 12 1 1 1 12 1 1 1 1 1 1 1 1 7 12 7 12 12 1 7 12 1 1 1 1 1 1 1 1 1 1 1 1 1 1 1 1 1
staticfield java/nio/Buffer UNSAFE Ljdk/internal/misc/Unsafe; jdk/internal/misc/Unsafe
staticfield java/nio/Buffer $assertionsDisabled Z 1
ciInstanceKlass java/lang/StackWalker 0 0 235 9 10 100 10 10 11 10 10 100 10 100 8 10 10 10 10 9 9 9 9 10 9 10 11 100 8 10 10 9 10 10 10 18 100 8 10 10 10 9 11 10 100 100 1 1 1 100 1 1 1 1 1 1 1 1 1 1 1 1 1 1 1 1 1 1 1 1 1 1 1 1 1 1 1 1 1 1 1 1 1 1 1 1 1 1 1 1 1 1 1 100 1 1 1 1 1 1 1 1 1 1 1 1 1 1 1 1 1 1 1 1 1 1 1 1 1 1 1 1 1 1 1 1 1 1 1 1 1 1 12 100 12 1 100 12 12 100 12 12 12 1 12 1 1 12 12 12 12 12 12 12 12 12 12 100 12 12 1 1 12 12 12 100 12 100 12 1 15 16 15 16 12 1 1 12 100 12 12 100 12 12 1 1 1 1 1 1 1 1 1 1 1 1 1 1 1 1 1 1 1 1 1 1 1 1 1 1 1 1 10 10 1 1 1 1 1 1 1 1 1 1 1 1 100 12 12 1 1 100 1 1 100 1 1
ciInstanceKlass java/lang/StackStreamFactory$AbstractStackWalker 1 0 306 100 100 3 10 10 10 9 10 9 9 9 9 9 10 10 9 10 10 9 9 100 10 8 10 10 8 10 10 100 8 10 8 10 9 10 9 8 5 0 8 8 9 10 10 10 9 10 10 10 10 10 10 8 10 10 10 10 8 100 10 10 10 10 10 10 9 8 10 10 10 10 10 10 10 10 10 10 8 100 1 1 1 1 1 1 1 1 1 1 100 1 1 1 1 1 1 1 1 1 1 1 1 1 1 1 1 1 1 1 1 1 1 1 1 1 1 1 1 1 1 1 1 1 100 1 1 1 1 1 1 100 1 1 1 1 1 1 1 100 1 1 1 1 1 1 1 1 1 1 1 1 1 1 1 1 1 1 1 1 1 1 1 1 1 12 12 100 12 12 12 12 12 12 12 100 12 100 12 12 12 12 12 12 100 12 1 1 12 12 1 12 100 12 1 1 12 1 12 100 12 12 12 1 1 1 12 12 12 12 12 12 12 12 12 12 12 1 12 12 12 12 1 1 12 12 12 12 12 100 12 12 1 12 12 12 12 12 12 12 12 12 12 1 1 1 1 1 1 1 1 1 1 1 1 1 1 1 1 1 1 1 1 1 1 1 1 1 1 1 1 1 1 1 1 1 1 1 1 1 1 1 1 1 1 1 1 1 1 1 1 1 1 1 1 1 1 1 1 1 1 1 1 1 1 1
instanceKlass java/lang/LiveStackFrameInfo
ciInstanceKlass java/lang/StackFrameInfo 0 0 132 10 9 9 9 11 9 11 10 10 10 11 11 11 10 9 10 10 10 11 10 9 10 100 8 10 10 100 100 100 1 1 1 1 1 1 1 1 1 1 1 1 1 1 1 1 1 1 1 1 1 1 1 1 1 1 1 1 1 1 1 1 1 1 1 1 1 1 1 1 1 100 100 1 1 1 1 1 12 100 12 12 100 12 12 12 12 100 12 12 12 12 12 12 12 12 12 12 12 12 12 12 1 1 12 100 12 1 1 1 1 1 1 1 1 1 1 1 1 1 1 1 1 1 1 1 1 1 1 1 1 1
ciInstanceKlass java/lang/LiveStackFrameInfo 0 0 97 10 9 9 9 9 9 100 10 10 8 10 100 8 8 8 10 100 10 100 10 100 100 100 1 1 1 1 1 1 1 1 3 1 3 1 1 1 1 1 1 1 1 1 1 1 1 1 1 1 1 1 1 1 1 1 1 1 100 1 1 1 1 1 1 1 1 1 1 12 12 12 12 12 12 1 12 12 1 12 1 1 1 1 1 12 1 12 1 1 1 1 1 1 1 1 1
instanceKlass java/util/concurrent/locks/AbstractQueuedSynchronizer
ciInstanceKlass java/util/concurrent/locks/AbstractOwnableSynchronizer 1 1 32 10 9 7 7 100 1 1 1 5 0 1 1 1 1 1 1 1 1 1 1 1 1 1 1 1 1 12 12 1 1 1
ciInstanceKlass java/lang/Boolean 1 1 128 10 9 10 10 8 10 9 9 8 10 7 10 10 100 100 10 10 8 10 9 7 100 100 1 1 1 1 1 1 1 1 1 1 1 1 5 0 1 1 1 1 1 1 1 1 1 1 1 1 1 1 1 1 1 1 1 1 1 1 1 1 1 1 7 1 1 1 1 1 1 1 1 1 1 1 100 1 1 1 1 1 1 1 1 1 1 1 1 1 1 1 1 1 12 12 12 12 1 12 12 12 1 12 1 12 7 12 1 1 12 12 1 7 12 12 1 1 1 1 1 1 1 1 1 1 1 1
staticfield java/lang/Boolean TRUE Ljava/lang/Boolean; java/lang/Boolean
staticfield java/lang/Boolean FALSE Ljava/lang/Boolean; java/lang/Boolean
staticfield java/lang/Boolean TYPE Ljava/lang/Class; java/lang/Class
ciInstanceKlass java/lang/Character 1 1 550 7 100 10 9 9 10 10 10 10 10 3 3 3 3 3 10 10 3 11 11 10 10 100 10 10 3 10 10 10 100 8 7 10 10 10 10 10 10 10 10 10 10 10 10 10 10 10 10 10 10 10 10 10 10 10 10 10 10 10 10 10 10 10 10 10 10 10 10 10 10 10 10 10 10 10 10 10 5 0 10 10 10 10 10 10 10 10 10 10 9 100 10 10 10 3 10 10 10 100 10 10 10 10 8 10 9 10 10 10 10 10 10 10 10 10 100 8 10 10 8 10 9 100 100 7 1 1 100 1 100 1 100 1 1 1 1 3 1 3 1 1 3 1 3 1 1 1 1 1 1 1 3 1 1 3 1 3 1 3 1 3 1 3 1 3 1 3 1 3 1 3 1 3 1 3 1 3 1 3 1 3 1 3 1 3 1 3 1 3 1 3 1 3 1 3 1 3 1 3 1 3 1 3 1 3 1 3 1 3 1 1 1 1 1 1 1 1 1 1 1 1 1 1 1 1 1 1 1 3 1 1 1 1 1 1 1 3 1 1 3 1 1 1 1 1 3 1 1 1 5 0 1 1 1 1 1 1 1 1 1 1 1 1 1 1 1 1 1 1 1 1 1 1 1 1 1 1 1 1 1 1 1 1 1 1 1 1 1 1 1 1 1 1 1 1 1 1 1 1 1 1 1 1 1 1 1 1 1 1 1 1 1 1 1 1 1 1 1 1 1 1 1 1 1 1 1 1 1 1 1 1 1 1 1 1 1 1 1 1 1 1 1 1 1 1 1 1 1 1 1 1 1 1 1 1 1 1 1 1 1 1 1 1 1 1 1 1 1 1 1 1 1 1 1 1 1 1 1 1 1 1 1 1 1 1 1 1 1 1 1 1 1 1 1 1 1 100 1 1 1 1 1 1 1 1 1 1 1 1 1 12 12 12 12 12 12 12 12 12 12 7 12 12 12 12 1 12 12 12 12 1 1 1 100 12 12 12 12 12 12 12 12 7 12 12 12 12 12 12 12 12 12 12 12 12 12 12 12 12 12 12 12 12 12 12 12 12 12 12 12 12 12 12 12 1 12 12 100 12 12 12 1 12 12 12 1 12 100 12 12 12 12 12 12 12 1 1 12 7 12 1 12 12 1 1 1 1 1 1 1 1 1 1 1 1 1 1 1 1 1 1 1 1 1 1 1 1 1 1 1 1 1 1 1 1 1 1 1 1 1 1 1 1 1 1 1 1 1 1
staticfield java/lang/Character TYPE Ljava/lang/Class; java/lang/Class
staticfield java/lang/Character $assertionsDisabled Z 1
instanceKlass java/math/BigDecimal
instanceKlass java/math/BigInteger
instanceKlass java/util/concurrent/atomic/AtomicLong
instanceKlass java/util/concurrent/atomic/AtomicInteger
instanceKlass java/lang/Long
instanceKlass java/lang/Integer
instanceKlass java/lang/Short
instanceKlass java/lang/Byte
instanceKlass java/lang/Double
instanceKlass java/lang/Float
ciInstanceKlass java/lang/Number 1 1 37 10 10 100 7 100 1 1 1 5 0 1 1 1 1 1 1 1 1 1 1 1 1 1 1 1 1 1 1 1 1 1 12 12 1 1 1
ciInstanceKlass java/lang/Float 1 1 192 7 100 10 10 4 100 10 10 8 8 10 10 10 10 4 4 4 10 9 10 10 10 10 10 10 3 10 10 10 10 8 10 9 7 100 1 1 1 1 1 4 1 1 1 4 1 1 3 1 3 1 3 1 3 1 1 1 1 1 1 1 5 0 1 1 1 1 1 1 1 1 1 1 1 1 1 100 1 1 1 1 1 1 1 1 1 1 1 1 1 1 1 1 1 1 1 1 1 1 1 1 1 1 1 1 1 1 1 1 1 1 1 1 1 1 1 1 1 1 1 1 1 1 1 1 1 1 1 1 1 1 1 1 1 1 1 1 1 1 1 1 1 1 1 1 100 12 100 12 1 12 12 1 1 100 12 12 12 12 12 12 12 12 12 12 12 12 12 12 12 1 7 12 12 1 1 1 1 1 1 1 1 1 1 1 1 1 1 1 1 1
staticfield java/lang/Float TYPE Ljava/lang/Class; java/lang/Class
ciInstanceKlass java/lang/Double 1 1 254 7 100 10 10 10 100 10 10 6 0 8 10 8 10 8 6 0 10 100 5 0 5 0 8 8 10 10 8 10 8 8 8 10 10 10 10 10 10 10 10 6 0 6 0 6 0 10 9 10 10 10 10 5 0 10 10 10 10 8 10 9 7 100 1 1 1 1 1 6 0 1 1 1 6 0 1 1 3 1 3 1 3 1 3 1 1 1 1 1 1 1 5 0 1 1 1 1 1 1 1 1 1 1 1 1 1 1 1 100 1 1 1 1 100 1 1 1 1 1 1 1 1 1 1 1 1 1 1 1 1 1 1 1 1 1 1 1 1 1 1 1 1 1 1 1 1 1 1 1 1 1 1 1 1 1 1 1 1 1 1 1 1 1 1 1 1 1 1 1 1 1 1 1 1 1 1 1 1 1 1 1 1 7 12 12 12 1 12 100 12 1 12 1 12 1 12 1 1 1 100 12 12 1 12 1 1 1 12 12 12 12 12 12 12 12 12 12 12 12 12 12 12 12 12 1 7 12 12 1 1 1 1 1 1 1 1 1 1 1 1 1 1 1 1 1 1 1 1 1 1 1 1 1
staticfield java/lang/Double TYPE Ljava/lang/Class; java/lang/Class
ciInstanceKlass java/lang/Byte 1 1 178 7 10 9 10 100 100 10 8 10 8 10 10 10 10 10 10 10 10 8 8 10 9 10 10 10 10 10 5 0 10 8 10 9 7 100 7 1 1 1 1 1 3 1 3 1 1 1 1 1 1 1 3 1 3 1 1 5 0 1 1 1 1 1 1 1 1 1 1 1 1 1 1 1 1 1 1 1 1 1 1 1 1 1 1 1 1 1 1 1 1 1 1 1 1 1 1 1 1 1 1 1 1 1 1 1 1 1 1 1 1 1 1 1 1 1 1 1 1 1 1 1 1 1 1 1 1 1 1 1 100 12 12 12 1 1 12 1 12 1 12 12 12 12 12 12 12 12 1 1 12 12 12 12 12 12 12 1 7 12 12 1 1 1 1 1 1 1 1 1 1 1 1 1 1 1 1 1
staticfield java/lang/Byte TYPE Ljava/lang/Class; java/lang/Class
ciInstanceKlass java/lang/Short 1 1 186 7 100 10 10 100 100 10 8 10 8 10 10 10 10 10 10 9 10 10 10 8 8 10 9 10 10 10 10 10 3 3 5 0 10 8 10 9 7 100 7 1 1 1 1 1 3 1 3 1 1 1 1 1 1 1 3 1 3 1 1 5 0 1 1 1 1 1 1 1 1 1 1 1 1 1 1 1 1 1 1 1 1 1 1 1 1 1 1 1 1 1 1 1 1 1 1 1 1 1 1 1 1 1 1 1 1 1 1 1 1 1 1 1 1 1 1 1 1 1 1 1 1 1 1 1 1 1 1 1 1 1 1 1 1 1 1 100 12 12 1 1 12 1 12 1 12 12 12 12 12 12 12 12 12 12 1 1 12 12 12 12 12 12 12 1 7 12 12 1 1 1 1 1 1 1 1 1 1 1 1 1 1 1 1 1
staticfield java/lang/Short TYPE Ljava/lang/Class; java/lang/Class
ciInstanceKlass java/lang/Integer 1 1 417 7 100 7 7 10 9 9 10 10 10 10 10 10 10 10 10 10 10 10 10 10 10 10 9 9 7 8 10 100 10 8 10 10 8 10 8 10 3 10 3 10 10 10 7 11 100 10 11 10 8 10 8 100 10 10 5 0 8 10 10 10 10 7 9 9 10 10 9 10 10 10 10 100 100 10 10 8 8 10 8 8 8 8 8 8 10 10 10 5 0 3 3 3 3 10 3 10 10 8 10 9 3 3 3 3 3 3 9 7 100 1 1 1 1 1 1 1 1 1 1 1 1 1 1 1 1 1 1 1 3 1 3 1 1 5 0 1 1 1 1 1 1 1 1 1 1 1 1 100 1 1 1 1 1 1 1 1 1 1 1 1 1 1 1 1 1 1 1 1 1 1 1 1 1 1 1 1 1 1 1 1 1 1 1 1 1 1 1 1 1 1 1 1 1 1 1 1 1 1 1 1 1 1 1 1 1 1 1 1 1 1 1 1 1 1 1 1 1 1 1 1 1 1 1 1 1 1 1 1 1 1 1 1 1 100 1 1 1 1 1 1 1 1 1 1 1 1 1 1 1 1 1 1 1 1 1 1 1 1 1 1 1 1 1 1 1 1 1 1 1 1 1 1 1 1 1 1 1 1 1 12 12 12 100 12 12 100 12 12 100 12 12 12 7 12 12 12 12 12 12 12 12 12 1 1 12 1 12 1 12 12 1 12 1 12 12 12 12 7 12 1 1 12 1 12 1 1 12 12 1 12 12 12 12 1 12 12 12 12 12 12 12 100 12 1 1 12 12 1 1 12 1 1 1 1 1 1 12 12 12 12 12 12 1 7 12 12 12 1 1 1 1 1 1 1 1 1 1 1 1 1 1 1 1 1 1 1 1 1 1 1 1 1 1 1 1 1 1 1 1 1 1 1 1 1 1 1 1 1 1 1 1 1 1 1 1
staticfield java/lang/Integer TYPE Ljava/lang/Class; java/lang/Class
staticfield java/lang/Integer digits [C 36
staticfield java/lang/Integer DigitTens [B 100
staticfield java/lang/Integer DigitOnes [B 100
staticfield java/lang/Integer sizeTable [I 10
ciInstanceKlass java/lang/Long 1 1 482 7 100 7 7 10 9 9 10 10 10 10 10 10 10 10 5 0 5 0 100 10 10 10 10 10 10 10 10 10 10 10 10 10 10 10 10 10 10 10 10 7 5 0 5 0 9 9 5 0 100 8 10 8 10 8 8 10 5 0 10 5 0 10 10 10 100 11 100 10 11 10 8 10 8 100 10 10 8 8 11 10 10 10 5 0 5 0 9 10 10 8 8 10 8 8 8 8 8 8 10 10 10 10 9 10 10 10 100 100 10 10 10 10 10 10 10 5 0 5 0 5 0 10 5 0 5 0 10 10 10 8 10 9 7 100 7 1 1 1 1 1 1 5 0 1 1 1 1 1 1 1 3 1 3 1 5 0 1 1 1 1 1 1 1 1 1 1 1 1 1 100 1 1 1 1 1 1 1 1 1 1 1 1 1 1 1 1 1 1 1 1 1 1 1 1 1 1 1 1 1 1 1 1 1 1 1 1 1 1 1 1 1 1 1 1 1 1 1 1 1 1 1 1 1 1 1 1 1 1 1 1 1 1 1 1 1 1 1 1 1 1 1 1 1 1 1 1 1 1 1 1 1 1 1 1 1 1 1 1 1 1 1 1 1 1 1 1 1 1 1 1 1 1 1 1 100 1 1 1 1 1 1 1 1 1 1 1 1 1 1 1 1 1 1 1 1 1 1 1 1 1 1 1 1 1 1 1 1 1 1 1 1 1 1 1 1 1 1 12 12 12 100 12 12 100 12 12 12 12 12 1 12 12 12 12 12 12 100 12 12 12 12 12 12 7 12 12 12 12 12 12 12 1 12 12 1 1 12 1 12 1 1 12 12 12 12 100 12 1 1 12 1 12 1 1 12 12 1 1 12 12 12 12 12 12 12 1 1 12 1 1 1 1 1 1 12 12 12 12 12 12 100 12 1 1 12 12 12 12 12 12 12 12 12 12 1 7 12 12 1 1 1 1 1 1 1 1 1 1 1 1 1 1 1 1 1 1 1 1 1 1 1 1 1 1 1 1 1 1 1 1 1 1 1 1 1 1 1 1 1 1 1 1 1 1 1 1 1 1 1 1 1 1 1 1 1 1 1 1 1 1
staticfield java/lang/Long TYPE Ljava/lang/Class; java/lang/Class
ciInstanceKlass java/util/Iterator 1 1 53 100 8 10 10 11 11 11 7 100 1 1 1 1 1 1 1 1 1 1 1 1 1 1 1 1 1 1 1 1 1 1 1 1 1 1 12 7 12 12 12 7 12 1 1 1 1 1 1 1 1 1 1
instanceKlass kotlin/KotlinNullPointerException
ciInstanceKlass java/lang/NullPointerException 1 1 26 10 10 100 7 1 1 1 5 0 1 1 1 1 1 1 1 1 1 1 1 1 12 12 1 1
ciInstanceKlass java/lang/ArithmeticException 1 1 26 10 10 100 100 1 1 1 5 0 1 1 1 1 1 1 1 1 1 1 1 1 12 12 1 1
ciInstanceKlass jdk/internal/reflect/ReflectionFactory 1 1 591 10 10 9 10 9 100 10 8 10 10 10 10 10 10 100 9 10 11 7 10 10 10 10 7 9 10 100 10 10 10 10 10 7 10 7 10 10 10 10 10 100 10 7 8 7 7 10 7 10 10 10 10 10 7 10 7 10 10 10 11 11 11 11 11 11 11 11 11 11 11 11 11 100 10 10 10 10 10 9 100 100 10 10 10 7 10 9 10 10 10 11 11 11 11 10 10 8 100 10 8 8 100 9 10 10 10 10 10 100 100 8 10 8 10 8 7 10 10 9 100 8 8 10 10 100 10 100 8 100 9 8 9 9 10 10 8 10 8 10 8 10 100 100 8 10 8 10 10 10 10 7 10 10 100 1 1 1 1 1 1 1 1 1 1 1 1 1 1 1 1 1 1 1 1 1 1 1 1 1 1 100 1 1 1 1 1 1 1 7 1 1 1 1 1 1 1 1 1 1 1 1 1 1 1 1 1 1 1 1 1 1 1 1 1 1 1 1 1 1 1 1 1 1 1 1 1 1 1 1 1 1 1 1 1 1 1 1 1 1 1 1 1 1 1 1 1 1 1 1 1 1 1 1 1 1 1 1 1 1 1 1 1 1 1 1 1 1 1 1 1 1 1 1 1 1 1 1 1 1 1 100 1 1 1 1 1 1 1 1 1 1 1 1 1 1 1 1 1 1 1 1 1 1 1 1 1 1 1 100 1 1 1 1 1 1 1 1 1 1 1 1 7 1 1 1 1 1 1 1 1 1 1 12 7 12 100 12 12 12 1 1 12 12 12 12 12 12 1 12 12 7 12 1 12 7 12 7 12 12 1 12 100 12 1 12 12 12 1 12 1 12 12 12 1 12 1 1 1 1 12 1 12 12 1 1 12 12 12 12 12 12 12 12 12 12 12 12 12 12 12 12 1 12 12 12 12 12 12 1 1 12 12 1 12 12 12 12 12 12 12 12 12 1 1 12 1 1 1 100 12 12 12 100 12 100 12 1 1 1 12 1 12 1 1 12 12 12 1 1 1 12 12 1 12 1 1 1 1 12 12 7 12 7 12 1 12 1 12 1 100 12 1 1 1 1 12 12 12 100 12 1 12 1 1 1 1 1 1 1 1 1 1 1 1 1 1 1 1 1 1 1 1 1 1 1 1 1 1 1 1 1 1 1 1 1 1 1 1 1 1 1 1 1 1 1 1 1 1 1 1 1 1 1 1 1 1 1 1 1 1 1 1 1 1 1 1 1 1 1 1 1 1 1 1 1 1 1 1 1 1 1 1 1 1 1 1 1 1 1 1 1 1 1 1 1 1 1 1 1 1 1 1 1 1 1 1 1 1 1 1
staticfield jdk/internal/reflect/ReflectionFactory soleInstance Ljdk/internal/reflect/ReflectionFactory; jdk/internal/reflect/ReflectionFactory
staticfield jdk/internal/reflect/ReflectionFactory $assertionsDisabled Z 1
ciInstanceKlass java/lang/StringLatin1 1 1 314 7 10 100 10 10 10 10 10 10 10 10 10 10 10 10 10 9 10 10 10 10 10 10 10 100 10 10 10 8 8 8 10 10 10 7 10 10 10 10 10 10 10 10 10 10 10 8 10 100 10 10 10 10 10 7 100 100 1 1 1 1 1 1 1 1 1 1 1 1 1 1 1 1 1 1 1 1 1 1 1 1 1 1 1 1 1 1 1 1 1 1 1 1 1 1 1 1 1 1 1 1 1 1 1 1 1 1 1 1 1 1 1 1 1 1 1 1 1 1 1 1 1 100 1 1 1 1 1 1 1 1 1 1 1 1 1 1 1 1 1 1 1 1 1 1 1 1 1 1 1 1 1 1 1 1 1 1 1 1 1 1 1 1 1 1 1 1 1 1 1 1 1 1 1 1 1 1 1 1 100 7 1 1 1 1 1 1 1 1 1 1 1 1 1 1 1 1 1 1 1 1 1 1 1 1 1 1 1 1 1 1 1 1 1 1 1 1 1 12 1 12 12 7 12 12 7 12 12 7 12 12 12 12 12 7 12 12 12 12 12 12 12 12 1 12 12 1 1 1 12 100 12 12 1 12 12 12 12 12 12 12 12 12 12 1 12 1 12 100 12 7 12 12 1 1 1 1 1 1 1 1 1 1 1 1 1 1 1 1 1 1 1 1 1 1 1 1 1 1 1 1 1 1 1 1 1 1 1 1 1 1 1 1
instanceKlass com/sun/xml/bind/v2/ClassFactory$1
instanceKlass jdk/internal/math/FormattedFloatingDecimal$1
instanceKlass jdk/internal/math/FloatingDecimal$1
instanceKlass java/lang/InheritableThreadLocal
instanceKlass jdk/internal/misc/TerminatingThreadLocal$1
instanceKlass jdk/internal/misc/TerminatingThreadLocal
instanceKlass java/lang/StringCoding$1
ciInstanceKlass java/lang/ThreadLocal 1 1 141 9 7 3 10 100 10 10 10 9 10 10 10 9 10 10 10 10 7 10 10 9 7 10 10 100 10 7 10 7 1 1 1 1 1 1 1 1 1 1 1 1 1 1 1 1 1 1 1 1 1 1 1 1 1 1 1 1 1 1 1 1 1 7 1 1 1 1 1 1 1 1 7 1 1 1 1 1 1 1 1 1 1 1 1 1 1 1 1 1 1 1 1 1 1 1 1 1 1 1 12 1 12 1 12 12 12 12 12 12 12 12 12 12 12 12 1 12 12 12 1 12 12 1 1 1 1 1 1 1 1 1 1 1 1 1 1 1 1 1 1
instanceKlass com/sun/istack/FinalArrayList
ciInstanceKlass java/util/ArrayList 1 1 500 100 10 7 9 9 100 100 10 8 10 10 10 10 9 11 9 10 7 7 10 9 10 10 10 10 100 10 3 10 3 10 10 10 10 10 100 100 10 10 10 10 10 10 10 10 100 10 10 10 100 10 11 11 11 10 10 10 100 10 10 10 10 8 8 8 8 10 10 11 100 10 10 10 10 10 10 11 10 100 8 10 100 10 7 10 10 7 10 10 11 7 10 10 11 10 10 10 10 11 10 7 100 100 100 1 1 1 1 1 1 1 1 5 0 1 1 3 1 1 1 1 1 1 1 1 1 1 1 1 1 1 1 1 1 1 1 1 1 1 1 7 1 1 1 1 1 1 1 1 1 1 1 1 1 1 1 1 1 1 1 1 1 1 1 1 1 1 1 1 1 1 1 1 1 1 1 1 1 1 1 1 1 1 1 1 1 1 1 1 1 1 1 1 1 1 1 1 1 1 1 1 1 1 1 1 1 1 1 1 1 1 1 1 1 1 100 1 1 1 1 1 1 1 1 1 1 1 1 1 1 1 1 1 1 1 1 1 1 1 1 1 1 1 1 1 1 1 1 1 1 1 1 1 1 1 1 1 1 1 1 1 1 1 1 1 1 100 1 1 1 1 100 1 1 1 1 1 1 1 1 1 1 1 1 1 1 1 1 100 1 1 1 1 1 1 1 1 1 1 1 1 1 1 1 1 1 1 1 1 1 1 100 1 1 1 1 1 1 1 1 1 1 1 1 1 1 1 1 1 1 1 1 1 100 100 1 12 1 12 12 1 1 1 12 12 12 12 12 12 12 12 1 7 12 12 12 12 12 7 12 1 12 12 12 12 12 12 1 1 12 7 12 7 12 12 12 12 12 12 1 12 12 12 1 12 12 12 12 12 12 1 12 12 12 1 1 1 1 12 12 12 1 100 12 12 12 100 12 12 100 12 100 12 12 1 1 1 12 1 12 12 1 12 12 12 1 12 12 100 12 12 12 12 12 100 12 12 1 1 1 1 1 1 1 1 1 1 1 1 1 1 1 1 1 1 1 1 1 1 1 1 1 1 1 1 1 1 1 1 1 1 1 1 1 1 1 1 1 1 1 1 1 1 1 1 1 1 1 1 1 1 1 1 1 1 1 1 1 1
staticfield java/util/ArrayList EMPTY_ELEMENTDATA [Ljava/lang/Object; 0 [Ljava/lang/Object;
staticfield java/util/ArrayList DEFAULTCAPACITY_EMPTY_ELEMENTDATA [Ljava/lang/Object; 0 [Ljava/lang/Object;
ciInstanceKlass jdk/internal/reflect/Reflection 1 1 293 10 10 10 10 10 10 10 10 10 10 10 10 10 10 10 10 10 9 10 9 11 100 100 10 8 10 10 10 10 7 10 11 100 10 7 7 11 10 10 100 10 10 7 10 8 10 8 8 8 8 8 10 8 8 8 8 100 10 10 7 7 8 8 7 8 7 8 100 1 1 1 1 1 1 1 1 1 1 1 1 1 1 1 1 1 1 1 1 1 1 1 1 1 1 1 1 1 1 1 1 1 1 1 1 1 1 1 1 1 1 1 1 1 1 1 1 7 1 1 1 1 1 1 1 1 1 1 1 1 1 1 1 1 1 1 1 1 1 1 1 1 1 1 1 1 1 1 1 1 1 1 1 1 1 1 1 1 1 1 1 100 1 1 1 1 1 1 100 1 1 1 1 1 1 1 1 1 1 1 1 1 12 12 12 12 12 12 7 12 12 12 12 12 12 12 12 12 7 12 12 12 12 12 7 12 1 1 1 12 12 12 12 1 12 12 12 12 12 100 12 7 12 7 12 1 12 1 12 1 1 1 1 1 12 1 1 1 1 1 1 1 1 1 1 1 1 1 1 1 1 1 1 1 1 1 1 1 1 1 1 1 1 1 1 1 1 1 1 1 1 1 1 1 1 1 1 1 1 1 1 1 1 1 1 1 1 1 1 1 1 1 1
ciInstanceKlass java/lang/StringUTF16 1 1 532 100 7 10 100 10 7 3 100 100 10 8 10 10 8 10 10 9 10 100 8 10 9 9 10 10 10 10 10 10 10 10 10 10 10 10 10 10 10 10 10 10 100 10 10 10 10 10 10 10 10 10 10 10 10 100 3 10 10 10 10 10 10 10 9 10 10 10 10 100 10 10 10 10 10 8 8 8 10 10 10 10 10 10 10 10 10 10 10 10 10 10 10 10 8 10 100 10 10 10 10 11 10 10 10 9 9 5 0 5 0 10 10 10 10 10 100 100 1 1 100 1 1 1 1 1 1 1 1 1 1 1 1 1 1 1 1 1 1 1 1 1 1 1 1 1 1 1 1 1 1 1 1 1 1 1 1 1 1 1 1 1 1 1 1 1 1 1 1 1 1 1 1 1 1 1 1 100 1 1 1 1 1 1 1 1 1 1 1 1 1 1 1 1 1 1 1 1 1 1 1 1 1 1 1 1 1 1 1 1 1 1 1 1 1 1 1 1 1 1 1 1 1 1 1 1 1 1 1 1 1 1 1 1 1 1 1 1 1 1 1 1 1 1 1 1 1 1 1 1 1 1 1 1 1 1 1 1 1 1 1 1 1 1 1 1 1 1 1 1 1 1 1 1 100 100 1 1 1 1 1 1 1 1 1 1 1 1 1 1 1 1 1 1 1 1 1 1 1 1 1 1 1 1 1 1 1 1 1 1 1 1 1 1 1 1 1 1 1 1 1 1 1 1 1 1 1 1 1 1 1 1 1 1 1 1 1 1 1 1 1 1 1 1 1 1 1 1 1 1 1 1 1 1 1 1 1 1 1 1 12 1 1 1 1 1 12 12 1 12 12 12 12 1 1 12 12 12 12 12 12 12 12 12 12 12 12 12 12 12 12 12 12 12 12 1 12 12 12 12 12 100 12 100 12 12 12 12 12 1 12 12 12 12 12 12 12 12 12 12 12 12 1 12 12 100 12 12 1 1 1 12 12 12 12 100 12 12 12 12 12 12 12 12 7 12 12 12 12 1 12 1 12 100 12 12 12 7 12 12 12 12 12 12 12 12 12 7 12 12 1 1 1 1 1 1 1 1 1 1 1 1 1 1 1 1 1 1 1 1 1 1 1 1 1 1 1 1 1 1 1 1 1 1 1 1 1 1 1 1 1 1 1 1 1 1 1 1 1 1 1 1 1 1 1 1 1 1 1 1 1 1
staticfield java/lang/StringUTF16 HI_BYTE_SHIFT I 0
staticfield java/lang/StringUTF16 LO_BYTE_SHIFT I 8
staticfield java/lang/StringUTF16 $assertionsDisabled Z 1
ciInstanceKlass java/lang/reflect/Modifier 1 1 153 100 10 100 8 10 8 10 8 8 8 8 8 8 8 8 8 8 8 10 3 7 10 10 7 7 10 10 100 1 1 1 3 1 3 1 3 1 3 1 3 1 3 1 3 1 3 1 3 1 3 1 3 1 3 1 1 1 3 1 3 1 3 1 1 3 1 3 1 3 1 3 1 3 1 1 1 1 1 1 1 1 1 1 1 1 1 1 1 1 1 1 1 1 1 1 1 1 1 1 1 1 1 1 1 1 1 1 1 1 1 1 1 1 1 1 1 12 1 1 12 1 12 1 1 1 1 1 1 1 1 1 1 1 12 1 1 1 7 12 1 1 12 1 1 1 1 1 1 1 1 1 1
ciInstanceKlass java/lang/StringCoding$1 1 1 32 10 7 10 10 7 7 1 1 1 1 1 1 1 1 1 1 1 1 1 1 1 1 1 100 1 12 1 12 1 1 1
ciInstanceKlass java/lang/ThreadLocal$ThreadLocalMap 1 1 138 9 10 9 7 7 9 9 10 10 10 7 9 10 10 10 10 10 10 10 10 10 10 10 7 1 1 1 1 1 1 3 1 1 1 1 1 1 1 1 1 1 1 1 1 1 1 1 1 1 1 1 1 1 1 1 1 1 1 1 1 1 1 1 1 1 1 1 1 100 1 1 1 1 1 1 1 1 1 1 1 1 1 1 1 1 1 1 1 1 1 1 1 1 1 1 1 1 1 1 1 1 1 1 1 1 1 1 12 12 12 1 1 12 12 12 12 12 1 12 12 12 12 12 12 12 12 12 12 12 12 1 1 1 1 1 1 1
ciInstanceKlass java/lang/ThreadLocal$ThreadLocalMap$Entry 1 1 37 10 9 7 7 1 1 1 1 1 1 1 1 100 1 1 1 1 1 1 1 1 1 1 1 1 1 1 1 100 12 12 1 1 1 1 1
instanceKlass sun/nio/ch/Util$1
instanceKlass sun/nio/fs/NativeBuffers$1
ciInstanceKlass jdk/internal/misc/TerminatingThreadLocal 1 1 86 10 10 10 10 10 9 10 7 11 11 11 7 10 10 10 11 11 7 10 7 1 1 1 1 1 1 1 1 1 1 1 1 1 1 1 1 1 1 1 1 1 1 1 1 1 7 1 1 1 1 1 1 1 1 1 1 1 12 12 12 12 12 12 12 1 12 12 12 1 12 12 12 12 1 1 1 1 1 1 1 1 1 1 1 1
staticfield jdk/internal/misc/TerminatingThreadLocal REGISTRY Ljava/lang/ThreadLocal; jdk/internal/misc/TerminatingThreadLocal$1
ciInstanceKlass sun/nio/fs/NativeBuffers$1 1 1 41 100 10 10 7 10 7 7 1 1 1 1 1 1 1 1 1 1 1 1 1 1 1 1 1 1 1 1 1 1 1 1 1 12 7 12 12 1 1 1 1
instanceKlass java/io/UnsupportedEncodingException
instanceKlass java/io/CharConversionException
instanceKlass java/io/EOFException
instanceKlass java/io/ObjectStreamException
instanceKlass java/nio/file/FileSystemException
instanceKlass java/io/FileNotFoundException
instanceKlass java/net/UnknownHostException
instanceKlass java/net/MalformedURLException
ciInstanceKlass java/io/IOException 1 1 34 10 10 10 10 100 7 1 1 1 5 0 1 1 1 1 1 1 1 1 1 1 1 1 1 1 1 1 12 12 12 12 1 1
instanceKlass com/sun/org/apache/xerces/internal/impl/io/UTF8Reader
instanceKlass java/io/StringReader
instanceKlass sun/nio/cs/StreamDecoder
instanceKlass java/io/BufferedReader
instanceKlass java/io/InputStreamReader
ciInstanceKlass java/io/Reader 1 1 127 100 10 10 9 9 100 10 10 10 10 100 8 10 7 5 0 10 100 8 10 8 8 10 10 7 100 100 1 1 1 1 3 1 1 1 1 1 1 1 1 1 1 1 1 1 1 1 1 1 1 1 1 1 1 1 100 1 1 1 1 1 1 1 1 1 1 1 100 1 1 1 1 1 1 1 1 1 1 1 1 1 1 1 1 1 1 1 12 12 12 1 100 12 12 12 1 1 12 1 100 12 1 1 1 100 12 100 12 1 1 1 1 1 1 1 1 1 1 1 1 1 1 1 1 1 1
ciInstanceKlass java/io/InputStreamReader 1 1 96 10 10 10 9 100 8 10 10 8 8 10 10 10 10 10 10 7 7 1 1 1 1 1 1 1 1 1 1 1 1 1 1 1 100 100 1 100 1 1 1 7 1 1 1 100 1 1 1 1 100 1 1 1 1 1 1 1 1 1 1 1 1 12 12 7 12 12 1 12 12 1 1 12 12 12 12 12 12 1 1 1 1 1 1 1 1 1 1 1 1 1 1 1 1 1
ciInstanceKlass java/lang/AssertionError 0 0 79 10 10 10 10 100 10 10 10 10 10 10 10 10 100 100 1 1 1 5 0 1 1 1 1 1 1 1 1 1 1 1 1 1 100 1 1 1 1 1 1 1 1 1 1 1 1 1 1 1 1 1 12 12 100 12 1 12 12 12 12 12 12 12 12 1 1 1 1 1 1 1 1 1 1 1 1 1 1
ciInstanceKlass jdk/internal/reflect/DelegatingMethodAccessorImpl 1 1 37 10 10 9 10 7 7 1 1 1 1 1 1 1 1 1 1 1 1 1 1 1 1 100 100 1 1 1 12 12 12 12 1 1 1 1 1
instanceKlass java/util/logging/LogManager$RootLogger
ciInstanceKlass java/util/logging/Logger 1 1 733 10 9 10 10 9 9 9 9 7 10 9 9 10 9 10 100 8 10 10 10 7 10 9 10 100 10 9 10 10 10 10 10 10 10 10 10 7 8 10 10 10 8 10 10 10 10 9 10 9 10 10 11 10 10 10 9 10 9 10 10 10 9 10 10 10 100 10 10 11 100 7 10 10 10 10 10 10 10 9 8 10 8 10 100 10 10 10 10 10 8 8 8 9 10 9 9 9 9 9 10 9 10 10 9 9 10 9 10 10 10 9 9 10 7 10 10 9 9 10 9 10 10 10 10 10 10 9 11 100 18 10 100 10 100 18 10 10 9 18 10 10 10 8 8 100 10 9 10 11 11 7 10 11 7 10 10 10 10 10 10 10 10 7 9 7 10 8 10 7 1 1 1 100 1 1 1 1 1 1 1 1 1 1 1 1 1 1 1 1 1 1 1 1 1 1 1 1 1 1 1 1 1 1 1 1 1 1 1 1 1 1 1 1 1 1 1 1 1 1 1 1 1 1 1 1 1 1 1 1 1 1 1 1 1 1 1 1 1 1 1 1 1 1 1 100 1 1 1 1 1 7 1 1 1 1 1 1 1 1 1 1 1 1 1 1 1 1 1 1 1 1 1 1 1 1 1 1 1 1 1 1 1 1 1 100 1 1 1 1 1 100 1 1 1 1 1 1 1 1 1 1 1 1 1 1 1 1 1 1 1 1 1 1 1 1 1 1 1 1 1 1 1 1 1 1 1 1 1 1 1 1 1 1 1 1 1 1 1 1 1 1 1 1 1 1 1 1 1 1 1 1 1 1 1 1 7 100 1 1 1 1 1 1 1 1 1 1 1 1 1 1 1 1 1 1 1 1 1 1 1 1 1 1 1 1 1 1 1 1 100 100 1 1 1 1 1 1 1 1 1 1 1 1 1 1 1 1 1 1 7 1 1 1 1 1 1 1 1 1 1 1 1 1 1 1 1 1 100 12 12 12 12 12 12 12 12 1 12 12 12 12 12 1 1 12 12 12 1 12 12 12 1 12 7 12 7 12 12 12 7 12 12 12 12 1 1 12 12 12 1 12 12 12 12 12 12 12 12 12 12 12 12 12 12 12 12 12 12 12 12 12 12 12 1 12 12 100 1 1 12 12 12 12 12 12 12 12 1 12 1 12 1 12 12 12 12 1 1 1 12 12 12 12 12 12 12 12 12 12 12 12 12 12 12 7 12 12 12 12 12 7 12 12 12 12 12 12 100 12 12 12 12 12 12 12 100 12 1 1 15 16 15 16 12 100 12 1 12 1 15 8 12 12 12 8 12 12 12 12 1 1 1 12 12 12 12 1 12 1 12 12 12 12 12 12 12 12 1 12 1 12 1 1 1 1 1 1 1 1 1 1 1 1 1 1 1 1 1 1 1 1 1 1 1 1 1 1 1 1 1 1 1 1 1 1 1 1 1 1 1 1 1 1 1 1 1 1 1 1 1 1 1 1 1 1 1 1 1 1 1 1 1 1 1 1 1 1 1 1 1 1 1 1 1 1 1 1 1 1 1 1 1 1 1 1 10 10 1 1 1 1 1 1 10 1 1 1 1 1 1 1 1 1 1 1 1 1 1 1 1 1 1 1 1 1 1 1 100 12 12 100 12 1 1 100 1 1 1 1 100 1 1
staticfield java/util/logging/Logger emptyHandlers [Ljava/util/logging/Handler; 0 [Ljava/util/logging/Handler;
staticfield java/util/logging/Logger offValue I 2147483647
staticfield java/util/logging/Logger SYSTEM_BUNDLE Ljava/util/logging/Logger$LoggerBundle; java/util/logging/Logger$LoggerBundle
staticfield java/util/logging/Logger NO_RESOURCE_BUNDLE Ljava/util/logging/Logger$LoggerBundle; java/util/logging/Logger$LoggerBundle
staticfield java/util/logging/Logger treeLock Ljava/lang/Object; java/lang/Object
staticfield java/util/logging/Logger global Ljava/util/logging/Logger; java/util/logging/Logger
ciInstanceKlass java/util/logging/Level 1 1 294 10 10 10 100 10 9 9 9 9 9 10 10 10 10 9 11 10 7 8 10 10 9 10 10 10 10 10 100 18 10 10 10 10 10 10 100 10 10 10 18 100 18 10 8 100 3 9 8 9 8 9 8 9 8 9 8 9 8 9 8 9 8 3 9 9 7 100 7 1 1 100 1 1 1 1 1 1 1 1 1 1 1 1 1 1 1 1 1 1 1 1 1 1 1 1 1 5 0 1 1 1 1 1 1 1 1 1 1 1 100 1 1 1 1 1 1 1 1 1 1 1 1 1 1 1 1 100 100 100 1 1 1 1 1 1 1 1 1 1 1 1 1 7 1 1 1 1 1 1 1 1 1 1 1 1 1 1 1 1 1 1 12 12 12 1 12 12 12 12 12 12 12 12 100 12 12 100 12 12 1 1 12 12 12 12 12 12 12 1 1 15 16 15 16 12 12 12 12 12 12 12 1 12 12 12 15 1 15 8 12 12 1 12 12 12 12 12 12 12 12 12 12 1 1 1 1 1 1 1 1 1 1 1 1 1 1 1 1 1 1 1 1 1 1 1 1 1 1 1 1 10 1 10 1 1 1 1 1 1 1 1 1 1 1 1 1 1 1 1 10 10 1 1 1 7 12 12 12 100 12 1 1 100 1 1 1 1 1 1 1 100 1 1
staticfield java/util/logging/Level OFF Ljava/util/logging/Level; java/util/logging/Level
staticfield java/util/logging/Level SEVERE Ljava/util/logging/Level; java/util/logging/Level
staticfield java/util/logging/Level WARNING Ljava/util/logging/Level; java/util/logging/Level
staticfield java/util/logging/Level INFO Ljava/util/logging/Level; java/util/logging/Level
staticfield java/util/logging/Level CONFIG Ljava/util/logging/Level; java/util/logging/Level
staticfield java/util/logging/Level FINE Ljava/util/logging/Level; java/util/logging/Level
staticfield java/util/logging/Level FINER Ljava/util/logging/Level; java/util/logging/Level
staticfield java/util/logging/Level FINEST Ljava/util/logging/Level; java/util/logging/Level
staticfield java/util/logging/Level ALL Ljava/util/logging/Level; java/util/logging/Level
staticfield java/util/logging/Level standardLevels [Ljava/util/logging/Level; 9 [Ljava/util/logging/Level;
ciInstanceKlass java/util/logging/Logger$ConfigurationData 1 1 144 10 7 10 9 9 9 9 10 9 9 9 10 10 10 9 100 8 10 9 10 11 11 100 10 10 10 10 9 10 7 7 1 1 1 1 1 1 1 1 1 1 1 1 1 1 1 1 1 1 1 1 1 1 1 1 1 1 1 100 1 1 1 100 1 1 1 7 1 1 1 1 1 1 1 1 1 1 1 1 100 100 1 1 1 12 1 12 12 12 12 12 12 12 12 12 12 12 12 1 1 12 12 12 12 12 1 12 12 12 12 12 12 1 1 1 1 1 1 1 1 1 1 1 1 1 1 1 1 1 1 1 1 1 1 1 1 1 1 1 1 1 1 1
ciInstanceKlass sun/nio/ch/Util$1 1 1 54 10 7 10 10 10 10 10 10 7 7 1 1 1 1 1 1 1 1 1 1 1 1 1 1 1 1 1 1 1 1 1 1 1 1 1 7 1 12 1 12 12 12 12 12 1 1 1 1 1 1 1 1 1
instanceKlass com/sun/istack/SAXException2
instanceKlass org/xml/sax/SAXParseException
ciInstanceKlass org/xml/sax/SAXException 0 0 150 10 10 10 10 10 10 10 10 10 10 18 10 8 10 10 10 10 100 10 100 100 8 10 100 10 9 100 1 1 1 1 1 5 0 1 1 1 1 1 1 1 1 1 1 1 1 1 1 1 1 1 1 1 100 100 1 1 1 1 1 1 1 1 1 1 1 100 1 1 1 1 100 1 1 1 1 1 100 1 1 1 100 100 1 1 1 1 12 12 12 12 12 12 12 12 1 15 8 12 100 12 12 12 12 12 1 12 1 1 1 1 12 12 1 1 1 1 1 1 1 1 1 1 10 1 1 1 1 1 1 1 1 1 1 1 1 1 1 1 1 100 12 1 100 1 1 100 1 1
ciInstanceKlass com/sun/org/apache/xerces/internal/xni/XMLDocumentHandler 1 0 40 100 100 1 1 1 100 1 1 1 1 1 1 1 1 1 1 1 1 1 1 1 1 1 1 1 1 1 1 1 1 1 1 1 1 1 1 1 1 1
instanceKlass com/sun/org/apache/xerces/internal/parsers/AbstractXMLDocumentParser
ciInstanceKlass com/sun/org/apache/xerces/internal/parsers/XMLParser 1 1 93 100 9 11 10 9 11 9 100 10 8 11 9 100 10 8 10 11 7 7 8 8 7 1 1 1 1 1 1 1 1 1 1 1 1 1 1 1 1 1 1 1 1 1 100 100 1 1 1 1 1 1 1 1 100 100 1 1 1 1 1 1 12 7 12 12 12 12 12 1 12 1 12 12 1 1 12 12 1 1 1 1 1 1 1 1 1 1 1 1 1 1 1
staticfield com/sun/org/apache/xerces/internal/parsers/XMLParser RECOGNIZED_PROPERTIES [Ljava/lang/String; 2 [Ljava/lang/String;
instanceKlass com/sun/org/apache/xerces/internal/parsers/AbstractSAXParser
instanceKlass com/sun/org/apache/xerces/internal/parsers/AbstractDOMParser
ciInstanceKlass com/sun/org/apache/xerces/internal/parsers/AbstractXMLDocumentParser 1 1 173 10 11 11 11 10 10 9 9 9 9 10 7 7 100 100 100 1 1 1 1 1 1 1 1 1 1 1 1 1 1 1 1 1 1 1 1 1 1 1 1 1 1 1 1 100 1 1 1 1 1 1 1 1 1 1 1 1 1 1 1 1 1 1 1 1 1 1 1 1 1 1 1 1 1 1 1 1 1 1 1 1 1 1 1 1 1 1 1 1 1 1 1 1 1 1 1 1 1 1 1 1 1 1 1 1 1 1 1 1 1 1 1 1 1 1 1 1 1 1 1 1 1 1 1 1 1 1 1 1 1 1 1 1 1 1 1 1 1 1 1 1 1 1 1 1 1 1 12 7 12 12 12 12 12 12 12 12 12 12 1 1 1 1 1 1 1 1 1 1 1 1 1
ciInstanceKlass com/sun/org/apache/xerces/internal/util/SymbolTable 1 1 191 7 10 9 100 18 10 10 18 9 9 7 9 4 9 9 4 10 10 9 10 9 10 10 10 10 10 9 10 10 9 10 3 10 10 10 10 10 10 7 1 1 1 1 1 3 1 3 1 3 1 3 1 1 1 1 1 1 1 1 1 1 1 1 1 1 1 1 1 1 1 1 1 1 1 1 1 1 1 1 1 1 1 1 1 1 1 1 1 1 1 1 1 1 1 1 100 100 1 1 1 1 1 1 1 1 1 1 1 100 1 1 1 1 1 1 1 12 12 1 1 15 8 12 12 7 12 8 12 12 12 1 12 12 12 12 12 12 12 12 12 12 12 12 12 12 12 12 12 12 12 12 12 12 12 100 12 1 1 10 1 1 1 1 1 1 1 1 1 1 1 1 1 1 1 1 1 1 1 1 1 1 100 12 1 100 1 1 100 1 1
ciInstanceKlass com/sun/org/apache/xerces/internal/impl/XMLEntityManager 1 1 1522 100 7 10 9 9 9 9 9 8 9 9 9 9 9 9 7 10 9 7 10 9 9 9 7 8 9 7 10 9 7 10 9 9 9 7 10 7 10 9 10 9 7 10 9 10 11 100 10 11 9 9 100 8 8 7 10 10 9 11 10 7 100 100 10 10 10 9 10 9 10 10 9 100 10 10 10 10 10 10 9 10 100 10 10 100 10 100 10 11 11 100 11 7 11 10 10 10 10 10 10 7 10 10 10 9 9 9 10 9 7 5 0 10 8 5 0 10 9 10 9 9 8 8 10 10 10 10 10 10 11 100 10 10 9 10 9 11 11 11 10 9 10 9 11 100 10 9 9 9 9 9 10 9 10 9 100 10 11 10 7 10 100 8 10 10 10 10 11 11 11 11 100 10 11 11 10 11 8 11 11 11 9 8 10 9 9 9 18 9 10 8 10 10 10 10 8 100 9 10 10 10 9 9 10 9 10 10 10 8 10 10 10 10 100 10 100 9 10 8 10 8 100 10 8 10 7 8 8 100 100 100 8 7 10 8 8 8 100 8 9 9 9 9 8 7 9 10 8 7 10 10 10 11 10 9 8 11 10 10 10 8 8 8 8 8 8 8 11 8 11 7 8 7 9 8 10 10 9 10 7 8 10 8 10 8 8 8 8 8 8 7 10 10 8 9 10 9 9 10 8 8 10 100 100 8 10 9 9 9 10 100 10 10 10 10 9 9 9 10 10 100 9 8 10 10 10 8 100 10 10 10 10 10 10 100 10 10 10 10 8 10 10 10 100 10 10 10 10 10 10 10 10 10 100 10 10 18 10 100 10 10 100 10 10 10 10 10 10 10 10 8 10 10 10 9 9 9 9 9 9 9 9 9 9 10 10 10 8 8 7 10 100 10 100 10 8 10 10 8 8 10 8 100 100 10 10 10 9 9 18 18 8 8 8 8 10 8 8 10 8 8 8 8 8 8 8 8 8 8 8 8 8 8 8 8 8 8 8 8 8 8 8 8 8 8 9 10 8 7 8 10 9 10 8 100 1 1 1 1 1 1 3 1 3 1 3 1 1 1 1 1 1 1 1 1 1 1 1 1 1 1 1 1 1 1 1 1 1 1 1 1 1 1 1 1 1 3 1 1 1 1 1 1 1 1 1 1 1 1 1 1 1 1 1 1 1 1 1 1 1 1 1 1 1 1 1 1 1 1 1 1 1 1 1 1 1 1 1 1 1 1 1 1 1 1 1 1 1 1 1 1 1 1 1 1 1 1 1 1 1 1 1 1 1 1 1 1 1 1 1 1 1 1 1 1 1 1 1 1 1 1 1 1 1 1 1 1 1 1 1 1 1 1 1 1 1 1 1 1 1 1 1 1 1 1 1 1 1 1 1 1 1 1 1 1 1 1 1 1 1 1 1 1 1 1 1 1 1 1 1 1 1 1 1 1 1 1 1 1 1 1 1 1 1 1 1 1 1 1 1 1 1 1 1 1 1 1 1 1 1 1 7 100 100 100 100 1 1 1 1 1 1 1 1 1 1 1 1 1 1 1 1 1 1 1 1 1 1 1 1 1 1 1 1 100 1 1 1 1 1 100 100 1 1 1 1 1 1 1 1 1 1 1 1 1 1 1 1 1 1 1 1 1 1 1 1 1 1 1 1 1 1 1 1 1 1 100 1 1 1 1 1 1 1 1 1 1 1 1 1 1 1 1 1 1 1 1 1 1 1 1 1 1 1 1 1 1 1 1 1 1 1 1 1 1 1 1 1 1 1 1 1 1 1 1 1 1 1 1 1 1 100 1 1 1 1 1 1 1 1 1 1 1 1 1 1 1 1 1 1 1 1 1 1 1 1 1 1 1 1 1 1 1 1 1 1 1 100 7 1 1 1 1 1 1 1 1 1 1 1 1 1 1 1 1 1 1 100 1 1 1 1 1 12 12 12 12 12 12 1 12 12 12 12 12 12 1 12 1 12 12 12 1 1 12 1 12 1 12 12 12 1 12 1 12 12 12 12 1 12 12 12 7 12 1 12 12 12 12 1 1 1 1 12 12 12 12 12 1 1 1 12 12 12 12 12 12 12 12 1 12 12 12 12 12 12 12 1 12 12 1 12 1 12 12 12 1 12 1 12 12 12 12 12 12 12 1 12 12 12 12 12 12 12 12 1 12 1 12 12 12 12 12 1 1 12 12 12 12 12 12 12 1 12 12 12 12 12 12 12 12 12 12 12 1 12 12 12 12 12 12 12 100 12 100 12 12 1 100 12 100 12 12 1 12 1 1 100 12 12 12 12 12 12 12 12 1 12 12 7 12 1 12 7 12 12 1 12 12 12 12 1 15 8 12 12 1 12 12 12 12 1 1 12 12 12 12 12 12 12 12 12 12 1 12 12 12 1 12 1 7 12 12 1 1 1 1 12 1 1 1 1 1 1 1 1 12 1 1 1 1 1 12 12 12 12 1 1 7 12 12 1 1 12 12 1 7 12 12 1 1 1 1 1 1 1 1 12 1 1 1 12 1 12 12 7 12 1 12 1 12 1 1 1 1 1 1 1 12 12 1 12 7 12 12 12 1 1 12 1 1 12 12 12 12 1 12 12 100 12 12 12 12 12 12 12 1 12 1 12 12 1 1 12 12 12 12 12 1 12 12 12 12 1 12 12 12 1 12 12 12 12 12 12 12 12 1 12 8 12 1 12 12 1 12 12 12 12 12 1 12 12 12 12 12 12 12 12 12 12 12 12 12 12 1 1 1 12 1 12 1 12 1 100 12 12 1 1 100 12 1 1 1 12 12 12 12 8 12 8 1 1 1 1 12 1 1 12 1 1 1 1 1 1 1 1 1 1 1 1 1 1 1 1 1 1 1 1 1 1 1 12 12 1 1 1 12 12 12 1 1 1 1 1 1 1 1 1 1 1 1 1 1 1 1 1 1 1 1 1 1 1 1 1 1 1 1 1 1 1 1 1 1 1 1 1 1 1 1 1 1 1 1 1 1 1 1 1 1 1 1 1 1 1 1 1 1 1 1 1 1 1 1 1 1 1 1 1 1 1 1 1 1 1 1 1 1 1 1 1 1 1 1 1 1 1 1 1 1 1 1 1 1 1 1 1 1 1 1 1 1 1 1 1 1 1 1 1 10 1 1 1 1 1 1 1 1 1 1 1 1 1 1 1 1 1 1 1 1 1 1 1 1 1 1 1 1 1 1 1 1 1 1 1 1 1 1 1 1 1 1 1 1 1 1 1 1 1 1 1 1 1 1 1 1 1 1 1 1 1 1 1 1 1 1 1 1 1 1 1 1 1 1 1 1 1 1 1 1 1 1 1 1 1 1 1 1 1 1 1 1 1 1 1 1 1 1 1 1 1 1 1 1 1 1 1 1 1 1 1 1 1 1 1 1 1 1 1 1 1 1 1 100 12 1 100 1 1 100 1 1
staticfield com/sun/org/apache/xerces/internal/impl/XMLEntityManager RECOGNIZED_FEATURES [Ljava/lang/String; 7 [Ljava/lang/String;
staticfield com/sun/org/apache/xerces/internal/impl/XMLEntityManager FEATURE_DEFAULTS [Ljava/lang/Boolean; 7 [Ljava/lang/Boolean;
staticfield com/sun/org/apache/xerces/internal/impl/XMLEntityManager RECOGNIZED_PROPERTIES [Ljava/lang/String; 12 [Ljava/lang/String;
staticfield com/sun/org/apache/xerces/internal/impl/XMLEntityManager PROPERTY_DEFAULTS [Ljava/lang/Object; 12 [Ljava/lang/Object;
staticfield com/sun/org/apache/xerces/internal/impl/XMLEntityManager XMLEntity Ljava/lang/String; "[xml]"staticfield com/sun/org/apache/xerces/internal/impl/XMLEntityManager DTDEntity Ljava/lang/String; "[dtd]"ciInstanceKlass com/sun/org/apache/xerces/internal/xni/Augmentations 1 0 18 100 100 1 1 1 1 1 1 1 1 1 1 1 1 1 1 1
ciInstanceKlass com/sun/org/apache/xerces/internal/utils/XMLSecurityManager 1 1 345 10 10 9 8 9 10 9 7 9 9 9 10 9 9 10 9 10 10 10 10 10 7 7 100 10 10 10 10 100 8 10 10 10 10 10 8 10 10 10 10 9 9 9 9 9 9 10 10 10 10 10 10 10 18 9 10 9 10 18 10 10 9 10 9 100 18 10 100 9 9 10 10 10 10 7 10 7 7 1 1 7 1 1 1 1 1 3 1 1 1 1 1 1 1 1 1 3 1 1 1 1 1 1 1 1 1 1 1 1 1 1 1 1 1 100 1 1 1 1 1 1 1 1 1 1 1 1 1 1 1 1 1 1 1 1 1 1 1 1 1 1 1 1 1 1 1 1 1 1 1 1 1 1 1 1 1 1 1 1 1 1 100 1 1 1 1 1 1 1 1 1 1 1 1 1 1 1 1 1 1 1 1 12 12 12 1 12 12 12 1 12 12 12 12 12 12 12 12 12 12 12 12 12 1 1 1 12 7 12 12 12 1 1 12 12 12 12 12 1 12 12 7 12 12 12 12 12 12 12 12 12 12 12 12 12 12 12 1 15 8 12 12 12 100 12 100 12 8 100 12 7 12 12 12 12 1 8 12 12 1 12 12 12 12 12 12 1 1 1 1 1 1 1 1 1 1 1 1 1 1 1 1 1 1 1 1 1 1 1 1 1 1 1 1 1 1 1 1 1 1 1 1 1 1 1 1 1 1 1 1 1 10 1 1 1 1 1 1 1 1 1 1 1 1 1 1 1 1 1 1 1 1 1 1 1 100 12 1 100 1 1 100 1 1
staticfield com/sun/org/apache/xerces/internal/utils/XMLSecurityManager printedWarnings Ljava/util/concurrent/CopyOnWriteArrayList; java/util/concurrent/CopyOnWriteArrayList
ciInstanceKlass com/sun/org/apache/xerces/internal/utils/XMLSecurityManager$Limit 1 1 172 9 10 7 7 10 10 9 9 9 9 9 10 8 8 100 8 8 3 10 9 8 8 8 8 9 8 8 8 8 9 8 8 8 8 3 9 8 8 8 8 9 8 8 8 3 9 8 8 8 8 9 8 8 8 8 9 8 8 8 8 3 9 7 1 1 1 1 1 1 1 1 1 1 1 1 1 1 1 1 1 1 1 1 1 1 1 1 1 1 1 1 1 1 1 1 1 1 1 1 1 1 1 1 1 1 1 1 1 1 1 1 100 12 7 12 1 12 12 12 12 12 12 12 7 12 1 1 1 1 12 12 1 1 1 12 1 1 1 12 1 1 1 12 1 1 1 12 1 1 12 1 1 1 12 1 1 1 12 1 1 1 12 1 1 1 1 1 1 1 1 1
staticfield com/sun/org/apache/xerces/internal/utils/XMLSecurityManager$Limit ENTITY_EXPANSION_LIMIT Lcom/sun/org/apache/xerces/internal/utils/XMLSecurityManager$Limit; com/sun/org/apache/xerces/internal/utils/XMLSecurityManager$Limit
staticfield com/sun/org/apache/xerces/internal/utils/XMLSecurityManager$Limit MAX_OCCUR_NODE_LIMIT Lcom/sun/org/apache/xerces/internal/utils/XMLSecurityManager$Limit; com/sun/org/apache/xerces/internal/utils/XMLSecurityManager$Limit
staticfield com/sun/org/apache/xerces/internal/utils/XMLSecurityManager$Limit ELEMENT_ATTRIBUTE_LIMIT Lcom/sun/org/apache/xerces/internal/utils/XMLSecurityManager$Limit; com/sun/org/apache/xerces/internal/utils/XMLSecurityManager$Limit
staticfield com/sun/org/apache/xerces/internal/utils/XMLSecurityManager$Limit TOTAL_ENTITY_SIZE_LIMIT Lcom/sun/org/apache/xerces/internal/utils/XMLSecurityManager$Limit; com/sun/org/apache/xerces/internal/utils/XMLSecurityManager$Limit
staticfield com/sun/org/apache/xerces/internal/utils/XMLSecurityManager$Limit GENERAL_ENTITY_SIZE_LIMIT Lcom/sun/org/apache/xerces/internal/utils/XMLSecurityManager$Limit; com/sun/org/apache/xerces/internal/utils/XMLSecurityManager$Limit
staticfield com/sun/org/apache/xerces/internal/utils/XMLSecurityManager$Limit PARAMETER_ENTITY_SIZE_LIMIT Lcom/sun/org/apache/xerces/internal/utils/XMLSecurityManager$Limit; com/sun/org/apache/xerces/internal/utils/XMLSecurityManager$Limit
staticfield com/sun/org/apache/xerces/internal/utils/XMLSecurityManager$Limit MAX_ELEMENT_DEPTH_LIMIT Lcom/sun/org/apache/xerces/internal/utils/XMLSecurityManager$Limit; com/sun/org/apache/xerces/internal/utils/XMLSecurityManager$Limit
staticfield com/sun/org/apache/xerces/internal/utils/XMLSecurityManager$Limit MAX_NAME_LIMIT Lcom/sun/org/apache/xerces/internal/utils/XMLSecurityManager$Limit; com/sun/org/apache/xerces/internal/utils/XMLSecurityManager$Limit
staticfield com/sun/org/apache/xerces/internal/utils/XMLSecurityManager$Limit ENTITY_REPLACEMENT_LIMIT Lcom/sun/org/apache/xerces/internal/utils/XMLSecurityManager$Limit; com/sun/org/apache/xerces/internal/utils/XMLSecurityManager$Limit
staticfield com/sun/org/apache/xerces/internal/utils/XMLSecurityManager$Limit $VALUES [Lcom/sun/org/apache/xerces/internal/utils/XMLSecurityManager$Limit; 9 [Lcom/sun/org/apache/xerces/internal/utils/XMLSecurityManager$Limit;
ciInstanceKlass com/sun/xml/internal/stream/XMLEntityStorage 1 1 360 100 10 7 10 9 9 9 9 8 10 7 9 11 9 7 8 11 9 11 11 100 11 100 10 11 100 8 8 7 10 9 11 10 100 100 10 10 10 10 10 10 8 8 10 100 10 9 10 9 9 10 100 10 10 10 10 9 9 9 10 8 10 100 9 8 10 10 100 10 100 10 10 8 10 10 18 10 100 10 18 18 1 1 1 1 1 1 1 1 1 1 1 100 1 1 1 1 1 1 1 1 1 1 1 1 1 1 1 1 1 1 1 1 1 1 1 1 1 1 1 1 1 1 1 1 1 1 100 1 1 1 1 1 1 1 1 1 1 1 1 1 1 1 1 1 1 1 1 1 1 1 1 1 1 1 1 1 1 1 1 1 1 1 1 1 1 1 1 1 1 1 1 1 1 100 100 1 1 1 1 1 1 1 1 1 1 1 1 1 1 1 1 100 1 1 1 12 1 12 12 12 12 1 100 12 1 12 7 12 12 1 1 7 12 12 12 1 12 1 1 12 12 1 1 1 1 12 12 100 12 100 12 1 1 1 12 12 12 12 12 12 1 1 100 12 1 12 12 12 12 100 12 12 1 12 12 100 12 12 12 12 12 12 1 12 1 12 1 12 12 1 12 1 12 12 1 12 12 1 15 8 12 12 1 8 12 8 1 1 1 1 1 1 1 1 1 1 1 1 1 1 1 1 1 1 1 1 1 1 1 1 1 1 1 1 1 1 1 1 1 1 1 1 1 1 1 1 1 1 1 1 1 1 1 1 1 1 1 1 1 1 1 1 1 10 1 1 1 1 1 100 12 1 100 1 1 100 1 1
ciInstanceKlass com/sun/org/apache/xerces/internal/xni/XMLLocator 1 0 18 100 100 1 1 1 1 1 1 1 1 1 1 1 1 1 1 1
ciInstanceKlass com/sun/org/apache/xerces/internal/impl/XMLEntityScanner 1 1 671 100 7 10 9 7 9 9 9 7 10 9 9 9 9 9 9 9 9 9 9 9 9 9 9 10 8 10 7 8 7 10 8 11 9 11 9 9 10 9 10 9 11 9 9 9 9 11 11 9 9 9 10 8 10 9 10 8 8 100 10 9 8 10 10 9 9 10 10 10 9 10 9 10 10 10 10 9 10 10 10 100 8 8 7 10 9 9 9 9 9 10 9 9 10 10 10 10 10 10 10 10 9 8 10 10 10 10 9 10 10 10 9 9 10 9 10 9 10 9 9 10 10 9 8 7 10 10 10 8 100 10 10 8 10 10 8 8 10 8 8 100 10 10 8 8 10 10 10 10 7 11 10 7 10 100 1 1 7 1 1 1 1 1 1 1 1 1 1 1 1 1 3 1 1 1 1 1 1 1 1 1 1 1 1 1 1 1 1 1 1 1 1 1 1 1 1 1 1 1 1 1 1 1 1 1 1 1 1 1 1 1 1 1 1 1 1 1 1 1 1 1 1 100 1 1 1 1 1 1 1 1 1 1 1 1 1 1 1 1 7 1 1 1 1 1 1 1 1 1 1 1 1 1 1 1 1 1 1 1 1 1 1 1 1 100 1 1 1 1 1 1 1 7 1 1 1 1 1 1 1 1 1 1 1 1 1 1 1 1 1 1 1 1 1 1 1 1 1 7 1 1 1 1 1 1 1 1 1 7 1 1 1 1 1 1 100 1 1 1 1 7 1 1 1 1 1 1 1 1 1 1 1 1 1 1 1 1 1 1 1 1 1 1 1 1 1 1 1 1 1 1 1 1 1 1 1 1 1 1 1 1 1 1 1 1 1 1 1 1 1 1 1 1 1 1 1 1 1 1 1 1 1 1 1 1 1 1 1 1 1 1 1 1 1 1 1 1 1 1 1 12 12 1 12 12 12 1 12 12 12 12 12 12 12 12 12 12 12 12 12 12 12 1 100 12 1 1 1 12 1 7 12 12 12 12 12 12 7 12 12 12 12 12 12 12 12 12 12 12 1 12 7 12 12 1 1 1 12 12 1 12 12 12 12 12 12 12 12 7 12 100 12 12 12 12 12 12 12 12 1 1 1 1 12 12 12 12 12 12 12 12 12 7 12 7 12 12 12 100 12 12 12 12 12 1 12 12 12 12 12 12 12 12 12 12 7 12 12 12 12 12 12 12 7 12 12 12 1 1 12 12 12 1 1 100 12 1 12 12 1 1 100 12 1 1 1 12 12 1 1 12 12 12 12 1 12 1 1 100 1 1 1 1 100 1 1 1 1 1 1 1 1 1 1 1 1 1 1 1 1 1 1 1 1 1 1 1 1 1 1 1 1 1 1 1 1 1 1 1 1 1 1 1 1 1 1 1 1 1 1 1 1 1 1 1 1 1 1 1 1 1 1 1 1 1 1 1 1 1 1 1 1 1 1 1 1 1 1 1 1 1 1 1 1 1 1 1 1 1 1 1 1 1 1 1 1 1 1 1 1 1 1 1 1 1 1 1 1 1 1
staticfield com/sun/org/apache/xerces/internal/impl/XMLEntityScanner VALID_NAMES [Z 127
staticfield com/sun/org/apache/xerces/internal/impl/XMLEntityScanner END_OF_DOCUMENT_ENTITY Ljava/io/EOFException; com/sun/org/apache/xerces/internal/impl/XMLEntityScanner$1
instanceKlass com/sun/org/apache/xerces/internal/impl/XMLEntityScanner$1
ciInstanceKlass java/io/EOFException 1 1 26 10 10 100 7 1 1 1 5 0 1 1 1 1 1 1 1 1 1 1 1 1 12 12 1 1
ciInstanceKlass com/sun/org/apache/xerces/internal/impl/XMLErrorReporter 1 1 271 100 10 9 7 10 9 9 9 11 11 7 11 10 10 10 11 100 10 10 10 10 10 100 10 10 9 9 100 10 11 11 11 9 7 8 11 8 11 7 9 10 7 8 10 10 8 10 9 10 8 8 10 9 9 100 10 7 7 7 100 1 1 1 1 3 1 3 1 3 1 1 1 1 1 1 1 1 1 1 1 1 1 1 1 1 1 1 1 1 1 1 1 1 1 1 1 1 1 1 1 1 1 1 1 1 1 1 1 1 1 1 1 1 1 1 1 1 1 1 1 1 1 1 100 1 1 1 1 1 1 1 1 1 1 1 1 1 1 1 1 100 100 100 1 1 1 1 1 1 1 1 1 1 1 100 1 1 1 1 1 1 1 1 1 1 1 1 1 1 1 1 1 1 1 1 1 12 12 1 12 12 12 7 12 12 1 12 12 12 12 12 1 12 12 12 12 1 12 12 12 12 1 12 12 12 12 1 1 7 12 1 12 1 12 7 12 1 12 12 1 12 12 7 1 1 12 12 12 1 12 1 1 1 1 1 1 1 1 1 1 1 1 1 1 1 1 1 1 1 1 1 1 1 1 1 1 1 1 1 1 1 1 1 1 1 1 1 1 1 1
staticfield com/sun/org/apache/xerces/internal/impl/XMLErrorReporter RECOGNIZED_FEATURES [Ljava/lang/String; 1 [Ljava/lang/String;
staticfield com/sun/org/apache/xerces/internal/impl/XMLErrorReporter FEATURE_DEFAULTS [Ljava/lang/Boolean; 1 [Ljava/lang/Boolean;
staticfield com/sun/org/apache/xerces/internal/impl/XMLErrorReporter RECOGNIZED_PROPERTIES [Ljava/lang/String; 1 [Ljava/lang/String;
staticfield com/sun/org/apache/xerces/internal/impl/XMLErrorReporter PROPERTY_DEFAULTS [Ljava/lang/Object; 1 [Ljava/lang/Object;
ciInstanceKlass com/sun/xml/internal/stream/XMLBufferListener 1 0 10 100 100 1 1 1 1 1 1 1
instanceKlass com/sun/org/apache/xerces/internal/impl/XMLDTDScannerImpl
instanceKlass com/sun/org/apache/xerces/internal/impl/XMLDocumentFragmentScannerImpl
ciInstanceKlass com/sun/org/apache/xerces/internal/impl/XMLScanner 1 1 861 100 7 10 9 7 10 9 9 9 9 9 9 9 9 9 9 9 9 9 9 9 7 10 9 7 10 9 9 9 7 10 9 9 8 11 10 8 11 7 9 8 7 9 8 7 8 7 10 8 8 9 8 8 10 10 10 8 10 8 8 100 9 10 10 10 10 10 9 10 10 9 8 8 10 10 10 8 7 8 10 9 8 8 10 9 8 8 8 8 9 8 8 8 8 8 8 8 10 8 10 8 8 8 8 8 9 10 10 10 10 10 10 10 10 8 8 10 10 8 8 10 9 9 10 8 10 10 10 8 8 8 10 8 10 8 8 9 8 8 9 9 10 9 10 9 10 9 8 10 8 10 9 9 10 10 8 10 100 8 8 10 10 8 8 8 9 9 9 9 9 8 8 10 8 8 8 8 10 8 8 8 9 10 8 8 9 9 9 9 8 8 8 10 10 10 100 10 10 9 9 10 8 10 100 10 10 10 8 8 18 9 10 10 10 10 10 8 10 10 10 10 10 9 9 18 10 10 10 8 10 10 10 10 9 9 8 10 8 10 8 8 8 8 8 8 8 100 7 1 1 1 1 1 1 1 1 1 1 1 1 1 1 3 1 1 1 1 1 1 1 1 1 1 1 1 1 1 1 1 1 1 1 1 1 1 1 1 1 1 1 1 1 1 1 1 1 1 1 1 1 1 1 1 1 1 1 1 1 1 1 1 1 1 1 1 1 1 1 1 1 1 1 1 1 1 1 1 1 1 1 1 1 1 1 1 1 1 1 1 7 1 1 1 1 1 1 1 1 7 1 1 1 1 1 1 1 1 1 1 1 1 1 1 1 1 1 1 100 100 100 1 1 1 1 1 1 1 1 1 1 1 1 1 1 1 1 1 1 1 1 1 1 1 1 1 1 1 1 1 1 1 1 1 1 1 1 1 1 1 1 1 1 1 1 1 1 1 1 1 1 1 1 1 1 1 1 100 1 1 1 1 1 1 1 1 1 1 1 1 1 1 1 1 1 1 1 1 1 1 1 1 1 1 1 1 1 1 1 1 1 1 1 1 1 1 1 1 1 1 1 1 1 1 1 1 1 1 1 1 12 12 1 12 12 12 12 12 12 12 12 12 12 12 12 12 12 12 1 12 1 12 12 12 1 12 12 1 7 12 12 1 12 1 12 1 1 12 1 1 1 1 12 1 1 12 1 1 12 12 12 1 12 1 1 1 100 12 12 100 12 7 12 12 12 12 12 12 1 1 12 12 12 1 1 1 12 12 1 1 12 12 1 1 1 1 12 1 1 1 1 1 1 1 12 1 12 1 1 1 1 1 12 12 12 12 12 12 7 12 12 12 1 1 100 12 12 1 1 12 12 12 12 1 12 12 100 12 1 1 1 12 1 12 1 1 12 1 1 12 12 12 12 12 12 12 12 1 12 1 12 12 12 12 100 12 1 12 1 1 1 12 12 1 1 1 12 12 12 12 12 1 1 12 1 1 1 1 12 1 1 1 12 12 1 1 12 12 12 1 1 1 12 12 1 12 12 12 1 1 12 12 12 1 1 1 15 8 12 12 12 12 12 12 1 12 12 12 12 100 12 8 12 100 12 12 12 1 12 12 12 12 12 12 1 12 12 1 1 1 1 1 1 1 1 100 1 1 1 1 1 1 1 1 1 1 1 1 1 1 1 1 1 1 1 1 1 1 1 1 1 1 1 1 1 1 1 1 1 1 1 1 1 1 1 1 1 1 1 1 1 1 1 1 1 1 1 1 1 1 1 1 1 1 1 1 1 1 1 1 1 1 1 1 1 1 1 1 1 1 1 1 1 1 1 1 1 1 1 1 1 1 10 1 1 1 1 1 1 1 1 1 1 1 1 1 1 1 1 1 1 1 1 1 1 1 1 1 1 1 1 1 1 1 1 1 1 1 1 1 1 1 100 12 1 100 1 1 100 1 1
staticfield com/sun/org/apache/xerces/internal/impl/XMLScanner fVersionSymbol Ljava/lang/String; "version"staticfield com/sun/org/apache/xerces/internal/impl/XMLScanner fEncodingSymbol Ljava/lang/String; "encoding"staticfield com/sun/org/apache/xerces/internal/impl/XMLScanner fStandaloneSymbol Ljava/lang/String; "standalone"staticfield com/sun/org/apache/xerces/internal/impl/XMLScanner fAmpSymbol Ljava/lang/String; "amp"staticfield com/sun/org/apache/xerces/internal/impl/XMLScanner fLtSymbol Ljava/lang/String; "lt"staticfield com/sun/org/apache/xerces/internal/impl/XMLScanner fGtSymbol Ljava/lang/String; "gt"staticfield com/sun/org/apache/xerces/internal/impl/XMLScanner fQuotSymbol Ljava/lang/String; "quot"staticfield com/sun/org/apache/xerces/internal/impl/XMLScanner fAposSymbol Ljava/lang/String; "apos"instanceKlass com/sun/org/apache/xerces/internal/impl/XMLDocumentScannerImpl
ciInstanceKlass com/sun/org/apache/xerces/internal/impl/XMLDocumentFragmentScannerImpl 1 1 1296 100 7 10 9 9 9 9 9 9 9 9 9 7 10 9 7 10 9 7 10 9 9 9 9 9 9 9 9 9 8 9 10 9 7 10 9 9 7 10 9 9 9 7 9 7 10 9 9 9 9 9 9 9 9 9 9 9 9 9 7 9 9 9 9 9 9 10 8 10 10 9 9 10 9 10 11 10 10 11 11 11 11 100 11 9 100 10 10 9 11 10 8 11 8 11 7 9 8 8 7 9 10 10 8 7 9 10 8 9 7 8 11 9 10 9 10 10 100 8 10 7 10 9 8 8 8 8 9 9 10 9 9 9 10 9 9 10 9 9 9 10 9 9 9 10 7 10 8 10 10 10 8 10 9 10 10 8 8 10 7 8 9 9 9 10 10 10 8 7 10 9 8 11 10 8 11 7 10 10 8 10 11 11 10 10 10 10 10 9 9 10 10 10 10 9 10 10 10 10 10 10 9 10 10 10 10 10 9 10 10 10 9 10 10 10 10 9 10 10 10 9 9 10 10 10 9 100 8 8 10 100 10 8 11 10 10 11 10 10 9 10 8 10 10 10 9 9 8 10 10 11 9 11 8 11 11 9 10 10 10 8 9 8 10 10 10 10 8 10 8 8 11 10 10 9 9 9 11 100 10 8 9 11 9 8 8 10 8 9 10 9 9 9 9 9 10 10 8 10 10 9 10 10 10 8 10 8 9 10 10 8 8 8 8 8 8 8 8 8 8 8 8 8 8 8 8 18 8 10 10 10 9 10 9 9 10 10 10 10 10 10 7 8 8 8 100 8 9 9 10 8 8 8 9 9 9 9 9 9 100 100 100 100 1 1 100 1 1 1 100 1 1 1 1 1 1 1 1 3 1 3 1 3 1 3 1 3 1 3 1 3 1 3 1 3 1 3 1 3 1 3 1 3 1 3 1 3 1 3 1 3 1 3 1 3 1 1 1 1 1 1 1 1 1 1 1 1 1 1 1 1 1 1 3 1 1 1 1 1 1 1 1 1 1 1 1 1 1 1 1 1 1 1 1 1 1 1 1 1 1 1 1 1 1 1 1 1 1 1 1 1 1 1 1 1 1 1 1 1 1 1 1 1 1 1 1 1 1 1 1 1 1 1 1 1 1 1 1 1 1 1 1 1 3 1 3 1 3 1 1 1 1 1 1 1 1 1 1 1 1 1 1 1 1 1 1 1 1 1 1 1 1 1 100 1 1 1 1 1 100 1 1 1 1 1 1 1 1 1 1 1 1 7 100 1 1 1 1 1 1 1 100 1 1 1 1 1 1 1 1 1 1 1 1 1 1 1 1 1 1 1 1 1 1 1 1 1 1 1 1 1 1 1 1 1 1 1 1 1 1 1 1 1 1 1 1 1 1 1 1 1 1 1 1 1 1 1 1 1 1 1 1 1 1 1 1 1 1 1 1 1 1 1 1 1 1 1 1 1 1 1 1 1 1 1 1 1 1 1 1 1 1 1 1 1 1 1 1 1 1 1 1 1 1 1 100 1 1 1 1 1 1 1 1 1 1 1 1 1 1 1 1 1 1 1 1 1 1 1 1 1 1 1 1 1 1 1 1 1 1 1 1 12 12 12 12 12 12 12 12 12 12 1 12 12 1 12 1 12 12 12 12 12 12 12 12 12 1 12 12 12 1 12 12 1 12 12 12 1 12 1 12 12 12 12 12 12 12 12 12 12 12 12 12 12 12 12 12 12 12 12 1 12 12 12 7 12 12 12 12 7 12 12 12 12 12 12 12 1 12 12 1 12 12 12 12 1 12 1 12 1 12 1 1 1 12 12 12 1 1 7 12 12 1 12 1 1 12 12 12 12 12 12 1 1 1 12 12 1 1 1 1 12 12 12 12 12 12 12 12 7 12 12 12 12 12 12 12 12 7 12 12 1 12 12 12 1 12 12 7 12 1 1 12 1 1 12 12 12 100 12 12 100 12 1 1 12 12 1 12 12 1 12 1 12 1 12 12 12 12 12 12 7 12 12 12 12 12 12 12 12 12 12 12 12 12 12 12 12 100 12 12 12 12 12 12 12 12 7 12 12 12 12 12 12 12 12 12 12 12 12 12 12 12 1 1 1 7 12 1 12 1 12 12 100 12 12 12 12 12 12 1 12 12 12 12 12 1 12 12 7 7 12 12 1 12 12 12 12 12 12 1 1 12 12 12 12 1 12 1 1 12 12 12 12 12 12 12 1 1 12 12 12 1 1 12 1 12 12 12 12 12 12 12 12 12 1 12 12 12 7 12 12 12 1 12 1 12 12 12 1 15 8 12 1 12 12 100 12 12 100 12 12 12 7 12 12 12 12 12 12 1 1 1 1 1 1 12 12 12 1 1 1 12 12 12 12 12 12 1 1 1 1 1 1 1 1 1 1 1 1 1 1 1 1 1 1 1 1 1 1 1 1 1 1 1 1 1 1 1 1 1 1 1 1 1 1 1 1 1 1 1 1 1 1 1 1 1 1 1 1 1 1 1 1 1 1 1 1 1 1 1 1 1 1 1 1 1 1 1 1 1 1 1 1 1 1 1 1 1 1 1 1 1 1 1 1 1 1 1 1 1 1 1 1 1 100 1 1 1 1 1 1 1 1 1 1 1 1 1 1 1 1 1 1 1 1 1 1 1 1 1 1 1 1 1 1 1 1 1 1 1 1 1 1 1 1 1 1 1 1 1 1 1 1 1 1 1 1 1 1 1 1 1 1 1 1 1 1 1 1 1 1 1 1 1 1 1 1 1 1 1 1 1 1 1 1 1 1 1 1 1 1 1 1 1 1 1 1 1 1 1 1 1 1 1 1 1 1 1 1 1 1 1 1 1 1 1 10 1 1 1 1 1 1 1 1 1 1 1 1 1 1 1 1 1 1 1 1 1 1 1 1 1 1 1 100 12 1 100 1 1 100 1 1
staticfield com/sun/org/apache/xerces/internal/impl/XMLDocumentFragmentScannerImpl RECOGNIZED_FEATURES [Ljava/lang/String; 6 [Ljava/lang/String;
staticfield com/sun/org/apache/xerces/internal/impl/XMLDocumentFragmentScannerImpl FEATURE_DEFAULTS [Ljava/lang/Boolean; 6 [Ljava/lang/Boolean;
staticfield com/sun/org/apache/xerces/internal/impl/XMLDocumentFragmentScannerImpl RECOGNIZED_PROPERTIES [Ljava/lang/String; 9 [Ljava/lang/String;
staticfield com/sun/org/apache/xerces/internal/impl/XMLDocumentFragmentScannerImpl PROPERTY_DEFAULTS [Ljava/lang/Object; 9 [Ljava/lang/Object;
staticfield com/sun/org/apache/xerces/internal/impl/XMLDocumentFragmentScannerImpl CDATA [C 7
staticfield com/sun/org/apache/xerces/internal/impl/XMLDocumentFragmentScannerImpl XMLDECL [C 5
instanceKlass com/sun/org/apache/xerces/internal/impl/XMLNSDocumentScannerImpl
ciInstanceKlass com/sun/org/apache/xerces/internal/impl/XMLDocumentScannerImpl 1 1 552 100 10 9 9 9 9 7 10 9 9 7 10 9 7 10 9 9 7 10 9 9 9 9 7 9 9 7 10 9 9 10 10 100 10 9 10 9 9 9 9 11 100 8 10 7 10 9 8 10 100 10 10 10 7 8 11 8 9 100 8 9 8 11 7 8 11 7 9 8 7 100 10 9 10 10 8 10 10 8 10 8 10 9 10 8 8 8 10 9 10 9 10 10 9 10 8 10 8 11 7 9 11 10 9 9 100 10 10 100 9 10 8 10 9 11 7 10 10 8 10 9 10 8 10 9 9 10 11 10 10 11 11 10 10 10 8 7 8 8 8 8 8 8 10 10 9 9 9 9 9 1 1 1 100 1 1 1 1 1 1 3 1 3 1 3 1 3 1 3 1 3 1 3 1 1 8 1 1 1 1 1 1 1 1 1 1 1 1 1 1 1 1 1 1 1 1 1 1 1 1 1 1 1 1 1 1 7 1 1 1 1 1 1 1 1 1 1 1 1 1 1 1 1 1 1 1 1 1 1 1 1 1 1 1 100 1 1 1 1 1 1 1 100 1 1 1 1 1 1 1 1 100 1 1 1 1 1 1 1 1 1 1 1 1 1 1 1 1 1 1 1 1 1 1 1 1 1 1 100 1 1 1 1 1 1 100 1 1 1 1 1 1 1 1 1 1 1 1 1 1 1 1 1 1 1 1 1 1 12 12 12 12 12 1 12 12 1 12 12 1 12 12 1 12 12 12 12 1 12 12 1 12 12 12 100 12 12 1 12 12 12 12 12 12 12 12 1 1 12 1 12 12 1 12 1 100 12 12 1 1 7 12 1 12 1 1 12 1 1 1 12 1 12 1 1 1 12 12 7 12 12 1 12 12 1 12 1 12 12 12 1 1 1 12 12 12 12 12 12 12 7 12 1 12 1 100 12 1 12 7 12 12 12 12 1 12 1 1 12 12 1 12 12 12 1 12 1 12 100 12 12 1 12 12 12 12 100 12 12 12 100 12 12 100 12 12 12 1 1 12 12 12 12 12 12 12 1 1 1 1 1 1 1 1 1 1 1 1 1 1 1 1 1 1 1 1 1 1 1 1 1 1 1 1 1 1 1 1 1 1 1 1 1 1 1 1 1 1 1 1 1 1 1 1 1 1 1 1 1 1 1 1 1 1 1 1 1 1 1 1 1 1 1 1 1 1 1 1 1 1 1 1 1 1 1 1 1 1 1 1 1 1 1 1 1 1 1 1 1 1 1
staticfield com/sun/org/apache/xerces/internal/impl/XMLDocumentScannerImpl RECOGNIZED_FEATURES [Ljava/lang/String; 2 [Ljava/lang/String;
staticfield com/sun/org/apache/xerces/internal/impl/XMLDocumentScannerImpl FEATURE_DEFAULTS [Ljava/lang/Boolean; 2 [Ljava/lang/Boolean;
staticfield com/sun/org/apache/xerces/internal/impl/XMLDocumentScannerImpl RECOGNIZED_PROPERTIES [Ljava/lang/String; 2 [Ljava/lang/String;
staticfield com/sun/org/apache/xerces/internal/impl/XMLDocumentScannerImpl PROPERTY_DEFAULTS [Ljava/lang/Object; 2 [Ljava/lang/Object;
staticfield com/sun/org/apache/xerces/internal/impl/XMLDocumentScannerImpl DOCTYPE [C 7
staticfield com/sun/org/apache/xerces/internal/impl/XMLDocumentScannerImpl COMMENTSTRING [C 2
ciInstanceKlass com/sun/org/apache/xerces/internal/impl/XMLNSDocumentScannerImpl 1 1 506 100 10 9 9 10 10 9 100 8 10 100 10 10 9 9 100 9 11 10 9 9 9 9 10 9 9 10 10 9 10 10 9 9 10 10 10 10 9 10 11 9 9 100 8 8 100 100 10 9 10 8 9 9 10 10 9 9 9 9 10 9 9 10 10 8 10 9 9 8 8 9 11 9 8 9 10 8 10 10 8 9 8 9 9 9 8 10 9 11 9 10 9 10 11 9 10 9 10 8 9 9 10 9 10 9 9 8 7 9 9 10 9 10 9 10 8 9 9 9 8 8 7 10 10 11 10 9 10 10 10 10 10 7 10 7 7 1 1 1 1 1 1 1 1 1 1 1 1 1 1 1 1 1 1 1 1 1 100 1 1 1 1 100 1 1 100 100 1 1 1 1 1 1 1 1 1 1 1 1 1 1 1 7 1 1 1 1 1 1 1 1 1 1 1 1 1 7 7 7 1 100 1 1 1 1 1 1 12 12 12 12 12 12 1 1 12 1 12 12 12 12 1 12 12 12 12 12 12 12 7 12 12 12 7 12 12 12 12 12 12 7 12 12 12 12 12 12 12 12 12 12 1 1 1 1 1 12 12 12 1 12 12 7 12 12 12 12 12 12 12 12 12 7 12 12 1 100 12 12 7 12 1 1 12 12 12 1 12 12 1 12 12 1 12 1 12 12 12 1 12 12 7 12 12 12 12 100 12 12 12 12 12 12 1 12 12 12 12 12 12 12 1 1 12 12 12 100 12 12 12 7 12 1 12 12 12 1 1 1 12 12 12 12 12 12 12 12 1 12 1 1 1 1 1 1 1 1 1 1 1 1 1 1 1 1 1 1 1 1 1 1 1 1 1 1 1 1 1 1 1 1 1 1 1 1 1 100 1 1 1 1 1 1 1 1 1 1 1 1 1 1 1 1 1 1 1 1 1 1 1 1 1 1 1 1 1 1 1 1 1 1 1 1 1 1 1 1 1 1 1 1 1 1 1 1 1 1 1 1 1 1 1 1 1 1 1 1 1 1 1 1 1 1 1 1 1 1 1 1 1 1 1 1 1 1 1 1 1 1 1 1 1 1 1 1 1 1 1 1 1 1 1 1 1 1 1 1 1 1 1 1 1 1 1 1 1 1 1 1 1 1 1 1 1 1
instanceKlass com/sun/org/apache/xerces/internal/util/XMLStringBuffer
ciInstanceKlass com/sun/org/apache/xerces/internal/xni/XMLString 1 1 81 10 10 10 9 9 9 10 10 7 10 8 7 10 10 10 7 1 1 1 3 1 1 1 1 1 1 1 1 1 1 1 1 1 1 1 1 1 1 1 1 1 1 1 1 1 1 1 1 1 1 1 1 1 1 1 12 12 12 12 12 12 12 12 1 12 1 1 7 12 12 12 1 1 1 1 1 1 1 1 1
ciInstanceKlass com/sun/org/apache/xerces/internal/util/XMLStringBuffer 1 1 56 7 10 10 9 10 10 10 10 9 10 9 9 7 1 1 1 1 1 1 1 1 1 1 1 1 1 1 1 1 1 1 1 1 1 1 1 1 1 1 1 12 12 12 12 100 12 12 12 12 12 12 1 1 1 1
ciInstanceKlass com/sun/org/apache/xerces/internal/impl/XMLDocumentFragmentScannerImpl$ElementStack 1 1 95 7 9 10 9 7 9 10 9 10 10 9 9 9 9 9 9 9 10 7 7 1 1 1 1 1 1 1 1 1 1 1 1 1 1 1 1 1 1 1 1 1 1 1 1 1 1 1 1 100 1 1 1 1 1 1 1 1 1 1 1 1 1 1 1 1 1 12 12 12 1 12 12 100 12 12 12 12 12 12 12 12 12 12 1 1 1 1 1 1 1 1 1 1 1
ciInstanceKlass com/sun/org/apache/xerces/internal/xni/QName 1 1 105 10 10 10 10 9 9 9 9 7 10 10 10 100 10 18 10 10 18 18 18 10 7 100 1 1 1 1 1 1 1 1 1 1 1 1 1 1 1 1 1 1 1 1 1 1 1 1 1 1 1 1 1 1 1 1 1 1 12 12 12 12 12 12 12 12 1 12 100 12 12 1 1 15 8 12 12 12 8 8 8 12 1 1 1 10 1 1 1 1 1 1 1 1 1 100 12 1 100 1 1 1 100 1 1
ciInstanceKlass com/sun/org/apache/xerces/internal/impl/XMLDocumentFragmentScannerImpl$Driver 1 0 19 100 100 1 1 1 100 100 1 1 1 100 1 1 1 1 1 1 1
instanceKlass com/sun/org/apache/xerces/internal/impl/XMLDocumentScannerImpl$ContentDriver
ciInstanceKlass com/sun/org/apache/xerces/internal/impl/XMLDocumentFragmentScannerImpl$FragmentContentDriver 1 1 396 7 9 10 9 9 10 10 10 10 10 9 8 10 9 10 9 10 8 9 9 9 10 10 10 9 9 9 100 9 9 10 9 9 10 9 9 10 10 10 9 10 10 9 8 10 10 10 8 7 10 10 10 10 10 10 10 9 9 9 10 10 9 9 9 9 10 8 10 10 9 8 10 9 10 9 9 9 9 10 10 10 9 9 9 10 100 18 10 100 9 10 10 10 100 10 100 100 8 8 100 10 8 7 100 1 1 1 1 1 1 1 1 1 1 1 1 1 1 1 1 1 100 1 1 1 1 1 1 1 1 1 1 1 1 1 1 1 1 1 1 1 1 1 12 12 12 12 7 12 12 12 12 12 7 12 1 12 12 12 12 12 1 12 12 12 12 12 12 12 12 12 1 12 12 12 12 12 7 12 12 7 12 12 7 12 12 12 100 12 12 12 1 12 12 12 1 1 100 12 12 12 12 12 12 12 12 12 12 12 12 12 12 12 12 100 12 1 12 12 12 1 12 12 12 12 12 12 100 12 12 12 12 100 12 100 12 12 1 1 15 8 12 12 1 12 12 12 12 1 12 1 1 1 1 1 12 1 1 1 1 1 1 1 1 1 1 1 1 1 1 1 1 1 1 100 1 1 1 1 1 1 1 1 1 1 1 1 1 1 1 1 1 1 1 1 1 1 1 1 1 1 1 1 1 1 1 1 1 1 1 1 1 1 1 1 1 1 1 1 1 1 1 1 1 1 1 1 1 1 1 1 1 1 1 1 1 1 1 1 1 1 1 1 1 1 1 1 1 1 1 1 1 1 1 1 1 1 1 1 1 1 1 1 1 1 1 1 1 100 1 1 10 1 1 1 1 1 1 1 1 1 1 1 1 1 1 100 12 1 100 1 1 100 1 1
instanceKlass com/sun/org/apache/xerces/internal/impl/XMLNSDocumentScannerImpl$NSContentDriver
ciInstanceKlass com/sun/org/apache/xerces/internal/impl/XMLDocumentScannerImpl$ContentDriver 1 1 182 7 100 9 10 9 9 10 10 9 10 10 8 10 9 9 10 11 10 9 9 10 9 11 9 10 9 10 9 9 11 9 11 11 10 7 7 1 1 1 1 1 1 1 1 1 1 1 1 1 1 1 100 100 1 1 1 1 1 1 1 1 1 1 100 100 1 1 1 1 1 12 12 12 12 100 12 12 12 12 12 1 12 12 12 100 12 100 12 100 12 12 100 12 12 12 100 12 12 12 12 12 12 12 100 12 12 100 12 12 12 1 1 1 1 1 1 1 1 1 1 1 1 1 1 1 1 1 1 100 1 1 1 1 1 1 1 1 1 1 1 1 1 1 1 1 1 1 1 1 1 1 1 1 1 1 1 1 1 1 1 1 1 1 1 1 1 1 1 1 1 1 1 1 1 1 1 1 1 1 1 1
ciInstanceKlass com/sun/org/apache/xerces/internal/impl/XMLNSDocumentScannerImpl$NSContentDriver 1 1 109 100 9 10 10 10 10 9 10 9 9 9 11 11 9 11 11 11 11 11 11 7 7 1 1 1 1 1 1 1 1 1 1 1 1 1 1 1 100 100 1 1 1 1 1 1 7 7 1 1 1 7 1 12 12 12 12 12 12 12 12 12 12 7 12 12 12 12 12 12 12 1 1 1 1 1 1 1 1 1 1 1 1 1 100 1 1 1 1 1 1 1 1 1 1 1 1 1 1 1 1 1 1 1 1 1 100 1 1
ciInstanceKlass com/sun/org/apache/xerces/internal/xni/XMLAttributes 1 0 48 100 100 1 1 1 1 1 1 1 1 1 1 1 1 1 1 1 1 1 1 1 1 1 1 1 1 1 1 1 1 1 1 1 1 1 1 1 1 1 1 1 1 1 1 1 1 1
instanceKlass com/sun/org/apache/xerces/internal/util/XMLAttributesIteratorImpl
ciInstanceKlass com/sun/org/apache/xerces/internal/util/XMLAttributesImpl 1 1 308 7 10 10 9 9 7 9 9 10 10 9 9 10 9 10 9 10 10 9 10 10 9 9 9 9 10 10 9 9 9 9 9 9 11 10 10 10 10 10 8 10 10 10 10 10 10 10 8 10 3 10 9 10 10 100 10 10 10 9 10 10 10 7 100 100 1 1 1 1 1 3 1 3 1 3 1 3 1 3 1 1 1 1 1 1 1 1 1 1 1 1 1 1 1 1 1 1 1 1 1 1 1 1 1 1 1 1 1 1 1 1 1 1 1 1 1 1 1 1 1 1 1 100 7 7 7 1 1 1 1 1 1 1 1 1 1 1 1 1 1 1 1 1 1 1 1 1 1 1 1 1 1 1 1 1 1 1 1 1 1 1 1 1 1 1 1 1 1 1 1 1 1 1 1 1 1 1 1 1 1 1 1 100 1 1 1 1 1 1 1 1 1 1 1 1 1 1 1 1 1 1 1 7 1 1 1 1 1 1 1 1 1 1 1 1 1 1 1 1 1 12 12 12 12 1 12 12 12 12 12 12 12 12 12 12 7 12 12 12 12 12 12 12 12 12 12 12 12 12 12 12 12 12 12 12 12 12 12 1 12 12 12 12 12 12 12 1 12 12 12 12 12 1 12 12 12 12 12 100 12 12 1 1 1 1 1 1 1 1 1 1 1 1 1 1 1 1 1 1 1 1 1 1 1 1 1 1
ciInstanceKlass com/sun/org/apache/xerces/internal/util/XMLAttributesIteratorImpl 1 1 64 10 9 10 10 9 9 100 10 10 100 10 10 10 7 7 100 1 1 1 100 1 1 1 1 1 1 1 1 1 1 1 1 1 1 1 1 1 1 1 1 1 1 12 12 12 12 12 12 1 12 1 12 12 1 1 1 1 1 1 1 1 1 1
ciInstanceKlass com/sun/org/apache/xerces/internal/xni/NamespaceContext 1 1 44 8 10 9 8 9 7 100 1 1 1 1 1 1 1 1 1 1 1 1 1 1 1 1 1 1 1 1 1 1 1 1 1 1 7 12 12 1 12 1 1 1 1 1
staticfield com/sun/org/apache/xerces/internal/xni/NamespaceContext XML_URI Ljava/lang/String; "http://www.w3.org/XML/1998/namespace"staticfield com/sun/org/apache/xerces/internal/xni/NamespaceContext XMLNS_URI Ljava/lang/String; "http://www.w3.org/2000/xmlns/"ciInstanceKlass com/sun/org/apache/xerces/internal/util/NamespaceSupport 1 1 147 10 7 9 9 9 10 11 11 11 11 10 9 9 9 9 9 9 10 10 100 10 100 10 100 10 11 11 7 7 7 1 1 1 1 1 1 1 1 1 1 1 1 1 1 1 1 1 1 1 1 1 1 1 1 1 1 1 1 1 100 1 1 1 1 1 1 1 1 1 1 1 1 1 1 1 1 1 1 1 1 1 1 1 1 1 1 1 1 1 1 1 100 1 1 1 1 1 1 1 12 1 12 12 12 12 12 12 12 12 12 12 12 7 12 12 12 12 100 12 1 12 1 1 12 12 1 1 1 1 1 1 1 1 1 1 1 1 1 1 1 1 1 1 1 1 1
instanceKlass com/sun/xml/internal/stream/Entity$ScannedEntity
ciInstanceKlass com/sun/xml/internal/stream/Entity 1 1 46 10 10 9 9 7 7 100 1 1 100 1 100 1 1 1 1 1 1 1 1 1 1 1 1 1 1 1 1 1 1 1 1 1 1 1 1 12 12 12 12 1 1 1 1 1
ciInstanceKlass com/sun/xml/internal/stream/Entity$ScannedEntity 1 1 194 9 9 9 9 10 7 9 9 9 9 9 9 8 9 9 9 9 9 9 9 9 10 10 10 10 100 10 18 10 100 10 18 9 18 9 18 10 7 1 1 1 3 1 1 3 1 3 1 1 1 1 1 1 1 1 1 1 1 1 1 1 1 1 1 1 1 1 1 1 1 1 1 1 1 1 1 1 1 1 1 1 1 1 1 1 1 1 1 1 1 1 1 1 1 1 1 1 1 100 100 7 7 1 1 1 100 1 1 1 1 1 1 1 1 1 1 1 1 1 1 12 12 12 12 12 1 12 12 12 12 12 12 1 12 12 12 12 12 12 12 12 7 12 12 12 12 1 1 15 8 12 12 1 12 8 12 8 12 12 8 12 1 1 1 1 1 1 1 1 1 1 1 1 1 10 1 1 1 1 1 1 1 1 1 100 12 1 100 1 1 100 1 1
ciInstanceKlass com/sun/org/apache/xerces/internal/util/XMLSymbols 1 1 109 10 8 10 9 8 9 8 9 8 9 8 9 8 9 8 9 8 9 8 9 8 9 8 9 8 9 8 9 8 9 8 9 8 9 8 9 7 100 1 1 1 1 1 1 1 1 1 1 1 1 1 1 1 1 1 1 1 1 1 1 1 1 1 1 1 1 12 1 7 12 12 1 12 1 12 1 12 1 12 1 12 1 12 1 12 1 12 1 12 1 12 1 12 1 12 1 12 1 12 1 12 1 12 1 1 1 1 1
staticfield com/sun/org/apache/xerces/internal/util/XMLSymbols EMPTY_STRING Ljava/lang/String; ""staticfield com/sun/org/apache/xerces/internal/util/XMLSymbols PREFIX_XML Ljava/lang/String; "xml"staticfield com/sun/org/apache/xerces/internal/util/XMLSymbols PREFIX_XMLNS Ljava/lang/String; "xmlns"staticfield com/sun/org/apache/xerces/internal/util/XMLSymbols fANYSymbol Ljava/lang/String; "ANY"staticfield com/sun/org/apache/xerces/internal/util/XMLSymbols fCDATASymbol Ljava/lang/String; "CDATA"staticfield com/sun/org/apache/xerces/internal/util/XMLSymbols fIDSymbol Ljava/lang/String; "ID"staticfield com/sun/org/apache/xerces/internal/util/XMLSymbols fIDREFSymbol Ljava/lang/String; "IDREF"staticfield com/sun/org/apache/xerces/internal/util/XMLSymbols fIDREFSSymbol Ljava/lang/String; "IDREFS"staticfield com/sun/org/apache/xerces/internal/util/XMLSymbols fENTITYSymbol Ljava/lang/String; "ENTITY"staticfield com/sun/org/apache/xerces/internal/util/XMLSymbols fENTITIESSymbol Ljava/lang/String; "ENTITIES"staticfield com/sun/org/apache/xerces/internal/util/XMLSymbols fNMTOKENSymbol Ljava/lang/String; "NMTOKEN"staticfield com/sun/org/apache/xerces/internal/util/XMLSymbols fNMTOKENSSymbol Ljava/lang/String; "NMTOKENS"staticfield com/sun/org/apache/xerces/internal/util/XMLSymbols fNOTATIONSymbol Ljava/lang/String; "NOTATION"staticfield com/sun/org/apache/xerces/internal/util/XMLSymbols fENUMERATIONSymbol Ljava/lang/String; "ENUMERATION"staticfield com/sun/org/apache/xerces/internal/util/XMLSymbols fIMPLIEDSymbol Ljava/lang/String; "#IMPLIED"staticfield com/sun/org/apache/xerces/internal/util/XMLSymbols fREQUIREDSymbol Ljava/lang/String; "#REQUIRED"staticfield com/sun/org/apache/xerces/internal/util/XMLSymbols fFIXEDSymbol Ljava/lang/String; "#FIXED"ciInstanceKlass com/sun/org/apache/xerces/internal/util/XMLChar 1 1 127 10 3 3 3 3 3 3 9 7 10 10 10 10 10 10 10 10 8 10 10 3 3 3 3 3 100 1 1 1 1 1 3 1 3 1 3 1 3 1 3 1 3 1 3 1 3 1 1 1 1 1 1 1 1 1 1 1 1 1 1 1 1 1 1 1 1 1 1 1 1 1 1 1 1 1 1 1 1 1 1 1 1 1 1 1 1 1 1 1 1 1 1 1 1 1 1 1 1 100 1 1 1 12 12 1 12 12 12 12 12 12 12 12 1 12 7 12 1 1 1 1 1 1 1 1 1
staticfield com/sun/org/apache/xerces/internal/util/XMLChar CHARS [B 65536
ciInstanceKlass com/sun/org/apache/xerces/internal/impl/XMLScanner$NameType 1 1 112 9 10 100 7 10 10 9 8 8 10 9 8 8 9 8 8 9 8 8 9 8 8 9 8 8 9 8 8 9 8 8 9 8 8 9 8 8 9 7 1 1 1 1 1 1 1 1 1 1 1 1 1 1 1 1 1 1 1 1 1 1 1 1 1 1 1 1 1 1 1 1 1 1 1 1 1 100 12 100 12 1 12 12 12 1 12 12 1 12 1 12 1 12 1 12 1 12 1 12 1 12 1 12 1 12 1 1 1 1 1 1
staticfield com/sun/org/apache/xerces/internal/impl/XMLScanner$NameType ATTRIBUTE Lcom/sun/org/apache/xerces/internal/impl/XMLScanner$NameType; com/sun/org/apache/xerces/internal/impl/XMLScanner$NameType
staticfield com/sun/org/apache/xerces/internal/impl/XMLScanner$NameType ATTRIBUTENAME Lcom/sun/org/apache/xerces/internal/impl/XMLScanner$NameType; com/sun/org/apache/xerces/internal/impl/XMLScanner$NameType
staticfield com/sun/org/apache/xerces/internal/impl/XMLScanner$NameType COMMENT Lcom/sun/org/apache/xerces/internal/impl/XMLScanner$NameType; com/sun/org/apache/xerces/internal/impl/XMLScanner$NameType
staticfield com/sun/org/apache/xerces/internal/impl/XMLScanner$NameType DOCTYPE Lcom/sun/org/apache/xerces/internal/impl/XMLScanner$NameType; com/sun/org/apache/xerces/internal/impl/XMLScanner$NameType
staticfield com/sun/org/apache/xerces/internal/impl/XMLScanner$NameType ELEMENTSTART Lcom/sun/org/apache/xerces/internal/impl/XMLScanner$NameType; com/sun/org/apache/xerces/internal/impl/XMLScanner$NameType
staticfield com/sun/org/apache/xerces/internal/impl/XMLScanner$NameType ELEMENTEND Lcom/sun/org/apache/xerces/internal/impl/XMLScanner$NameType; com/sun/org/apache/xerces/internal/impl/XMLScanner$NameType
staticfield com/sun/org/apache/xerces/internal/impl/XMLScanner$NameType ENTITY Lcom/sun/org/apache/xerces/internal/impl/XMLScanner$NameType; com/sun/org/apache/xerces/internal/impl/XMLScanner$NameType
staticfield com/sun/org/apache/xerces/internal/impl/XMLScanner$NameType NOTATION Lcom/sun/org/apache/xerces/internal/impl/XMLScanner$NameType; com/sun/org/apache/xerces/internal/impl/XMLScanner$NameType
staticfield com/sun/org/apache/xerces/internal/impl/XMLScanner$NameType PI Lcom/sun/org/apache/xerces/internal/impl/XMLScanner$NameType; com/sun/org/apache/xerces/internal/impl/XMLScanner$NameType
staticfield com/sun/org/apache/xerces/internal/impl/XMLScanner$NameType REFERENCE Lcom/sun/org/apache/xerces/internal/impl/XMLScanner$NameType; com/sun/org/apache/xerces/internal/impl/XMLScanner$NameType
staticfield com/sun/org/apache/xerces/internal/impl/XMLScanner$NameType $VALUES [Lcom/sun/org/apache/xerces/internal/impl/XMLScanner$NameType; 10 [Lcom/sun/org/apache/xerces/internal/impl/XMLScanner$NameType;
instanceKlass com/sun/org/apache/xerces/internal/impl/io/MalformedByteSequenceException
ciInstanceKlass java/io/CharConversionException 0 0 26 10 10 100 100 1 1 1 5 0 1 1 1 1 1 1 1 1 1 1 1 1 12 12 1 1
ciInstanceKlass com/sun/org/apache/xerces/internal/impl/io/MalformedByteSequenceException 0 0 62 10 9 9 9 9 9 9 11 100 100 1 1 1 5 0 1 1 1 1 1 1 1 1 1 1 1 1 1 1 1 1 1 1 1 1 1 1 1 1 1 1 1 1 1 1 1 12 12 12 12 12 12 12 100 12 1 1 1 1 1 1
instanceKlass com/sun/xml/bind/v2/runtime/CompositeStructureBeanInfo
instanceKlass com/sun/xml/bind/v2/runtime/LeafBeanInfoImpl
instanceKlass com/sun/xml/bind/v2/runtime/AnyTypeBeanInfo
instanceKlass com/sun/xml/bind/v2/runtime/ClassBeanInfoImpl
instanceKlass com/sun/xml/bind/v2/runtime/ElementBeanInfoImpl
instanceKlass com/sun/xml/bind/v2/runtime/ArrayBeanInfoImpl
instanceKlass com/sun/xml/bind/v2/runtime/ValueListBeanInfoImpl
ciInstanceKlass com/sun/xml/bind/v2/runtime/JaxBeanInfo 1 1 334 10 10 9 9 9 11 9 9 7 9 10 7 10 7 10 7 10 10 7 7 10 10 10 9 8 10 9 10 10 9 8 9 8 9 9 8 10 100 9 9 9 7 10 10 10 10 10 10 10 10 10 100 10 10 100 7 7 7 10 1 1 1 1 1 1 1 3 1 3 1 3 1 3 1 3 1 3 1 3 1 3 1 1 1 1 1 1 1 1 1 1 1 1 1 1 1 1 1 1 1 1 1 1 1 1 1 1 1 1 1 1 1 1 1 1 1 1 1 1 1 7 100 1 1 1 1 1 1 1 1 1 1 1 1 1 1 1 1 1 1 1 1 1 1 1 1 1 1 1 100 100 1 1 1 1 1 1 1 1 1 100 100 1 1 1 1 1 1 1 1 1 1 1 1 1 1 1 1 1 1 1 1 1 1 1 1 1 7 7 1 1 1 1 1 1 1 1 1 1 1 1 1 1 1 1 1 1 1 1 1 1 1 12 12 12 12 12 7 12 12 12 1 12 7 12 1 12 7 12 1 12 7 12 1 1 12 12 12 1 12 12 12 12 12 1 12 1 12 12 1 12 1 12 100 12 100 12 1 12 100 12 12 12 12 12 12 12 1 100 12 12 1 1 1 1 7 12 1 1 1 1 1 1 1 1 1 1 1 1 1 1 1 1 1 1 1 1 1 1 1 1 1 1 1 1 1 1 1 1 1 1 1 1 1 1 1 1 1 1 1 1 1 1 1 1 1 1 1 1 1 1 1 1
staticfield com/sun/xml/bind/v2/runtime/JaxBeanInfo unmarshalEventParams [Ljava/lang/Class; 2 [Ljava/lang/Class;
staticfield com/sun/xml/bind/v2/runtime/JaxBeanInfo logger Ljava/util/logging/Logger; java/util/logging/Logger
ciInstanceKlass com/sun/xml/bind/v2/runtime/ElementBeanInfoImpl 1 1 318 9 11 10 11 10 11 9 9 11 11 7 9 11 7 11 9 7 9 10 100 100 100 10 8 10 10 8 10 10 10 7 10 10 10 10 9 7 10 7 10 11 10 7 10 10 7 9 10 9 10 10 100 10 10 10 100 11 100 10 10 10 11 10 10 10 10 10 10 10 10 10 10 7 7 1 1 1 1 1 1 1 1 1 1 1 1 1 1 1 1 1 1 1 1 1 1 1 1 1 1 1 1 1 1 1 1 100 7 1 1 1 1 1 1 1 1 1 1 1 1 1 1 1 1 1 1 1 1 100 100 100 1 1 1 1 1 1 1 1 1 1 1 1 1 1 100 100 100 1 1 1 1 1 1 1 1 1 1 1 1 1 1 1 1 1 1 1 1 12 12 12 12 7 12 12 12 7 12 12 7 12 1 12 12 1 1 100 12 12 1 12 12 1 1 1 12 1 12 12 1 12 12 12 1 12 12 100 12 12 12 1 12 1 7 12 12 1 12 7 12 1 12 100 12 12 12 1 100 12 12 1 12 1 100 12 12 12 12 12 12 12 12 12 12 12 12 12 1 1 1 1 1 1 1 1 1 1 1 1 1 1 1 1 1 1 1 1 1 1 1 1 1 1 1 1 1 1 1 1 1 1 1 1 1 1 1 1 1 1 1 1 1 1 1 1 1 1 1 1 1 1 1 1 1 1 1 1 1 1 1 1 1 1 1 1 1 1
ciInstanceKlass com/sun/xml/bind/v2/runtime/ClassBeanInfoImpl 1 1 600 11 7 11 11 10 9 9 11 9 11 9 11 9 9 10 10 10 10 10 100 9 9 100 10 8 10 10 8 10 10 11 9 10 9 11 11 11 7 9 11 11 11 7 10 11 9 9 11 10 10 9 11 10 9 10 11 10 11 9 10 10 10 10 7 10 7 11 11 9 10 11 9 9 11 11 7 100 11 10 9 9 9 10 10 10 100 8 10 100 10 10 10 100 10 10 11 11 10 10 100 10 9 100 10 10 9 100 100 10 10 10 10 10 9 10 10 10 11 10 11 9 11 10 10 9 100 8 8 10 9 10 100 10 11 10 9 7 10 11 7 10 9 10 10 7 7 100 1 1 1 1 1 1 1 1 1 1 1 1 1 1 1 1 1 1 1 1 1 1 1 1 1 1 1 1 1 1 1 1 1 1 1 1 1 1 1 1 1 1 1 1 1 1 1 1 1 1 1 1 1 1 1 1 1 1 1 7 7 7 7 1 1 1 1 1 1 1 1 1 1 1 1 1 1 1 1 7 1 1 1 1 1 1 1 1 1 1 1 1 1 1 1 1 100 100 100 1 1 1 1 1 1 1 1 1 1 1 1 1 1 1 7 100 100 1 1 1 1 1 1 1 1 1 1 1 100 1 1 1 1 1 1 1 1 1 1 1 1 12 1 12 12 12 12 12 12 12 12 12 12 12 100 12 12 100 12 12 1 12 100 12 1 12 1 12 12 1 12 100 12 12 12 12 12 12 12 12 1 12 12 12 12 1 7 12 12 7 12 12 12 12 12 12 12 100 12 12 12 12 12 12 12 12 12 12 1 1 12 12 12 100 12 12 12 12 12 12 100 12 12 12 7 12 12 12 1 1 12 1 100 12 12 100 12 1 12 12 12 12 12 12 1 12 100 12 1 12 12 12 1 1 12 12 12 12 12 12 100 12 12 12 12 12 100 12 100 12 12 12 12 1 1 1 12 12 12 1 12 12 12 12 1 12 12 1 12 12 12 7 12 1 1 1 1 1 1 1 1 1 1 1 1 1 1 1 1 1 1 1 1 1 1 1 1 1 1 1 1 1 1 1 1 1 1 1 1 1 1 1 1 1 1 1 1 1 1 1 1 1 1 1 1 1 1 1 1 1 1 1 1 1 1 1 1 1 1 1 1 1 1 1 1 1 1 1 1 1 1 1 1 1 1 1 1 1 1 1 1 1 1 1 1 1 1 1 1 1 1 1 1 1 1 1 1 1 1 1 1 1 1 1 1 1 1 1 1 1 1 1 1 1 1 1 1 1 1 1 1 1 1 1 1 1 1 1 1 1 1 1 1 1 1 1 1 1 1 1 1 1 1 1 1 1 1 1 1 1 1 1
staticfield com/sun/xml/bind/v2/runtime/ClassBeanInfoImpl EMPTY_PROPERTIES [Lcom/sun/xml/bind/v2/runtime/property/AttributeProperty; 0 [Lcom/sun/xml/bind/v2/runtime/property/AttributeProperty;
staticfield com/sun/xml/bind/v2/runtime/ClassBeanInfoImpl logger Ljava/util/logging/Logger; java/util/logging/Logger
ciInstanceKlass com/sun/xml/bind/WhiteSpaceProcessor 1 1 95 10 10 11 11 11 10 100 10 10 10 100 10 10 11 10 10 10 10 10 7 100 1 1 1 1 1 1 1 1 1 1 1 1 1 1 1 1 1 1 1 1 1 1 1 1 1 1 1 1 1 1 1 1 1 1 1 1 12 12 7 12 12 12 12 1 12 12 1 12 12 12 12 12 12 12 1 1 1 1 1 1 1 1 1 1 1 1 1 1 1 1 1 1 1
ciInstanceKlass javax/xml/bind/ValidationEvent 0 0 23 100 100 1 1 1 3 1 3 1 3 1 1 1 1 1 1 1 1 1 1 1 1
ciInstanceKlass javax/xml/bind/JAXBElement 1 1 90 10 9 100 10 9 100 9 9 10 10 9 10 7 7 100 1 1 1 1 1 1 1 1 1 1 1 1 1 1 1 1 1 5 0 1 1 1 1 1 1 1 1 1 1 100 100 1 1 1 1 1 1 1 1 1 1 1 1 1 1 1 1 1 1 1 1 1 1 1 1 1 12 12 1 12 1 12 12 12 12 12 12 1 1 1 1 1 1 1
ciInstanceKlass com/sun/xml/bind/v2/runtime/unmarshaller/Receiver 1 0 18 100 100 1 100 1 1 1 1 100 1 1 1 1 100 1 1 1
instanceKlass com/sun/xml/bind/v2/runtime/reflect/Accessor$ReadOnlyFieldReflection
ciInstanceKlass com/sun/xml/bind/v2/runtime/reflect/Accessor$FieldReflection 1 1 159 10 10 10 9 10 10 10 10 10 10 100 10 9 9 9 100 10 10 10 10 10 10 100 100 10 10 10 9 11 10 10 7 7 1 1 1 1 1 1 1 1 1 1 1 1 1 1 1 1 1 1 1 1 1 1 1 7 1 1 1 1 1 1 1 1 1 1 1 1 1 1 1 1 1 1 1 1 1 1 1 12 12 12 12 12 7 12 12 12 100 12 1 12 12 100 12 100 12 1 12 12 100 12 12 12 1 1 12 12 12 12 100 12 7 12 1 1 1 1 1 1 1 1 1 1 1 1 1 1 1 1 1 1 1 1 1 1 1 1 1 1 1 1 1 1 1 1 1 1 1 1 1 1 1 1 1 1 1
staticfield com/sun/xml/bind/v2/runtime/reflect/Accessor$FieldReflection logger Ljava/util/logging/Logger; java/util/logging/Logger
instanceKlass com/sun/xml/bind/v2/runtime/reflect/Accessor$GetterOnlyReflection
instanceKlass com/sun/xml/bind/v2/runtime/reflect/Accessor$SetterOnlyReflection
ciInstanceKlass com/sun/xml/bind/v2/runtime/reflect/Accessor$GetterSetterReflection 1 1 187 10 10 10 9 9 10 10 10 10 10 10 100 10 9 9 9 7 10 10 10 10 10 10 100 100 10 10 100 10 10 9 11 10 100 100 100 10 10 7 7 1 1 1 1 1 1 1 1 1 1 1 1 1 1 1 1 1 7 7 1 1 1 1 1 1 1 1 1 1 1 1 1 1 1 1 1 1 1 1 1 1 1 1 100 1 1 1 1 1 1 1 1 1 1 12 12 12 12 12 12 12 7 12 12 12 1 12 12 100 12 100 12 1 12 12 100 12 12 12 1 1 12 12 1 12 12 12 100 12 12 1 1 1 12 7 12 1 1 1 1 1 1 1 1 1 1 1 1 1 1 1 1 1 1 1 1 1 1 1 1 1 1 1 1 1 1 1 1 1 1 1 1 1 1 1 1 1 1 1 1 1 1 1 1 1 1
staticfield com/sun/xml/bind/v2/runtime/reflect/Accessor$GetterSetterReflection logger Ljava/util/logging/Logger; java/util/logging/Logger
instanceKlass com/sun/xml/bind/v2/runtime/unmarshaller/ValuePropertyLoader
instanceKlass com/sun/xml/bind/v2/runtime/unmarshaller/UnmarshallingContext$ExpectedTypeRootLoader
instanceKlass com/sun/xml/bind/v2/runtime/unmarshaller/UnmarshallingContext$DefaultRootLoader
instanceKlass com/sun/xml/bind/v2/runtime/ElementBeanInfoImpl$IntercepterLoader
instanceKlass com/sun/xml/bind/v2/runtime/unmarshaller/DomLoader
instanceKlass com/sun/xml/bind/v2/runtime/property/ArrayReferenceNodeProperty$MixedTextLoader
instanceKlass com/sun/xml/bind/v2/runtime/property/SingleMapNodeProperty$2
instanceKlass com/sun/xml/bind/v2/runtime/property/SingleMapNodeProperty$1
instanceKlass com/sun/xml/bind/v2/runtime/property/ArrayERProperty$ItemsLoader
instanceKlass com/sun/xml/bind/v2/runtime/unmarshaller/LeafPropertyXsiLoader
instanceKlass com/sun/xml/bind/v2/runtime/unmarshaller/ProxyLoader
instanceKlass com/sun/xml/bind/v2/runtime/unmarshaller/DefaultValueLoaderDecorator
instanceKlass com/sun/xml/bind/v2/runtime/unmarshaller/LeafPropertyLoader
instanceKlass com/sun/xml/bind/v2/runtime/unmarshaller/StructureLoader
instanceKlass com/sun/xml/bind/v2/runtime/unmarshaller/XsiTypeLoader
instanceKlass com/sun/xml/bind/v2/runtime/unmarshaller/TextLoader
ciInstanceKlass com/sun/xml/bind/v2/runtime/unmarshaller/Loader 1 1 290 10 9 10 9 10 10 10 9 10 10 9 10 9 9 7 10 10 9 10 10 11 10 10 9 100 10 10 11 11 11 100 10 10 8 10 10 10 8 10 10 10 10 10 10 10 10 10 10 10 10 10 10 10 10 100 100 10 11 10 10 10 7 1 1 1 1 1 1 1 1 1 1 1 7 1 1 1 1 1 1 1 1 100 1 1 1 1 1 1 1 7 1 1 1 1 1 1 1 1 1 1 1 1 1 1 1 1 100 1 1 1 100 1 1 1 1 1 1 1 1 1 1 1 1 1 1 1 1 1 1 1 1 1 100 100 1 1 1 1 12 12 12 100 12 12 12 12 12 7 12 12 100 12 12 12 100 12 1 12 12 12 12 100 12 100 12 12 12 12 1 12 100 12 12 12 1 12 12 1 12 12 12 1 7 12 12 12 12 12 12 12 12 12 12 12 12 12 12 100 1 1 12 100 12 12 12 12 1 1 1 1 1 100 1 1 1 1 1 1 1 1 1 1 1 1 1 1 1 1 1 1 1 1 1 1 1 1 1 1 1 1 1 1 1 1 1 1 1 1 1 1 1 1 1 1 1 1 1 1 1 1 1 1 1 1 1 1 1 1 1 1 1 1 1 1 1 1 1 1 1 1 1 1 1 1 1 1 1 1
ciInstanceKlass com/sun/xml/bind/v2/runtime/unmarshaller/StructureLoader 1 1 453 10 7 10 9 9 7 10 9 9 11 10 9 7 9 10 9 10 11 9 10 9 9 10 7 9 9 9 9 9 10 9 10 100 10 10 9 10 10 10 10 10 10 10 9 11 11 11 8 10 11 11 10 7 10 100 8 10 10 100 9 100 10 10 9 100 10 10 10 10 10 100 10 11 100 10 9 9 10 9 10 100 8 10 10 10 10 11 11 11 10 10 9 10 9 10 10 10 10 10 10 7 10 7 7 1 1 1 1 1 1 1 1 1 1 1 1 1 1 1 1 1 1 1 1 1 1 1 1 1 1 1 1 1 1 1 1 1 1 1 1 1 1 1 1 1 1 1 1 7 7 1 1 7 1 1 1 1 1 1 1 1 1 1 1 1 1 1 1 1 1 1 1 1 1 1 1 1 1 1 7 7 7 7 1 100 1 1 1 1 1 1 1 1 1 1 100 1 1 1 1 1 1 1 1 1 1 1 1 1 1 12 1 12 12 12 1 12 12 12 12 7 12 12 1 12 7 12 12 12 12 12 12 12 7 12 12 1 12 12 12 12 12 12 12 100 12 1 12 12 12 12 12 12 12 12 12 12 12 12 12 1 12 12 12 12 1 12 1 1 12 100 12 1 12 1 7 12 100 12 1 12 12 12 12 12 1 12 12 1 12 12 12 12 100 12 12 1 1 100 12 12 12 12 100 12 100 12 12 12 12 12 12 12 12 12 12 12 12 12 1 12 1 1 1 1 1 1 1 1 1 1 1 1 1 1 1 1 1 1 1 1 1 1 1 1 1 1 1 1 1 1 1 1 1 1 1 1 1 1 1 1 1 1 1 1 1 1 1 1 1 1 1 1 1 1 1 1 1 1 1 1 1 1 1 1 1 1 1 1 1 1 1 1 1 1 1 1 1 1 1 1 1 1 1 1 1 1 1 1 1 1 1 1 1 1 1 1 1 1 1 1 1 1 1 1 1 1 1 1 1 1 1 1 1 1 1 1 1 1 1 1 1 1 1 1 1 1 1 1 1 1 1
staticfield com/sun/xml/bind/v2/runtime/unmarshaller/StructureLoader EMPTY Lcom/sun/xml/bind/v2/util/QNameMap; com/sun/xml/bind/v2/util/QNameMap
staticfield com/sun/xml/bind/v2/runtime/unmarshaller/StructureLoader $assertionsDisabled Z 1
ciInstanceKlass org/xml/sax/Locator 1 0 13 100 100 1 1 1 1 1 1 1 1 1 1
ciInstanceKlass org/xml/sax/ContentHandler 1 0 28 100 100 1 1 1 1 1 100 1 1 1 1 1 1 1 1 1 1 1 1 1 1 1 1 1 1 1
instanceKlass com/android/repository/impl/meta/SchemaModuleUtil$NamespaceFallbackFilter
ciInstanceKlass org/xml/sax/helpers/XMLFilterImpl 1 1 235 10 9 9 9 9 9 9 10 11 100 18 10 11 11 18 11 10 11 100 10 10 11 11 11 11 11 11 11 11 11 11 11 11 11 11 11 11 11 100 8 10 11 11 11 11 7 7 100 100 100 7 100 1 1 1 1 1 1 1 1 1 1 1 1 1 1 1 1 1 1 1 1 1 1 1 1 1 1 1 1 1 1 1 100 1 1 1 1 1 1 1 1 1 1 1 1 1 1 1 1 1 1 1 1 1 1 1 1 1 1 1 1 1 100 100 1 1 1 1 1 1 1 1 1 1 1 1 1 1 1 1 1 1 1 1 1 1 1 1 1 1 1 1 1 1 1 1 1 1 1 1 1 1 1 1 1 1 1 1 1 1 1 12 12 12 12 12 12 12 12 7 12 1 1 15 8 12 12 12 12 8 12 12 12 1 12 12 12 12 12 12 12 12 12 12 12 12 12 12 12 12 12 1 1 12 12 12 12 1 1 1 1 1 1 1 1 1 1 1 10 1 1 1 1 100 12 1 100 1 1 1 100 1 1
instanceKlass com/sun/org/apache/xerces/internal/parsers/SAXParser
ciInstanceKlass com/sun/org/apache/xerces/internal/parsers/AbstractSAXParser 1 1 867 100 10 9 9 9 9 9 7 10 9 9 7 10 9 9 7 9 9 9 11 9 11 8 11 100 9 9 7 10 11 11 9 11 11 100 100 10 9 8 10 9 9 9 11 9 100 10 9 8 11 10 11 11 11 10 9 11 9 10 11 11 9 9 11 8 9 9 11 11 9 9 9 11 11 11 11 11 11 10 11 11 11 10 11 11 11 11 8 10 10 11 100 10 8 10 10 10 10 8 8 10 8 8 10 11 11 11 11 11 11 9 11 11 11 10 7 10 10 100 10 100 100 10 10 10 10 10 10 10 10 10 100 10 10 10 100 10 10 10 10 10 10 10 10 10 10 10 10 100 10 9 100 8 11 100 7 100 10 10 11 7 10 10 10 10 8 100 7 10 10 10 11 8 10 10 8 10 8 8 100 11 8 100 10 10 8 8 8 8 8 8 10 10 8 8 8 8 8 100 8 8 100 10 10 10 9 100 8 10 8 11 100 8 8 100 10 100 8 8 8 100 10 8 8 8 8 8 8 10 10 8 8 8 8 11 11 11 11 11 10 8 8 8 8 100 9 11 8 100 11 7 8 8 7 100 100 100 1 1 1 1 1 1 1 1 1 1 1 1 1 1 1 1 1 1 1 1 1 1 1 1 1 1 1 1 1 1 1 1 1 1 1 1 1 1 1 1 1 1 1 1 1 1 3 1 1 1 1 1 1 1 1 1 1 1 1 1 1 7 1 1 1 1 1 1 1 1 1 1 1 1 1 1 1 1 1 1 1 1 1 1 1 1 1 1 1 1 1 1 1 1 1 1 1 1 1 1 1 1 1 1 1 1 1 1 1 1 1 1 1 1 1 1 1 1 1 1 1 1 1 1 1 1 1 1 1 1 1 1 1 1 1 1 1 1 1 1 1 1 1 1 1 1 1 1 1 1 1 1 100 100 1 1 1 1 7 1 1 1 1 1 1 1 1 1 1 1 1 1 1 100 1 1 1 1 1 1 1 1 1 1 1 100 1 1 1 1 1 1 1 1 1 1 1 1 1 1 1 1 1 1 1 1 1 1 1 1 1 1 1 1 1 1 1 1 1 1 1 1 1 1 1 1 1 1 1 1 1 7 1 1 1 1 1 1 1 1 1 1 1 1 1 1 1 12 12 12 12 12 12 1 12 12 12 1 12 12 1 12 12 12 12 12 12 1 12 1 12 12 1 12 100 12 12 12 1 1 12 12 1 12 12 12 12 12 12 1 100 12 1 100 12 12 12 12 12 12 12 12 12 7 12 12 12 7 12 12 1 12 12 12 12 7 12 12 12 12 12 12 12 12 12 12 12 12 12 12 1 12 12 12 1 12 1 12 12 12 1 1 1 1 12 12 12 100 12 12 12 12 12 100 12 12 12 12 1 12 12 1 12 1 1 12 12 12 12 12 12 12 1 12 12 12 1 12 12 12 12 12 12 12 1 12 1 1 12 1 1 1 12 12 12 1 12 12 12 12 1 1 1 12 12 12 12 1 12 12 1 12 1 1 1 12 1 1 100 12 1 1 1 1 1 1 1 1 1 1 1 1 1 1 1 12 12 100 12 1 1 1 12 1 1 1 1 12 1 1 1 1 1 12 1 1 1 1 1 1 12 12 1 1 1 1 7 12 12 12 12 12 12 1 1 1 1 1 12 12 1 1 12 1 1 1 1 1 1 1 1 1 1 1 1 1 1 1 1 1 1 1 1 1 1 1 1 1 1 1 1 1 1 1 1 1 1 1 1 1 1 1 1 1 1 1 1 1 1 1 1 1 1 1 1 1 1 1 1 1 1 1 1 1 1 1 1 1 1 1 1 1 1 1 1 1 1 1 1 1 1 1 1 1 1 1 1 1 1 1 1 1 1 1 1 1 1 1 1 1 1 1 1 1 1 1 1 1 1 1 1 1 1 1 1 1 1 1 1 1 1 1 1 1 1 1 1 1 1
staticfield com/sun/org/apache/xerces/internal/parsers/AbstractSAXParser RECOGNIZED_FEATURES [Ljava/lang/String; 3 [Ljava/lang/String;
staticfield com/sun/org/apache/xerces/internal/parsers/AbstractSAXParser RECOGNIZED_PROPERTIES [Ljava/lang/String; 3 [Ljava/lang/String;
instanceKlass com/sun/org/apache/xerces/internal/jaxp/SAXParserImpl$JAXPSAXParser
ciInstanceKlass com/sun/org/apache/xerces/internal/parsers/SAXParser 1 1 146 100 10 10 7 10 9 9 11 7 8 11 9 11 8 11 8 8 10 9 10 10 8 7 10 9 7 10 10 9 7 10 9 10 8 7 1 1 1 1 1 1 1 1 1 1 1 1 1 1 1 1 1 1 1 1 1 1 1 1 1 1 100 100 1 1 1 1 1 1 1 1 100 100 1 1 1 1 12 12 1 12 12 12 7 12 1 1 12 12 12 1 12 1 1 12 12 12 1 1 12 1 12 12 100 12 1 12 100 12 12 1 1 1 1 1 1 1 1 1 1 1 1 1 1 1 1 1 1 1 1 1 1 1 1 1 1 1 1 1 1 1 1 1 1 1
staticfield com/sun/org/apache/xerces/internal/parsers/SAXParser RECOGNIZED_FEATURES [Ljava/lang/String; 2 [Ljava/lang/String;
staticfield com/sun/org/apache/xerces/internal/parsers/SAXParser RECOGNIZED_PROPERTIES [Ljava/lang/String; 2 [Ljava/lang/String;
ciInstanceKlass com/sun/org/apache/xerces/internal/jaxp/SAXParserImpl$JAXPSAXParser 1 1 350 100 7 10 10 7 10 9 9 9 9 9 100 10 8 10 100 100 9 11 8 100 10 10 100 10 8 100 10 100 8 10 10 10 100 100 11 10 9 9 11 9 10 10 10 8 9 8 10 8 10 9 8 10 10 8 8 10 7 8 10 9 10 9 10 10 10 11 11 11 11 11 100 11 11 7 10 11 9 10 9 10 10 10 10 11 100 10 10 9 8 10 8 11 8 9 11 10 7 7 1 1 1 1 1 1 1 1 1 1 1 1 1 1 1 1 1 1 1 1 1 1 1 1 1 1 1 1 1 1 1 1 1 1 1 1 1 1 7 1 1 1 1 1 1 1 1 1 1 1 1 1 1 1 1 1 100 1 1 1 1 100 1 1 1 1 1 1 1 1 1 1 1 1 1 1 1 1 1 1 1 1 12 12 1 12 12 12 12 12 1 12 1 12 1 1 12 100 12 1 1 100 12 12 1 1 1 1 1 12 12 1 1 12 12 12 12 12 12 12 12 12 1 12 1 12 1 12 12 1 12 1 1 1 1 12 100 12 12 100 12 12 12 12 12 12 100 12 12 12 1 12 12 1 12 12 12 100 12 12 100 12 12 12 100 1 12 12 100 12 1 1 1 12 12 12 1 1 1 1 1 1 1 1 1 1 1 1 1 1 1 1 1 1 1 1 1 1 1 1 1 1 1 1 1 1 1 1 1 1 1 1 1 1 1 1 1 1 1 1 1 1 1 1 1 1 1 1 1 1 1 1 1 1 1 1 1 1 1 1 1 1 1 1 1 1 1 1 1 1
ciInstanceKlass com/sun/org/apache/xerces/internal/impl/io/UTF8Reader 1 1 192 7 100 10 10 10 10 9 9 9 9 10 10 9 9 10 10 10 3 10 3 3 10 10 100 8 100 8 8 11 10 10 10 100 8 8 10 10 8 8 10 7 1 1 1 3 1 1 3 1 1 1 1 1 1 1 1 1 1 1 1 1 1 1 1 1 1 1 1 1 1 1 1 1 1 7 100 100 7 1 1 1 1 1 1 1 1 1 1 1 1 1 1 1 1 1 1 1 1 1 1 1 1 1 1 1 1 100 1 1 1 1 1 1 1 1 1 1 1 1 1 1 1 1 1 1 1 1 1 1 1 1 1 12 12 12 12 12 12 12 7 12 12 12 12 12 12 12 12 12 12 1 1 1 1 1 12 12 12 12 1 1 1 100 12 12 1 1 12 1 1 1 1 1 1 1 1 1 1 1 1 1 1 1 1 1 1 1 1 1 1 1
ciInstanceKlass com/sun/xml/bind/v2/runtime/unmarshaller/LeafPropertyLoader 1 1 65 10 9 10 10 10 100 10 100 10 7 7 1 1 1 1 1 1 1 1 1 1 7 1 1 1 1 1 1 1 1 1 1 1 100 1 1 12 12 12 12 7 12 1 12 1 12 1 1 100 1 1 1 1 1 1 1 1 1 1 1 1 1 1 1
ciInstanceKlass com/sun/xml/bind/v2/ClassFactory$1 1 1 31 10 7 10 10 7 7 1 1 1 1 1 1 1 1 1 1 1 1 1 1 1 1 1 100 12 1 12 1 1 1
ciInstanceKlass com/sun/xml/bind/v2/runtime/LifecycleMethods 1 1 21 10 100 7 1 1 1 1 1 1 1 1 1 1 1 1 1 1 12 1 1
ciInstanceKlass com/sun/xml/bind/v2/runtime/unmarshaller/Intercepter 1 0 18 100 100 1 100 1 1 1 1 100 1 1 1 1 100 1 1 1
ciInstanceKlass com/sun/xml/bind/v2/runtime/ElementBeanInfoImpl$IntercepterLoader 1 1 133 9 10 9 10 10 10 10 9 10 7 10 10 10 10 10 10 10 10 10 10 10 10 10 10 10 7 7 100 1 1 1 1 1 1 1 1 1 1 1 1 1 1 7 1 1 1 1 1 1 1 1 1 1 1 1 100 7 1 100 1 1 1 1 1 1 1 12 12 12 12 12 12 12 100 12 12 1 12 12 12 12 12 12 12 12 12 12 12 12 12 12 1 1 1 1 1 1 1 1 1 1 1 1 1 1 1 1 1 1 1 1 1 1 1 1 1 1 1 1 1 1 1 1 1 1 1 1 1 1 1 1 1
ciInstanceKlass javax/xml/bind/ValidationEventHandler 1 0 9 100 100 1 1 1 1 1 1
ciInstanceKlass com/sun/xml/bind/v2/runtime/unmarshaller/UnmarshallerImpl 1 1 604 10 7 10 9 9 9 7 10 9 10 100 100 10 10 9 10 10 10 10 100 10 100 10 100 10 7 10 10 9 100 10 9 10 100 10 8 11 11 10 100 10 10 100 10 11 11 11 100 10 100 10 10 10 9 100 10 10 10 10 100 10 100 10 10 10 10 10 10 10 100 10 10 11 100 100 10 100 10 100 10 8 10 10 10 10 10 10 10 10 100 8 10 11 100 100 8 10 10 10 10 10 100 10 11 10 11 11 11 11 10 10 8 10 100 10 10 100 10 10 100 10 7 8 10 100 9 100 9 10 100 10 10 10 10 10 11 100 10 10 10 10 10 10 10 10 9 10 10 7 10 7 100 100 1 1 1 1 1 1 1 100 1 1 1 1 1 1 1 1 1 1 1 1 1 1 1 1 1 1 1 1 1 1 1 1 1 1 100 100 1 1 1 1 1 1 1 1 1 1 1 1 1 1 1 1 100 1 1 1 1 1 1 1 1 1 1 1 1 1 1 1 1 1 1 1 1 1 1 1 1 1 7 100 1 1 1 1 1 1 1 1 1 1 1 1 1 1 1 1 1 1 1 1 1 1 1 1 1 1 1 1 1 1 1 1 1 1 100 100 1 1 1 1 1 1 1 1 100 100 1 1 1 1 1 1 1 100 1 1 1 100 1 1 1 1 1 1 1 1 1 1 1 1 1 1 1 1 1 1 1 1 1 1 1 1 1 1 1 1 1 1 1 1 1 1 1 1 1 1 1 1 1 1 1 1 1 1 1 1 1 1 1 1 1 12 1 12 12 12 1 12 12 12 1 1 12 12 12 100 12 100 12 12 100 12 1 12 1 12 1 12 1 12 12 12 1 12 12 100 12 1 12 1 12 12 12 1 12 1 12 12 12 12 1 12 1 12 12 12 1 12 12 1 12 1 12 12 12 12 12 1 12 1 1 12 1 12 1 1 12 12 12 12 12 12 12 1 1 12 12 1 1 1 100 12 12 100 12 12 1 12 12 12 12 12 7 12 100 12 1 100 12 1 12 1 12 12 1 12 1 1 12 1 12 1 12 12 1 12 12 12 12 1 12 12 12 12 12 12 12 12 7 12 12 1 1 1 1 100 1 1 1 1 1 1 1 1 1 1 1 1 1 1 1 1 1 1 1 1 1 1 1 1 1 1 1 1 1 1 1 1 1 1 1 1 1 1 1 1 1 1 1 1 1 1 1 1 1 1 1 1 1 1 1 1 1 1 1 1 1 1 1 1 1 1 1 1 1 1 1 1 1 1 1 1 1 1 1 1 1 1 1 1 1 1 1 1 1 1 1 1 1 1 1 1 1 1 1 1 1 1 1 1 1 1 1 1 1 1 1 1 1 1
staticfield com/sun/xml/bind/v2/runtime/unmarshaller/UnmarshallerImpl dummyHandler Lorg/xml/sax/helpers/DefaultHandler; org/xml/sax/helpers/DefaultHandler
ciInstanceKlass com/sun/xml/bind/v2/runtime/unmarshaller/LocatorEx 1 0 15 100 100 100 100 1 1 1 1 1 1 1 1 1 1
ciInstanceKlass com/sun/xml/bind/v2/runtime/unmarshaller/XmlVisitor 1 0 31 100 100 100 1 1 1 1 1 100 1 1 1 1 1 1 1 1 1 1 1 1 1 1 1 1 1 1 1 1 1
ciInstanceKlass javax/xml/bind/UnmarshalException 0 0 26 10 10 100 100 1 1 1 1 1 1 1 1 1 1 1 1 1 1 1 1 1 1 12 1 1
ciInstanceKlass com/sun/xml/bind/v2/runtime/unmarshaller/XmlVisitor$TextPredictor 1 0 13 100 100 1 1 1 1 100 1 1 1 1 1
instanceKlass com/sun/xml/bind/v2/runtime/unmarshaller/UnmarshallingContext
ciInstanceKlass com/sun/xml/bind/v2/runtime/Coordinator 1 1 158 10 7 10 9 10 7 10 10 10 10 10 10 9 10 7 9 10 10 100 10 100 10 10 10 10 10 10 7 10 7 100 100 1 1 1 1 1 1 1 1 1 1 1 1 1 1 1 1 1 1 1 1 1 1 1 1 1 1 1 1 1 1 1 1 1 1 1 1 1 1 1 1 1 1 1 1 1 1 1 100 1 1 1 1 1 1 1 1 1 1 1 1 1 100 1 1 1 12 1 12 12 1 12 12 7 12 7 12 12 12 12 12 1 12 12 12 1 12 1 100 12 12 12 12 12 12 1 1 1 1 1 1 1 1 1 1 1 1 1 1 1 1 1 1 1 1 1 1 1 1 1 1 1 1 1 1 1
staticfield com/sun/xml/bind/v2/runtime/Coordinator activeTable Ljava/lang/ThreadLocal; java/lang/ThreadLocal
ciInstanceKlass com/sun/xml/bind/v2/runtime/unmarshaller/UnmarshallingContext 1 1 834 9 9 9 9 9 10 9 9 9 9 7 10 9 9 9 7 9 7 9 9 10 9 9 7 10 9 9 9 9 9 10 10 9 9 9 10 10 10 10 100 100 10 10 10 10 10 10 10 10 10 10 10 11 100 10 10 10 10 8 10 10 10 100 10 11 9 9 9 10 10 10 10 11 9 10 10 10 9 100 10 10 10 11 10 10 10 10 10 10 11 11 10 10 9 100 10 100 10 11 11 10 10 9 10 100 100 10 8 10 10 10 10 100 100 10 11 100 11 11 10 10 10 100 100 10 11 10 10 10 10 9 100 10 100 10 11 10 10 8 10 100 8 10 11 8 10 10 10 10 11 100 10 100 10 11 8 8 10 11 10 10 10 100 10 10 10 10 10 10 7 10 10 10 100 9 10 9 9 10 10 10 7 10 10 10 10 10 7 10 7 10 7 10 7 100 100 100 100 100 100 1 1 1 1 1 1 1 1 1 1 1 1 1 1 1 1 1 1 1 1 1 1 1 1 1 1 1 1 1 1 1 1 1 1 1 1 1 1 1 1 1 1 1 1 1 1 1 1 1 1 1 1 1 1 1 1 1 1 1 1 1 1 1 1 1 1 1 1 7 100 1 1 1 1 1 1 1 1 1 1 1 1 1 1 1 1 1 1 1 1 1 1 1 7 1 100 1 1 1 1 1 1 1 1 1 1 1 100 100 1 1 1 1 1 1 100 1 1 1 1 1 1 1 1 1 1 1 1 1 100 7 7 1 1 1 1 1 1 1 1 1 1 1 1 1 1 1 1 1 1 1 1 1 1 1 1 1 1 1 1 1 1 1 1 1 1 1 1 1 1 1 1 1 1 1 1 1 1 1 1 1 1 1 1 1 1 1 1 1 1 1 1 1 1 1 1 1 1 1 1 1 1 1 1 1 1 1 1 100 1 1 1 1 1 1 1 1 100 1 1 1 1 1 1 1 100 1 1 1 1 1 1 1 1 1 1 1 1 1 1 1 1 1 100 1 1 1 1 1 1 1 1 1 1 1 1 1 1 1 1 1 1 1 1 1 1 1 12 12 12 12 12 12 12 12 12 12 1 12 12 12 1 12 1 12 12 12 12 12 1 12 12 12 12 12 12 12 7 12 12 12 12 100 12 12 12 7 12 1 1 12 12 12 12 12 12 12 12 12 12 12 7 12 1 12 12 7 12 12 1 12 12 12 1 12 12 12 12 12 7 12 12 12 12 100 12 12 12 12 12 12 1 12 12 7 12 12 12 12 12 12 12 12 12 12 12 12 1 1 12 12 12 12 100 12 12 12 1 1 1 12 12 12 1 1 12 12 1 12 12 12 12 12 1 1 100 12 12 12 12 100 12 1 12 1 100 12 12 12 12 1 12 1 1 12 12 1 12 12 12 100 12 12 1 1 12 1 1 12 12 100 12 12 1 12 12 12 12 12 12 1 12 12 12 1 100 12 7 12 12 12 12 12 12 1 12 12 12 12 1 12 1 12 1 1 1 1 1 1 1 1 1 1 1 1 1 1 1 1 1 1 1 1 1 1 1 1 1 1 1 1 1 1 1 1 1 1 1 1 1 1 1 1 1 1 1 1 1 1 1 1 1 1 1 1 1 1 1 1 1 1 1 1 1 1 1 1 1 1 1 1 1 1 1 1 1 1 1 1 1 1 1 1 1 1 1 1 1 1 1 1 1 1 1 1 1 1 1 1 1 1 1 1 1 1 1 1 1 1 1 1 1 1 1 1 1 1 1 1 1 1 1 1 1 1 1 1 1 1 1 1 1 1 1 1 1 1 1 1 1 1 1 1 1 1 1 1 1 1 1 1 1 1 1 1 1 1 1 1 1 1 1 1 1 1 1 1 1 1 1 1 1 1
staticfield com/sun/xml/bind/v2/runtime/unmarshaller/UnmarshallingContext logger Ljava/util/logging/Logger; java/util/logging/Logger
staticfield com/sun/xml/bind/v2/runtime/unmarshaller/UnmarshallingContext DUMMY_INSTANCE Lcom/sun/xml/bind/v2/runtime/unmarshaller/LocatorEx; com/sun/xml/bind/v2/runtime/unmarshaller/LocatorExWrapper
staticfield com/sun/xml/bind/v2/runtime/unmarshaller/UnmarshallingContext DEFAULT_ROOT_LOADER Lcom/sun/xml/bind/v2/runtime/unmarshaller/Loader; com/sun/xml/bind/v2/runtime/unmarshaller/UnmarshallingContext$DefaultRootLoader
staticfield com/sun/xml/bind/v2/runtime/unmarshaller/UnmarshallingContext EXPECTED_TYPE_ROOT_LOADER Lcom/sun/xml/bind/v2/runtime/unmarshaller/Loader; com/sun/xml/bind/v2/runtime/unmarshaller/UnmarshallingContext$ExpectedTypeRootLoader
staticfield com/sun/xml/bind/v2/runtime/unmarshaller/UnmarshallingContext $assertionsDisabled Z 1
ciInstanceKlass com/sun/istack/SAXParseException2 0 0 42 10 10 10 10 10 100 100 1 1 1 1 1 1 1 1 1 1 1 1 1 1 1 1 1 1 1 1 1 1 1 1 1 12 12 12 12 12 1 1 1 1
ciInstanceKlass javax/xml/bind/ValidationEventLocator 0 0 17 100 100 1 1 1 1 1 1 1 1 1 1 1 1 1 1
ciInstanceKlass com/sun/xml/bind/v2/runtime/unmarshaller/UnmarshallingContext$State 1 1 207 9 9 10 10 9 9 9 9 9 9 9 9 10 9 10 9 10 9 10 8 10 9 10 100 10 7 10 10 8 7 10 10 7 10 7 1 1 1 1 1 1 1 1 1 1 1 1 1 1 1 1 1 1 1 1 1 1 1 1 1 1 1 1 1 1 1 1 1 1 1 1 1 1 1 1 1 1 1 100 1 1 1 1 1 1 1 1 1 1 1 1 1 1 1 1 1 1 1 100 1 1 1 1 1 1 1 1 1 1 1 1 1 1 1 1 1 1 1 1 1 1 1 1 1 1 1 1 1 1 1 1 1 1 1 1 1 1 1 1 1 1 1 1 1 12 12 12 12 12 12 12 12 12 12 12 12 12 12 12 12 12 7 12 7 12 1 12 12 12 1 1 12 12 1 1 12 7 12 1 7 12 1 1 1 1 1 1 1 1 1 1 1 1 1 1 1 1 1 1 1 1 1 1 1 1 1
staticfield com/sun/xml/bind/v2/runtime/unmarshaller/UnmarshallingContext$State $assertionsDisabled Z 1
ciInstanceKlass com/android/repository/impl/meta/SchemaModuleUtil$NamespaceFallbackFilter 1 1 187 10 10 9 9 11 11 11 7 10 11 9 9 10 10 10 10 11 10 11 10 10 9 100 10 8 10 10 8 8 10 11 7 10 7 10 11 7 10 7 7 1 1 1 1 1 1 1 1 1 1 1 1 1 1 1 1 1 1 1 1 1 1 1 1 1 1 1 1 1 1 7 100 7 1 1 1 1 1 1 1 1 1 1 1 1 1 100 1 1 1 1 1 1 1 1 1 1 1 1 12 7 12 12 12 12 12 12 1 12 7 12 12 12 12 12 12 7 12 12 12 12 12 12 12 1 1 12 12 1 1 12 12 1 12 1 12 12 1 12 100 1 1 1 1 1 1 1 1 1 1 1 1 1 1 1 1 1 1 1 1 1 1 1 1 1 1 1 1 1 1 1 1 1 1 1 1 1 1 1 1 1 1 1 1 1 1
ciInstanceKlass com/sun/xml/bind/v2/runtime/unmarshaller/SAXConnector 1 1 247 10 7 10 9 7 10 9 9 11 9 11 9 9 10 7 10 9 9 10 8 10 11 8 11 8 7 10 11 8 11 8 10 8 10 10 10 9 9 9 9 11 8 11 9 8 10 11 10 8 10 10 11 10 10 7 100 100 1 1 1 1 1 1 1 1 1 1 1 1 1 7 1 1 1 1 1 1 1 1 1 1 1 1 1 1 1 100 100 1 1 1 1 1 1 1 1 1 100 1 1 1 1 1 1 1 1 1 1 1 1 1 1 7 100 1 1 1 1 1 1 1 1 1 1 1 1 1 1 1 1 1 1 1 1 1 1 1 1 12 1 12 1 12 12 12 7 12 12 12 12 12 7 12 1 12 12 7 12 7 12 1 12 12 1 12 1 1 12 12 1 12 1 12 1 12 7 12 12 12 12 12 12 12 1 12 12 1 12 12 12 1 12 7 12 12 12 7 12 1 1 1 1 1 1 1 1 1 1 1 1 1 1 1 1 1 1 1 1 1 1 1 1 1 1 1 1 1 1 1 1 1 1 1 1 1 1 1 1 1 1 1 1 1 1 1 1
staticfield com/sun/xml/bind/v2/runtime/unmarshaller/SAXConnector logger Ljava/util/logging/Logger; java/util/logging/Logger
instanceKlass com/sun/xml/bind/v2/runtime/unmarshaller/SAXConnector$TagNameImpl
ciInstanceKlass com/sun/xml/bind/v2/runtime/unmarshaller/TagName 1 1 81 10 9 9 9 9 100 10 10 10 10 10 10 8 10 100 10 10 100 7 1 1 1 1 1 1 1 1 1 1 1 1 1 1 1 1 1 1 1 1 1 1 1 1 1 1 100 1 1 1 1 12 12 12 100 12 12 1 12 12 12 12 12 1 12 1 12 12 1 1 1 1 1 1 1 1 1 1 1 1 1
ciInstanceKlass com/sun/xml/bind/v2/runtime/unmarshaller/SAXConnector$TagNameImpl 1 1 32 10 10 9 7 7 1 1 1 1 1 1 1 1 1 1 1 1 1 100 1 1 1 1 1 12 12 100 1 1 1 1
ciMethod java/lang/Object getClass ()Ljava/lang/Class; 3073 1 384 0 -1
ciMethod java/lang/String length ()I 4097 1 194728 0 64
ciMethod java/lang/String charAt (I)C 3089 1 508898 0 128
ciMethod java/lang/String equals (Ljava/lang/Object;)Z 608297 1 48818 0 -1
ciMethod java/lang/String coder ()B 2777 1 276692 0 32
ciMethod java/lang/String isLatin1 ()Z 2049 1 620199 0 64
ciMethod java/lang/System arraycopy (Ljava/lang/Object;ILjava/lang/Object;II)V 3073 1 384 0 -1
ciMethod java/lang/Throwable getMessage ()Ljava/lang/String; 0 0 1 0 -1
ciMethod java/lang/ref/Reference get ()Ljava/lang/Object; 0 0 1 0 -1
ciMethod java/lang/ref/Reference clear ()V 3073 1 50018 0 128
ciMethod java/lang/Thread currentThread ()Ljava/lang/Thread; 2049 1 256 0 -1
ciMethod java/lang/reflect/AccessibleObject checkAccess (Ljava/lang/Class;Ljava/lang/Class;Ljava/lang/Class;I)V 857 1 16341 0 -1
ciMethod java/lang/reflect/Method invoke (Ljava/lang/Object;[Ljava/lang/Object;)Ljava/lang/Object; 2129 1 4047 0 -1
ciMethod java/lang/reflect/Method acquireMethodAccessor ()Ljdk/internal/reflect/MethodAccessor; 169 1 23 0 -1
ciMethod java/lang/reflect/Method getMethodAccessor ()Ljdk/internal/reflect/MethodAccessor; 185 1 23 0 -1
ciMethod java/lang/reflect/Method setMethodAccessor (Ljdk/internal/reflect/MethodAccessor;)V 321 1 40 0 -1
ciMethod jdk/internal/reflect/MethodAccessor invoke (Ljava/lang/Object;[Ljava/lang/Object;)Ljava/lang/Object; 0 0 1 0 -1
ciMethod java/lang/StringBuilder setLength (I)V 9 1 39308 0 -1
ciMethod java/lang/Integer toString (II)Ljava/lang/String; 0 0 1 0 -1
ciMethod java/lang/Integer toHexString (I)Ljava/lang/String; 17 1 47 0 -1
ciMethod java/lang/Integer valueOf (I)Ljava/lang/Integer; 585 1 5371 0 -1
ciMethod jdk/internal/reflect/ReflectionFactory newMethodAccessor (Ljava/lang/reflect/Method;)Ljdk/internal/reflect/MethodAccessor; 161 1 20 0 -1
ciMethod java/lang/StringLatin1 charAt ([BI)C 3089 1 490635 0 96
ciMethod java/lang/ThreadLocal initialValue ()Ljava/lang/Object; 1361 1 170 0 0
ciMethod java/lang/ThreadLocal get ()Ljava/lang/Object; 2145 1 17331 0 640
ciMethod java/lang/ThreadLocal setInitialValue ()Ljava/lang/Object; 41 1 10066 0 0
ciMethod java/lang/ThreadLocal set (Ljava/lang/Object;)V 65 1 59358 0 0
ciMethod java/lang/ThreadLocal remove ()V 4097 1 59341 0 0
ciMethod java/lang/ThreadLocal getMap (Ljava/lang/Thread;)Ljava/lang/ThreadLocal$ThreadLocalMap; 2137 1 100691 0 64
ciMethod java/lang/ThreadLocal createMap (Ljava/lang/Thread;Ljava/lang/Object;)V 9 1 18 0 0
ciMethodData java/lang/String isLatin1 ()Z 2 620200 orig 80 0 1 0 0 0 0 0 0 0 0 0 0 0 0 0 0 0 0 0 0 0 0 0 0 0 0 0 0 0 0 0 0 0 0 0 0 0 0 0 0 0 0 0 0 0 0 0 0 0 0 0 0 0 0 0 0 0 0 0 0 0 0 0 0 0 0 0 0 0 0 0 0 0 0 0 0 0 0 0 0 data 18 0x30007 0x0 0x58 0x975b2 0xa0007 0x3b 0x38 0x97575 0xe0003 0x975a2 0x18 0x0 0x0 0x0 0x0 0x9 0x1 0x0 oops 0 methods 0
ciMethodData java/lang/String coder ()B 2 276714 orig 80 91 1 0 0 0 0 0 0 0 0 0 0 0 0 0 0 0 0 0 0 0 0 0 0 0 0 0 0 0 0 0 0 0 0 0 0 0 0 0 0 0 0 0 0 0 0 0 0 0 0 0 0 0 0 0 0 0 0 0 0 0 0 0 0 0 0 0 0 0 0 0 0 0 0 0 0 0 0 0 0 data 14 0x30007 0x0 0x38 0x4378f 0xa0003 0x43791 0x18 0x0 0x0 0x0 0x0 0x9 0x1 0x0 oops 0 methods 0
ciMethod java/util/ArrayList size ()I 1097 1 137 0 -1
ciMethod java/util/ArrayList get (I)Ljava/lang/Object; 2049 1 13537 0 -1
ciMethod jdk/internal/reflect/Reflection getCallerClass ()Ljava/lang/Class; 3073 1 384 0 -1
ciMethodData java/lang/String charAt (I)C 2 509120 orig 80 130 1 0 0 0 0 0 0 0 0 0 0 0 0 0 0 0 0 0 0 0 0 0 0 0 0 0 0 0 0 0 0 0 0 0 0 0 0 0 0 0 0 0 0 0 0 0 0 0 0 0 0 0 0 0 0 0 0 0 0 0 0 0 0 0 0 0 0 0 0 0 0 0 0 0 0 0 0 0 0 data 25 0x10005 0x7c34c 0x0 0x0 0x0 0x0 0x0 0x40007 0x1 0x30 0x7c329 0xc0002 0x7c379 0x150002 0x0 0x0 0x0 0x0 0x0 0x0 0x0 0x9 0x2 0x0 0x0 oops 0 methods 0
ciMethodData java/lang/StringLatin1 charAt ([BI)C 2 490635 orig 80 130 1 0 0 0 0 0 0 0 0 0 0 0 0 0 0 0 0 0 0 0 0 0 0 0 0 0 0 0 0 0 0 0 0 0 0 0 0 0 0 0 0 0 0 0 0 0 0 0 0 0 0 0 0 0 0 0 0 0 0 0 0 0 0 0 0 0 0 0 0 0 0 0 0 0 0 0 0 0 0 data 18 0x10007 0x0 0x40 0x77b0d 0x70007 0x77b20 0x30 0x0 0xf0002 0x0 0x0 0x0 0x0 0x0 0x9 0x2 0x0 0x0 oops 0 methods 0
ciMethod java/lang/StringUTF16 getChar ([BI)C 2049 1 21496 0 -1
ciMethod java/lang/StringUTF16 charAt ([BI)C 9 1 139045 0 96
ciMethod java/lang/StringUTF16 checkIndex (I[B)V 9 1 139045 0 -1
ciMethod java/lang/reflect/Modifier isStatic (I)Z 2121 1 8922 0 -1
ciMethodData java/lang/String length ()I 2 194742 orig 80 0 2 0 0 0 0 0 0 0 0 0 0 0 0 0 0 0 0 0 0 0 0 0 0 0 0 0 0 0 0 0 0 0 0 0 0 0 0 0 0 0 0 0 0 0 0 0 0 0 0 0 0 0 0 0 0 0 0 0 0 0 0 0 0 0 0 0 0 0 0 0 0 0 0 0 0 0 0 0 0 data 16 0x60005 0x2f6b9 0x0 0x0 0x0 0x0 0x0 0x0 0x0 0x0 0x0 0x0 0x0 0x9 0x1 0x0 oops 0 methods 0
ciMethod java/lang/ThreadLocal$ThreadLocalMap nextIndex (II)I 2209 1 107505 0 0
ciMethod java/lang/ThreadLocal$ThreadLocalMap <init> (Ljava/lang/ThreadLocal;Ljava/lang/Object;)V 9 1 18 0 -1
ciMethod java/lang/ThreadLocal$ThreadLocalMap getEntry (Ljava/lang/ThreadLocal;)Ljava/lang/ThreadLocal$ThreadLocalMap$Entry; 2145 1 14904 0 288
ciMethod java/lang/ThreadLocal$ThreadLocalMap getEntryAfterMiss (Ljava/lang/ThreadLocal;ILjava/lang/ThreadLocal$ThreadLocalMap$Entry;)Ljava/lang/ThreadLocal$ThreadLocalMap$Entry; 33 1 8231 0 0
ciMethod java/lang/ThreadLocal$ThreadLocalMap set (Ljava/lang/ThreadLocal;Ljava/lang/Object;)V 137 1 15649 0 2112
ciMethod java/lang/ThreadLocal$ThreadLocalMap remove (Ljava/lang/ThreadLocal;)V 4097 1 49111 0 1152
ciMethod java/lang/ThreadLocal$ThreadLocalMap replaceStaleEntry (Ljava/lang/ThreadLocal;Ljava/lang/Object;I)V 0 0 1 0 -1
ciMethod java/lang/ThreadLocal$ThreadLocalMap expungeStaleEntry (I)I 1705 1705 38123 0 832
ciMethod java/lang/ThreadLocal$ThreadLocalMap cleanSomeSlots (II)Z 1705 4465 7835 0 -1
ciMethod java/lang/ThreadLocal$ThreadLocalMap rehash ()V 9 1 1 0 -1
ciMethod java/lang/ThreadLocal$ThreadLocalMap$Entry <init> (Ljava/lang/ThreadLocal;Ljava/lang/Object;)V 1857 1 7854 0 -1
ciMethod jdk/internal/misc/TerminatingThreadLocal register (Ljdk/internal/misc/TerminatingThreadLocal;)V 481 1 60 0 -1
ciMethod java/io/Reader read ([CII)I 0 0 1 0 -1
ciMethod com/sun/org/apache/xerces/internal/impl/XMLDocumentFragmentScannerImpl$FragmentContentDriver elementDepthIsZeroHook ()Z 0 0 1 0 -1
ciMethodData java/lang/StringUTF16 charAt ([BI)C 2 139045 orig 80 1 0 0 0 0 0 0 0 0 0 0 0 0 0 0 0 0 0 0 0 0 0 0 0 0 0 0 0 0 0 0 0 0 0 0 0 0 0 0 0 0 0 0 0 0 0 0 0 0 0 0 0 0 0 0 0 0 0 0 0 0 0 0 0 0 0 0 0 0 0 0 0 0 0 0 0 0 0 0 0 data 14 0x20002 0x21f24 0x70002 0x698 0x0 0x0 0x0 0x0 0x0 0x0 0x9 0x2 0x0 0x0 oops 0 methods 0
ciMethodData java/lang/ThreadLocal getMap (Ljava/lang/Thread;)Ljava/lang/ThreadLocal$ThreadLocalMap; 2 100691 orig 80 11 1 0 0 0 0 0 0 0 0 0 0 0 0 0 0 0 0 0 0 0 0 0 0 0 0 0 0 0 0 0 0 0 0 0 0 0 0 0 0 0 0 0 0 0 0 0 0 0 0 0 0 0 0 0 0 0 0 0 0 0 0 0 0 0 0 0 0 0 0 0 0 0 0 0 0 0 0 0 0 data 6 0x0 0x0 0x9 0x2 0x0 0x0 oops 0 methods 0
ciMethodData java/lang/ThreadLocal get ()Ljava/lang/Object; 2 17331 orig 80 12 1 0 0 0 0 0 0 0 0 0 0 0 0 0 0 0 0 0 0 0 0 0 0 0 0 0 0 0 0 0 0 0 0 0 0 0 0 0 0 0 0 0 0 0 0 0 0 0 0 0 0 0 0 0 0 0 0 0 0 0 0 0 0 0 0 0 0 0 0 0 0 0 0 0 0 0 0 0 0 data 40 0x2 0x42a7 0x60005 0x1490 0x0 0x1d504b9e340 0x81 0x1d5048a2b60 0x2d9b 0xb0007 0x12 0x78 0x4299 0x100005 0x429b 0x0 0x0 0x0 0x0 0x0 0x150007 0x273b 0x20 0x1b5b 0x220005 0x274c 0x0 0x0 0x0 0x0 0x0 0x0 0x0 0x0 0x0 0x0 0x0 0x9 0x1 0x0 oops 2 5 java/lang/StringCoding$1 7 java/lang/ThreadLocal methods 0
ciMethodData java/lang/ThreadLocal$ThreadLocalMap getEntry (Ljava/lang/ThreadLocal;)Ljava/lang/ThreadLocal$ThreadLocalMap$Entry; 2 14904 orig 80 12 1 0 0 0 0 0 0 0 0 0 0 0 0 0 0 0 0 0 0 0 0 0 0 0 0 0 0 0 0 0 0 0 0 0 0 0 0 0 0 0 0 0 0 0 0 0 0 0 0 0 0 0 0 0 0 0 0 0 0 0 0 0 0 0 0 0 0 0 0 0 0 0 0 0 0 0 0 0 0 data 32 0x150007 0x2021 0x78 0x190c 0x190005 0x0 0x0 0x1d504b9dd30 0x190e 0x0 0x0 0x1d0007 0x0 0x20 0x190d 0x260005 0x2021 0x0 0x0 0x0 0x0 0x0 0x0 0x0 0x0 0x0 0x0 0x0 0x9 0x2 0x0 0x0 oops 1 7 java/lang/ThreadLocal$ThreadLocalMap$Entry methods 0
ciMethodData java/lang/ThreadLocal setInitialValue ()Ljava/lang/Object; 2 10066 orig 80 5 0 0 0 0 0 0 0 0 0 0 0 0 0 0 0 0 0 0 0 0 0 0 0 0 0 0 0 0 0 0 0 0 0 0 0 0 0 0 0 0 0 0 0 0 0 0 0 0 0 0 0 0 0 0 0 0 0 0 0 0 0 0 0 0 0 0 0 0 0 0 0 0 0 0 0 0 0 0 0 data 66 0x10005 0x28 0x0 0x1d503d63de0 0x15 0x1d5048a2b60 0x2712 0x50002 0x274c 0xb0005 0x27 0x0 0x1d503d63de0 0x15 0x1d5048a2b60 0x2712 0x100007 0x12 0x70 0x273c 0x160005 0x273d 0x0 0x0 0x0 0x0 0x0 0x190003 0x273c 0x50 0x1f0005 0x0 0x0 0x1d503d63e90 0x12 0x0 0x0 0x230004 0xffffffffffffd8d9 0x0 0x1d503d63de0 0x15 0x1d5048a2b60 0xcf 0x260007 0x2727 0x68 0x25 0x2a0004 0x0 0x0 0x1d503d63de0 0x15 0x1d503d63e90 0x12 0x2d0002 0x26 0x0 0x0 0x0 0x0 0x0 0x0 0x9 0x1 0x0 oops 9 3 sun/nio/ch/Util$1 5 java/lang/ThreadLocal 12 sun/nio/ch/Util$1 14 java/lang/ThreadLocal 33 sun/nio/fs/NativeBuffers$1 40 sun/nio/ch/Util$1 42 java/lang/ThreadLocal 51 sun/nio/ch/Util$1 53 sun/nio/fs/NativeBuffers$1 methods 0
ciMethodData java/lang/ThreadLocal$ThreadLocalMap getEntryAfterMiss (Ljava/lang/ThreadLocal;ILjava/lang/ThreadLocal$ThreadLocalMap$Entry;)Ljava/lang/ThreadLocal$ThreadLocalMap$Entry; 2 8231 orig 80 4 0 0 0 0 0 0 0 0 0 0 0 0 0 0 0 0 0 0 0 0 0 0 0 0 0 0 0 0 0 0 0 0 0 0 0 0 0 0 0 0 0 0 0 0 0 0 0 0 0 0 0 0 0 0 0 0 0 0 0 0 0 0 0 0 0 0 0 0 0 0 0 0 0 0 0 0 0 0 0 data 53 0xc0007 0x2023 0x148 0x0 0x100005 0x0 0x0 0x0 0x0 0x0 0x0 0x130004 0x0 0x0 0x0 0x0 0x0 0x0 0x1b0007 0x0 0x20 0x0 0x220007 0x0 0x70 0x0 0x270005 0x0 0x0 0x0 0x0 0x0 0x0 0x2b0003 0x0 0x28 0x310002 0x0 0x3a0003 0x0 0xfffffffffffffed0 0x0 0x0 0x0 0x0 0x0 0x0 0x9 0x4 0x0 0x0 0x0 0x0 oops 0 methods 0
ciMethodData java/lang/ref/Reference clear ()V 2 50018 orig 80 128 1 0 0 0 0 0 0 0 0 0 0 0 0 0 0 0 0 0 0 0 0 0 0 0 0 0 0 0 0 0 0 0 0 0 0 0 0 0 0 0 0 0 0 0 0 0 0 0 0 0 0 0 0 0 0 0 0 0 0 0 0 0 0 0 0 0 0 0 0 0 0 0 0 0 0 0 0 0 0 data 6 0x0 0x0 0x0 0x9 0x1 0x0 oops 0 methods 0
ciMethod java/util/logging/Logger log (Ljava/util/logging/Level;Ljava/lang/String;)V 81 1 15 0 -1
ciMethod java/util/logging/Logger log (Ljava/util/logging/Level;Ljava/lang/String;[Ljava/lang/Object;)V 0 0 1 0 -1
ciMethod java/util/logging/Logger isLoggable (Ljava/util/logging/Level;)Z 3105 1 115129 0 0
ciMethod java/util/logging/Level intValue ()I 1065 1 133 0 0
ciMethod com/sun/org/apache/xerces/internal/impl/XMLDocumentFragmentScannerImpl$FragmentContentDriver scanRootElementHook ()Z 0 0 1 0 -1
ciMethod com/sun/org/apache/xerces/internal/impl/XMLDocumentFragmentScannerImpl$FragmentContentDriver next ()I 4097 1 79966 0 -1
ciMethod com/sun/org/apache/xerces/internal/impl/XMLDocumentFragmentScannerImpl$FragmentContentDriver scanForDoctypeHook ()Z 0 0 1 0 -1
ciMethod com/sun/org/apache/xerces/internal/xni/XMLDocumentHandler startElement (Lcom/sun/org/apache/xerces/internal/xni/QName;Lcom/sun/org/apache/xerces/internal/xni/XMLAttributes;Lcom/sun/org/apache/xerces/internal/xni/Augmentations;)V 0 0 1 0 -1
ciMethod com/sun/org/apache/xerces/internal/xni/XMLDocumentHandler emptyElement (Lcom/sun/org/apache/xerces/internal/xni/QName;Lcom/sun/org/apache/xerces/internal/xni/XMLAttributes;Lcom/sun/org/apache/xerces/internal/xni/Augmentations;)V 0 0 1 0 -1
ciMethod com/sun/org/apache/xerces/internal/xni/XMLDocumentHandler endElement (Lcom/sun/org/apache/xerces/internal/xni/QName;Lcom/sun/org/apache/xerces/internal/xni/Augmentations;)V 0 0 1 0 -1
ciMethod com/sun/org/apache/xerces/internal/util/SymbolTable addSymbol ([CII)Ljava/lang/String; 3681 24577 3689 0 -1
ciMethod com/sun/org/apache/xerces/internal/impl/XMLEntityManager endEntity ()V 73 1 14 0 -1
ciMethod com/sun/org/apache/xerces/internal/utils/XMLSecurityManager isNoLimit (I)Z 4097 1 6986 0 -1
ciMethod com/sun/xml/internal/stream/XMLEntityStorage isDeclaredEntity (Ljava/lang/String;)Z 0 0 1 0 -1
ciMethod com/sun/org/apache/xerces/internal/impl/XMLEntityScanner peekChar ()I 3569 1 17234 0 224
ciMethod com/sun/org/apache/xerces/internal/impl/XMLEntityScanner scanChar (Lcom/sun/org/apache/xerces/internal/impl/XMLScanner$NameType;)I 4097 1 31876 0 288
ciMethod com/sun/org/apache/xerces/internal/impl/XMLEntityScanner scanName (Lcom/sun/org/apache/xerces/internal/impl/XMLScanner$NameType;)Ljava/lang/String; 4097 23569 2343 0 -1
ciMethod com/sun/org/apache/xerces/internal/impl/XMLEntityScanner scanQName (Lcom/sun/org/apache/xerces/internal/xni/QName;Lcom/sun/org/apache/xerces/internal/impl/XMLScanner$NameType;)Z 1 1 10833 0 -1
ciMethod com/sun/org/apache/xerces/internal/impl/XMLEntityScanner checkEntityLimit (Lcom/sun/org/apache/xerces/internal/impl/XMLScanner$NameType;Lcom/sun/xml/internal/stream/Entity$ScannedEntity;II)V 3681 1 6862 0 128
ciMethod com/sun/org/apache/xerces/internal/impl/XMLEntityScanner checkNodeCount (Lcom/sun/xml/internal/stream/Entity$ScannedEntity;)V 201 1 39784 0 -1
ciMethod com/sun/org/apache/xerces/internal/impl/XMLEntityScanner checkLimit (Lcom/sun/org/apache/xerces/internal/utils/XMLSecurityManager$Limit;Lcom/sun/xml/internal/stream/Entity$ScannedEntity;II)V 649 1 13943 0 -1
ciMethod com/sun/org/apache/xerces/internal/impl/XMLEntityScanner scanContent (Lcom/sun/org/apache/xerces/internal/xni/XMLString;)I 4097 8177 9551 0 1344
ciMethod com/sun/org/apache/xerces/internal/impl/XMLEntityScanner storeWhiteSpace (I)V 0 0 1 0 -1
ciMethod com/sun/org/apache/xerces/internal/impl/XMLEntityScanner scanData (Ljava/lang/String;Lcom/sun/org/apache/xerces/internal/util/XMLStringBuffer;I)Z 233 106593 24 0 -1
ciMethod com/sun/org/apache/xerces/internal/impl/XMLEntityScanner skipChar (ILcom/sun/org/apache/xerces/internal/impl/XMLScanner$NameType;)Z 4097 1 14235 0 320
ciMethod com/sun/org/apache/xerces/internal/impl/XMLEntityScanner skipSpaces ()Z 2361 1 33136 0 -1
ciMethod com/sun/org/apache/xerces/internal/impl/XMLEntityScanner arrangeCapacity (IZ)Z 4097 41 13985 0 0
ciMethod com/sun/org/apache/xerces/internal/impl/XMLEntityScanner skipString (Ljava/lang/String;)Z 17 97 13970 0 1760
ciMethod com/sun/org/apache/xerces/internal/impl/XMLEntityScanner skipString ([C)Z 137 649 15 0 0
ciMethod com/sun/org/apache/xerces/internal/impl/XMLEntityScanner load (IZZ)Z 2193 1 385 10 0
ciMethod com/sun/org/apache/xerces/internal/impl/XMLEntityScanner invokeListeners (I)V 2297 2105 396 0 0
ciMethod com/sun/org/apache/xerces/internal/impl/XMLEntityScanner normalizeNewlines (SLcom/sun/org/apache/xerces/internal/xni/XMLString;ZZLcom/sun/org/apache/xerces/internal/impl/XMLScanner$NameType;)Z 1809 977 35966 0 -1
ciMethod com/sun/org/apache/xerces/internal/impl/XMLErrorReporter reportError (Ljava/lang/String;Ljava/lang/String;[Ljava/lang/Object;S)Ljava/lang/String; 0 0 1 0 -1
ciMethod com/sun/org/apache/xerces/internal/impl/XMLErrorReporter reportError (Ljava/lang/String;Ljava/lang/String;[Ljava/lang/Object;SLjava/lang/Exception;)Ljava/lang/String; 0 0 1 0 0
ciMethod com/sun/org/apache/xerces/internal/impl/XMLErrorReporter reportError (Lcom/sun/org/apache/xerces/internal/xni/XMLLocator;Ljava/lang/String;Ljava/lang/String;[Ljava/lang/Object;S)Ljava/lang/String; 0 0 1 0 -1
ciMethod com/sun/org/apache/xerces/internal/impl/XMLErrorReporter reportError (Lcom/sun/org/apache/xerces/internal/xni/XMLLocator;Ljava/lang/String;Ljava/lang/String;[Ljava/lang/Object;SLjava/lang/Exception;)Ljava/lang/String; 0 0 1 0 -1
ciMethod com/sun/org/apache/xerces/internal/impl/XMLNSDocumentScannerImpl scanStartElement ()Z 2057 969 19857 0 -1
ciMethod com/sun/org/apache/xerces/internal/impl/XMLNSDocumentScannerImpl scanAttribute (Lcom/sun/org/apache/xerces/internal/util/XMLAttributesImpl;)V 913 1 5152 0 -1
ciMethod com/sun/xml/internal/stream/XMLBufferListener refresh (I)V 0 0 1 0 -1
ciMethod com/sun/org/apache/xerces/internal/impl/XMLDocumentFragmentScannerImpl scanXMLDeclOrTextDecl (Z)V 0 0 14 0 -1
ciMethod com/sun/org/apache/xerces/internal/impl/XMLDocumentFragmentScannerImpl scanPIData (Ljava/lang/String;Lcom/sun/org/apache/xerces/internal/util/XMLStringBuffer;)V 0 0 1 0 -1
ciMethod com/sun/org/apache/xerces/internal/impl/XMLDocumentFragmentScannerImpl scanComment ()V 65 1 22 0 0
ciMethod com/sun/org/apache/xerces/internal/impl/XMLDocumentFragmentScannerImpl scanStartElement ()Z 3465 8193 509 0 -1
ciMethod com/sun/org/apache/xerces/internal/impl/XMLDocumentFragmentScannerImpl seekCloseOfStartTag ()Z 4097 1 27352 0 -1
ciMethod com/sun/org/apache/xerces/internal/impl/XMLDocumentFragmentScannerImpl scanAttribute (Lcom/sun/org/apache/xerces/internal/xni/XMLAttributes;)V 4097 1 1834 0 -1
ciMethod com/sun/org/apache/xerces/internal/impl/XMLDocumentFragmentScannerImpl scanContent (Lcom/sun/org/apache/xerces/internal/util/XMLStringBuffer;)I 24777 1 2182 0 0
ciMethod com/sun/org/apache/xerces/internal/impl/XMLDocumentFragmentScannerImpl scanCDATASection (Lcom/sun/org/apache/xerces/internal/util/XMLStringBuffer;Z)Z 0 0 1 0 -1
ciMethod com/sun/org/apache/xerces/internal/impl/XMLDocumentFragmentScannerImpl scanEndElement ()I 9 1 17638 0 0
ciMethod com/sun/org/apache/xerces/internal/impl/XMLDocumentFragmentScannerImpl scanEntityReference (Lcom/sun/org/apache/xerces/internal/util/XMLStringBuffer;)V 0 0 1 0 -1
ciMethod com/sun/org/apache/xerces/internal/impl/XMLDocumentFragmentScannerImpl checkDepth (Ljava/lang/String;)V 4097 1 20366 0 -1
ciMethod com/sun/org/apache/xerces/internal/impl/XMLDocumentFragmentScannerImpl setScannerState (I)V 1713 1 214 0 0
ciMethod com/sun/org/apache/xerces/internal/impl/XMLDocumentFragmentScannerImpl setDriver (Lcom/sun/org/apache/xerces/internal/impl/XMLDocumentFragmentScannerImpl$Driver;)V 897 1 81 0 -1
ciMethod com/sun/org/apache/xerces/internal/impl/XMLDocumentFragmentScannerImpl bufferContent ()V 569 1 2317 0 0
ciMethod com/sun/org/apache/xerces/internal/impl/XMLScanner scanPI (Lcom/sun/org/apache/xerces/internal/util/XMLStringBuffer;)V 0 0 1 0 -1
ciMethod com/sun/org/apache/xerces/internal/impl/XMLScanner scanComment (Lcom/sun/org/apache/xerces/internal/util/XMLStringBuffer;)V 65 1 23 0 -1
ciMethod com/sun/org/apache/xerces/internal/impl/XMLScanner scanCharReferenceValue (Lcom/sun/org/apache/xerces/internal/util/XMLStringBuffer;Lcom/sun/org/apache/xerces/internal/util/XMLStringBuffer;)I 0 0 1 0 -1
ciMethod com/sun/org/apache/xerces/internal/impl/XMLScanner isInvalid (I)Z 0 0 1 0 -1
ciMethod com/sun/org/apache/xerces/internal/impl/XMLScanner isInvalidLiteral (I)Z 0 0 2087 0 0
ciMethod com/sun/org/apache/xerces/internal/impl/XMLScanner isValidNameChar (I)Z 0 0 1 0 -1
ciMethod com/sun/org/apache/xerces/internal/impl/XMLScanner isValidNCName (I)Z 0 0 1 0 -1
ciMethod com/sun/org/apache/xerces/internal/impl/XMLScanner isValidNameStartChar (I)Z 4097 1 7217 0 0
ciMethod com/sun/org/apache/xerces/internal/impl/XMLScanner isValidNameStartHighSurrogate (I)Z 25 1 131 0 0
ciMethod com/sun/org/apache/xerces/internal/impl/XMLScanner scanSurrogates (Lcom/sun/org/apache/xerces/internal/util/XMLStringBuffer;)Z 0 0 1 0 -1
ciMethod com/sun/org/apache/xerces/internal/impl/XMLScanner reportFatalError (Ljava/lang/String;[Ljava/lang/Object;)V 0 0 1 0 0
ciMethod com/sun/org/apache/xerces/internal/xni/XMLString setValues ([CII)V 1809 1 16162 0 0
ciMethod com/sun/org/apache/xerces/internal/xni/XMLString append (C)V 0 0 1 0 0
ciMethod com/sun/org/apache/xerces/internal/xni/XMLString append (Ljava/lang/String;)V 0 0 1 0 -1
ciMethod com/sun/org/apache/xerces/internal/xni/XMLString append ([CII)V 56601 1 5012 0 0
ciMethod com/sun/org/apache/xerces/internal/xni/XMLString append (Lcom/sun/org/apache/xerces/internal/xni/XMLString;)V 2241 1 2725 0 0
ciMethod com/sun/org/apache/xerces/internal/util/XMLStringBuffer clear ()V 4209 1 39767 0 0
ciMethod com/sun/org/apache/xerces/internal/impl/XMLDocumentFragmentScannerImpl$ElementStack getNext ()Lcom/sun/org/apache/xerces/internal/xni/QName; 0 0 1 0 -1
ciMethod com/sun/org/apache/xerces/internal/impl/XMLDocumentFragmentScannerImpl$ElementStack push ()V 0 0 1 0 -1
ciMethod com/sun/org/apache/xerces/internal/impl/XMLDocumentFragmentScannerImpl$ElementStack matchElement (Lcom/sun/org/apache/xerces/internal/xni/QName;)Z 0 0 1 0 -1
ciMethod com/sun/org/apache/xerces/internal/impl/XMLDocumentFragmentScannerImpl$ElementStack nextElement ()Lcom/sun/org/apache/xerces/internal/xni/QName; 4097 1 20366 0 -1
ciMethod com/sun/org/apache/xerces/internal/impl/XMLDocumentFragmentScannerImpl$ElementStack popElement ()Lcom/sun/org/apache/xerces/internal/xni/QName; 4097 1 20275 0 0
ciMethod com/sun/org/apache/xerces/internal/impl/XMLDocumentFragmentScannerImpl$ElementStack reposition ()V 0 0 1 0 -1
ciMethod com/sun/org/apache/xerces/internal/xni/QName setValues (Ljava/lang/String;Ljava/lang/String;Ljava/lang/String;Ljava/lang/String;)V 4097 1 12640 0 -1
ciMethod com/sun/org/apache/xerces/internal/impl/XMLNSDocumentScannerImpl$NSContentDriver scanRootElementHook ()Z 169 1 15 0 0
ciMethod com/sun/org/apache/xerces/internal/impl/XMLNSDocumentScannerImpl$NSContentDriver reconfigurePipeline ()V 169 1 15 0 -1
ciMethod com/sun/org/apache/xerces/internal/impl/XMLDocumentScannerImpl$ContentDriver elementDepthIsZeroHook ()Z 177 1 15 0 0
ciMethod com/sun/org/apache/xerces/internal/impl/XMLDocumentFragmentScannerImpl$FragmentContentDriver startOfMarkup ()V 409 1 255 0 0
ciMethod com/sun/org/apache/xerces/internal/impl/XMLDocumentFragmentScannerImpl$FragmentContentDriver endOfFileHook (Ljava/io/EOFException;)V 0 0 1 0 -1
ciMethod com/sun/org/apache/xerces/internal/util/XMLAttributesIteratorImpl removeAllAttributes ()V 4097 1 20366 0 -1
ciMethod com/sun/org/apache/xerces/internal/util/XMLAttributesImpl getName (ILcom/sun/org/apache/xerces/internal/xni/QName;)V 1857 1 10304 0 -1
ciMethod com/sun/org/apache/xerces/internal/util/XMLAttributesImpl getLength ()I 2297 1 287 0 -1
ciMethod com/sun/org/apache/xerces/internal/util/XMLAttributesImpl checkDuplicatesNS ()Lcom/sun/org/apache/xerces/internal/xni/QName; 81 281 159 0 -1
ciMethod com/sun/org/apache/xerces/internal/util/XMLAttributesImpl setURI (ILjava/lang/String;)V 321 1 782 0 -1
ciMethod com/sun/org/apache/xerces/internal/xni/NamespaceContext pushContext ()V 0 0 1 0 -1
ciMethod com/sun/org/apache/xerces/internal/xni/NamespaceContext getURI (Ljava/lang/String;)Ljava/lang/String; 0 0 1 0 -1
ciMethod com/sun/org/apache/xerces/internal/xni/NamespaceContext getDeclaredPrefixCount ()I 0 0 1 0 -1
ciMethod com/sun/org/apache/xerces/internal/xni/NamespaceContext getDeclaredPrefixAt (I)Ljava/lang/String; 0 0 1 0 -1
ciMethod com/sun/org/apache/xerces/internal/util/NamespaceSupport getDeclaredPrefixCount ()I 4097 1 39712 0 0
ciMethod com/sun/org/apache/xerces/internal/util/NamespaceSupport getDeclaredPrefixAt (I)Ljava/lang/String; 89 1 72 0 0
ciMethodData com/sun/org/apache/xerces/internal/impl/XMLScanner isValidNameStartChar (I)Z 2 7221 orig 80 0 2 0 0 0 0 0 0 0 0 0 0 0 0 0 0 0 0 0 0 0 0 0 0 0 0 0 0 0 0 0 0 0 0 0 0 0 0 0 0 0 0 0 0 0 0 0 0 0 0 0 0 0 0 0 0 0 0 0 0 0 0 0 0 0 0 0 0 0 0 0 0 0 0 0 0 0 0 0 0 data 12 0x10002 0x1a35 0x0 0x0 0x0 0x0 0x0 0x0 0x9 0x2 0x0 0x0 oops 0 methods 0
ciMethod com/sun/org/apache/xerces/internal/util/XMLChar supplemental (CC)I 0 0 1 0 -1
ciMethod com/sun/org/apache/xerces/internal/util/XMLChar isHighSurrogate (I)Z 0 0 1 0 -1
ciMethod com/sun/org/apache/xerces/internal/util/XMLChar isLowSurrogate (I)Z 0 0 1 0 -1
ciMethod com/sun/org/apache/xerces/internal/util/XMLChar isValid (I)Z 3233 1 11593 0 0
ciMethod com/sun/org/apache/xerces/internal/util/XMLChar isInvalid (I)Z 3233 1 11593 0 0
ciMethod com/sun/org/apache/xerces/internal/util/XMLChar isContent (I)Z 2857 1 332917 0 128
ciMethod com/sun/org/apache/xerces/internal/util/XMLChar isSpace (I)Z 3169 1 37762 0 -1
ciMethod com/sun/org/apache/xerces/internal/util/XMLChar isNameStart (I)Z 3257 1 40486 0 0
ciMethodData com/sun/org/apache/xerces/internal/util/XMLChar isContent (I)Z 2 332917 orig 80 101 1 0 0 0 0 0 0 0 0 0 0 0 0 0 0 0 0 0 0 0 0 0 0 0 0 0 0 0 0 0 0 0 0 0 0 0 0 0 0 0 0 0 0 0 0 0 0 0 0 0 0 0 0 0 0 0 0 0 0 0 0 0 0 0 0 0 0 0 0 0 0 0 0 0 0 0 0 0 0 data 26 0x30007 0x0 0x40 0x51310 0xe0007 0x4f11f 0x60 0x21f1 0x140007 0x21f1 0x58 0x0 0x1a0007 0x0 0x38 0x0 0x1e0003 0x4f11f 0x18 0x0 0x0 0x0 0x0 0x9 0x1 0x0 oops 0 methods 0
ciMethodData com/sun/org/apache/xerces/internal/impl/XMLEntityScanner checkEntityLimit (Lcom/sun/org/apache/xerces/internal/impl/XMLScanner$NameType;Lcom/sun/xml/internal/stream/Entity$ScannedEntity;II)V 2 6862 orig 80 203 1 0 0 0 0 0 0 0 0 0 0 0 0 0 0 0 0 0 0 0 0 0 0 0 0 0 0 0 0 0 0 0 0 0 0 0 0 0 0 0 0 0 0 0 0 0 0 0 0 0 0 0 0 0 0 0 0 0 0 0 0 0 0 0 0 0 0 0 0 0 0 0 0 0 0 0 0 0 0 data 47 0x10007 0x0 0x40 0x1902 0x80007 0x0 0x20 0x1902 0x100007 0x0 0x58 0x0 0x1b0005 0x0 0x0 0x0 0x0 0x0 0x0 0x220007 0x0 0x40 0x0 0x290007 0x0 0x58 0x0 0x2e0005 0x0 0x0 0x0 0x0 0x0 0x0 0x0 0x0 0x0 0x0 0x0 0x0 0x9 0x5 0xffffffffffffffff 0x0 0xffffffffffffffff 0x0 0x0 oops 0 methods 0
ciMethodData com/sun/org/apache/xerces/internal/impl/XMLEntityScanner checkLimit (Lcom/sun/org/apache/xerces/internal/utils/XMLSecurityManager$Limit;Lcom/sun/xml/internal/stream/Entity$ScannedEntity;II)V 2 13948 orig 80 80 0 0 0 0 0 0 0 0 0 0 0 0 0 0 0 0 0 0 0 0 0 0 0 0 0 0 0 0 0 0 0 0 0 0 0 0 0 0 0 0 0 0 0 0 0 0 0 0 0 0 0 0 0 0 0 0 0 0 0 0 0 0 0 0 0 0 0 0 0 0 0 0 0 0 0 0 0 0 0 data 239 0xb0005 0x362b 0x0 0x0 0x0 0x0 0x0 0x170005 0x362b 0x0 0x0 0x0 0x0 0x0 0x1a0007 0x362b 0x418 0x0 0x250005 0x0 0x0 0x0 0x0 0x0 0x0 0x2c0007 0x0 0x1a8 0x0 0x3a0005 0x0 0x0 0x0 0x0 0x0 0x0 0x3d0002 0x0 0x400004 0x0 0x0 0x0 0x0 0x0 0x0 0x480005 0x0 0x0 0x0 0x0 0x0 0x0 0x4b0002 0x0 0x4e0004 0x0 0x0 0x0 0x0 0x0 0x0 0x560005 0x0 0x0 0x0 0x0 0x0 0x0 0x590004 0x0 0x0 0x0 0x0 0x0 0x0 0x5a0003 0x0 0x1c0 0x670004 0x0 0x0 0x0 0x0 0x0 0x0 0x6f0005 0x0 0x0 0x0 0x0 0x0 0x0 0x720002 0x0 0x750004 0x0 0x0 0x0 0x0 0x0 0x0 0x7d0005 0x0 0x0 0x0 0x0 0x0 0x0 0x800002 0x0 0x830004 0x0 0x0 0x0 0x0 0x0 0x0 0x8b0005 0x0 0x0 0x0 0x0 0x0 0x0 0x8e0004 0x0 0x0 0x0 0x0 0x0 0x0 0x980005 0x0 0x0 0x0 0x0 0x0 0x0 0x9e0005 0x0 0x0 0x0 0x0 0x0 0x0 0xad0005 0x362b 0x0 0x0 0x0 0x0 0x0 0xb00007 0x362b 0x200 0x0 0xbb0005 0x0 0x0 0x0 0x0 0x0 0x0 0xd30005 0x0 0x0 0x0 0x0 0x0 0x0 0xd60002 0x0 0xd90004 0x0 0x0 0x0 0x0 0x0 0x0 0xe30005 0x0 0x0 0x0 0x0 0x0 0x0 0xe60002 0x0 0xe90004 0x0 0x0 0x0 0x0 0x0 0x0 0xf30005 0x0 0x0 0x0 0x0 0x0 0x0 0xf60004 0x0 0x0 0x0 0x0 0x0 0x0 0xf80005 0x0 0x0 0x0 0x0 0x0 0x0 0x0 0x0 0x0 0x0 0x0 0x0 0x0 0x0 0x0 0x0 0x0 0x0 0x0 0x0 0x0 0x0 0x9 0x5 0x0 0x0 0x0 0x0 0x0 oops 0 methods 0
ciMethodData com/sun/org/apache/xerces/internal/impl/XMLEntityScanner checkNodeCount (Lcom/sun/xml/internal/stream/Entity$ScannedEntity;)V 2 40534 orig 80 24 0 0 0 0 0 0 0 0 0 0 0 0 0 0 0 0 0 0 0 0 0 0 0 0 0 0 0 0 0 0 0 0 0 0 0 0 0 0 0 0 0 0 0 0 0 0 0 0 0 0 0 0 0 0 0 0 0 0 0 0 0 0 0 0 0 0 0 0 0 0 0 0 0 0 0 0 0 0 0 data 25 0x10007 0x0 0x78 0x9e3d 0x80007 0x9e3d 0x58 0x0 0x120005 0x0 0x0 0x0 0x0 0x0 0x0 0x0 0x0 0x0 0x0 0x0 0x0 0x9 0x2 0xffffffffffffffff 0xffffffffffffffff oops 0 methods 0
ciMethodData com/sun/org/apache/xerces/internal/impl/XMLEntityScanner invokeListeners (I)V 1 435 orig 80 1 0 0 0 0 0 0 0 0 0 0 0 0 0 0 0 0 0 0 0 0 0 0 0 0 0 0 0 0 0 0 0 0 0 0 0 0 0 0 0 0 0 0 0 0 0 0 0 0 0 0 0 0 0 0 0 0 0 0 0 0 0 0 0 0 0 0 0 0 0 0 0 0 0 0 0 0 0 0 0 data 45 0x70005 0x0 0x0 0x1d503cfe750 0x201 0x0 0x0 0xa0007 0x10a 0xe0 0xf7 0x120005 0x0 0x0 0x1d503cfe750 0xf7 0x0 0x0 0x150004 0x0 0x0 0x1d504b90c50 0xa 0x1d504b90d00 0xed 0x190005 0x0 0x0 0x1d504b90c50 0xa 0x1d504b90d00 0xed 0x210003 0xf7 0xffffffffffffff00 0x0 0x0 0x0 0x0 0x0 0x0 0x9 0x2 0x0 0x0 oops 6 3 java/util/ArrayList 14 java/util/ArrayList 21 com/sun/org/apache/xerces/internal/impl/XMLDocumentScannerImpl 23 com/sun/org/apache/xerces/internal/impl/XMLNSDocumentScannerImpl 28 com/sun/org/apache/xerces/internal/impl/XMLDocumentScannerImpl 30 com/sun/org/apache/xerces/internal/impl/XMLNSDocumentScannerImpl methods 0
ciMethodData com/sun/org/apache/xerces/internal/impl/XMLEntityScanner skipSpaces ()Z 2 33136 orig 80 37 1 0 0 1 0 0 0 0 0 0 0 0 0 0 0 0 0 0 0 0 0 0 0 0 0 0 0 0 0 0 0 0 0 0 0 0 0 1 0 0 0 0 0 0 0 0 0 0 0 0 0 0 0 0 0 0 0 0 0 0 0 0 0 0 0 0 0 0 0 0 0 0 0 0 0 0 0 0 0 data 143 0xe0007 0x803c 0x58 0xd 0x150005 0xd 0x0 0x0 0x0 0x0 0x0 0x1d0007 0x8049 0x20 0x0 0x400002 0x8049 0x430007 0x6ed1 0x2e0 0x1178 0x4b0007 0x13 0x60 0x1166 0x520007 0x0 0x1a0 0x1166 0x580007 0x1166 0x180 0x0 0x800007 0xd 0xe8 0x6 0x850005 0x0 0x0 0x1d504b90ba0 0x6 0x0 0x0 0x970005 0x6 0x0 0x0 0x0 0x0 0x0 0x9c0007 0x0 0x38 0x0 0xa70003 0x0 0x38 0xae0007 0x0 0x20 0x0 0xb60007 0xd 0x78 0x0 0xbd0007 0x0 0x58 0x0 0xd80007 0x0 0x38 0x0 0xe80003 0x0 0x18 0x10e0005 0x0 0x0 0x1d504b90ba0 0x1173 0x0 0x0 0x11d0007 0x0 0x20 0x1173 0x80000006013b0007 0x1173 0x78 0x1 0x1420005 0x1 0x0 0x0 0x0 0x0 0x0 0x14a0007 0x1 0x20 0x0 0x1600002 0x1174 0x1630007 0x1 0xfffffffffffffd60 0x1173 0x0 0x0 0x0 0x0 0x0 0x0 0x0 0x0 0x0 0x0 0x0 0x0 0x0 0x0 0x0 0x0 0x0 0x0 0x0 0x0 0x0 0x0 0x0 0x0 0x0 0x0 0x0 0x0 0x0 0x0 0x0 0x9 0x1 0x0 oops 2 40 com/sun/org/apache/xerces/internal/impl/XMLEntityScanner 80 com/sun/org/apache/xerces/internal/impl/XMLEntityScanner methods 0
ciMethodData com/sun/org/apache/xerces/internal/impl/XMLEntityScanner load (IZZ)Z 1 423 orig 80 2 0 0 0 0 0 0 0 0 0 0 0 0 0 0 0 0 0 0 0 0 0 0 0 0 0 0 0 0 0 0 0 0 0 0 0 0 0 0 0 0 0 0 0 0 0 0 0 0 0 0 0 0 0 0 0 0 0 0 0 0 0 0 0 0 0 0 0 0 0 0 0 0 0 0 0 0 0 0 0 data 84 0x10007 0x48 0x58 0xc1 0x60005 0x0 0x0 0x1d504b90ba0 0xc1 0x0 0x0 0x320007 0xbf 0x40 0x4a 0x390007 0x0 0x20 0x4a 0x510005 0x0 0x0 0x1d503a10dc0 0xa 0x1d503a10e70 0xff 0x5c0007 0xa 0x58 0xff 0x610007 0x0 0x108 0xff 0x800003 0xff 0xe8 0x970007 0x0 0xd0 0xa 0x9e0005 0x0 0x0 0x1d503b11ca0 0xa 0x0 0x0 0xa50007 0x0 0x20 0xa 0xba0007 0x0 0x58 0x0 0xc10005 0x0 0x0 0x0 0x0 0x0 0x0 0x0 0x0 0x0 0x0 0x0 0x0 0x0 0x0 0x0 0x0 0x0 0x0 0x0 0x0 0x0 0x9 0x4 0x0 0x0 0x0 0x0 oops 4 7 com/sun/org/apache/xerces/internal/impl/XMLEntityScanner 22 java/io/InputStreamReader 24 com/sun/org/apache/xerces/internal/impl/io/UTF8Reader 44 com/sun/org/apache/xerces/internal/impl/XMLEntityManager methods 0
ciMethodData com/sun/org/apache/xerces/internal/impl/XMLEntityScanner peekChar ()I 2 17234 orig 80 190 1 0 0 0 0 0 0 0 0 0 0 0 0 0 0 0 0 0 0 0 0 0 0 0 0 0 0 0 0 0 0 0 0 0 0 0 0 0 0 0 0 0 0 0 0 0 0 0 0 0 0 0 0 0 0 0 0 0 0 0 0 0 0 0 0 0 0 0 0 0 0 0 0 0 0 0 0 0 0 data 31 0xe0007 0x4192 0x58 0x2 0x150005 0x2 0x0 0x0 0x0 0x0 0x0 0x2d0007 0x0 0x58 0x4194 0x330007 0x0 0x38 0x4194 0x370003 0x4194 0x18 0x0 0x0 0x0 0x0 0x0 0x0 0x9 0x1 0xffffffffffffffff oops 0 methods 0
ciMethodData com/sun/org/apache/xerces/internal/util/XMLChar isNameStart (I)Z 2 40573 orig 80 151 1 0 0 0 0 0 0 0 0 0 0 0 0 0 0 0 0 0 0 0 0 0 0 0 0 0 0 0 0 0 0 0 0 0 0 0 0 0 0 0 0 0 0 0 0 0 0 0 0 0 0 0 0 0 0 0 0 0 0 0 0 0 0 0 0 0 0 0 0 0 0 0 0 0 0 0 0 0 0 data 18 0x30007 0x0 0x58 0x9ce5 0xd0007 0x103 0x38 0x9be2 0x110003 0x9be2 0x18 0x0 0x0 0x0 0x0 0x9 0x1 0x0 oops 0 methods 0
ciMethodData com/sun/org/apache/xerces/internal/impl/XMLEntityScanner normalizeNewlines (SLcom/sun/org/apache/xerces/internal/xni/XMLString;ZZLcom/sun/org/apache/xerces/internal/impl/XMLScanner$NameType;)Z 2 46163 orig 80 225 0 0 0 0 0 0 0 0 0 0 0 0 0 0 0 0 0 0 0 0 0 0 0 0 0 0 0 0 0 0 0 0 0 0 0 0 0 0 0 0 0 0 0 0 0 0 0 0 0 0 0 0 0 0 0 0 0 0 0 0 0 0 0 0 0 0 0 0 0 0 0 0 0 0 0 0 0 0 0 data 193 0x270007 0x54c6 0xc0 0x36d6 0x2e0007 0x0 0xa0 0x36d6 0x330007 0x36d6 0x460 0x0 0x3b0007 0x0 0x40 0x0 0x430007 0x0 0x420 0x0 0x4a0007 0x0 0x400 0x0 0x690007 0x59ed 0xa0 0x54c5 0x700007 0x0 0x80 0x54c5 0x750007 0x54c5 0x1d8 0x0 0x7d0007 0x0 0x40 0x0 0x850007 0x0 0x198 0x0 0xb50007 0x59ed 0xc8 0x0 0xc70005 0x0 0x0 0x0 0x0 0x0 0x0 0xe10005 0x0 0x0 0x0 0x0 0x0 0x0 0xe40007 0x0 0x38 0x0 0xec0003 0x0 0x100 0xf30007 0x59ed 0xc8 0x0 0x10b0007 0x0 0x60 0x0 0x1100007 0x0 0x58 0x0 0x1180007 0x0 0x38 0x0 0x1320003 0x0 0x18 0x13f0003 0x0 0x30 0x14f0003 0x54c5 0x38 0x1620007 0x59ec 0xfffffffffffffdd0 0x1 0x1740007 0x54c6 0x90 0x59ed 0x1850007 0x59ed 0x58 0x0 0x18b0005 0x0 0x0 0x0 0x0 0x0 0x0 0x1910003 0x59ed 0xffffffffffffff88 0x1b20007 0x54c5 0x100 0x1 0x1c20005 0x0 0x0 0x1d504b90ba0 0x1 0x0 0x0 0x1c60007 0x1 0x70 0x0 0x1d70005 0x0 0x0 0x0 0x0 0x0 0x0 0x1da0003 0x0 0x50 0x1eb0005 0x0 0x0 0x1d504d483b0 0x1 0x0 0x0 0x0 0x0 0x0 0x0 0x0 0x0 0x0 0x0 0x0 0x0 0x0 0x0 0x0 0x0 0x0 0x0 0x0 0x0 0x0 0x0 0x0 0x0 0x0 0x0 0x0 0x0 0x0 0x0 0x0 0x0 0x0 0x0 0x0 0x0 0x0 0x0 0x0 0x9 0x6 0x0 0x0 0x0 0x0 0x0 0x0 oops 2 123 com/sun/org/apache/xerces/internal/impl/XMLEntityScanner 144 com/sun/org/apache/xerces/internal/xni/XMLString methods 0
ciMethodData com/sun/org/apache/xerces/internal/xni/XMLString setValues ([CII)V 2 16162 orig 80 226 0 0 0 0 0 0 0 0 0 0 0 0 0 0 0 0 0 0 0 0 0 0 0 0 0 0 0 0 0 0 0 0 0 0 0 0 0 0 0 0 0 0 0 0 0 0 0 0 0 0 0 0 0 0 0 0 0 0 0 0 0 0 0 0 0 0 0 0 0 0 0 0 0 0 0 0 0 0 0 data 10 0x0 0x0 0x0 0x0 0x9 0x4 0x0 0x0 0x0 0x0 oops 0 methods 0
ciMethodData com/sun/org/apache/xerces/internal/impl/XMLEntityScanner scanChar (Lcom/sun/org/apache/xerces/internal/impl/XMLScanner$NameType;)I 2 31876 orig 80 0 2 0 0 0 0 0 0 0 0 0 0 0 0 0 0 0 0 0 0 0 0 0 0 0 0 0 0 0 0 0 0 0 0 0 0 0 0 0 0 0 0 0 0 0 0 0 0 0 0 0 0 0 0 0 0 0 0 0 0 0 0 0 0 0 0 0 0 0 0 0 0 0 0 0 0 0 0 0 0 data 96 0xe0007 0x7a84 0x58 0x0 0x150005 0x0 0x0 0x0 0x0 0x0 0x0 0x3e0007 0x0 0x60 0x7a84 0x440007 0x7a84 0x150 0x0 0x4b0007 0x0 0x130 0x0 0x710007 0x0 0x90 0x0 0x760005 0x0 0x0 0x0 0x0 0x0 0x0 0x880005 0x0 0x0 0x0 0x0 0x0 0x0 0x940007 0x0 0x80 0x0 0x9b0007 0x0 0x60 0x0 0xac0007 0x0 0x40 0x0 0xc70007 0x0 0x20 0x0 0xeb0007 0x48 0x58 0x7a3c 0x1040005 0x0 0x0 0x1d504b90ba0 0x7a3c 0x0 0x0 0x0 0x0 0x0 0x0 0x0 0x0 0x0 0x0 0x0 0x0 0x0 0x0 0x0 0x0 0x0 0x0 0x0 0x0 0x0 0x0 0x0 0x0 0x0 0x0 0x9 0x2 0x0 0x0 oops 1 64 com/sun/org/apache/xerces/internal/impl/XMLEntityScanner methods 0
ciMethodData com/sun/org/apache/xerces/internal/impl/XMLEntityScanner skipChar (ILcom/sun/org/apache/xerces/internal/impl/XMLScanner$NameType;)Z 2 14235 orig 80 0 2 0 0 0 0 0 0 0 0 0 0 0 0 0 0 0 0 0 0 0 0 0 0 0 0 0 0 0 0 0 0 0 0 0 0 0 0 0 0 0 0 0 0 0 0 0 0 0 0 0 0 0 0 0 0 0 0 0 0 0 0 0 0 0 0 0 0 0 0 0 0 0 0 0 0 0 0 0 0 data 47 0xe0007 0x3592 0x58 0x9 0x150005 0x9 0x0 0x0 0x0 0x0 0x0 0x360007 0xa4e 0x90 0x2b4d 0x490007 0x2b4d 0x38 0x0 0x610003 0x0 0x18 0x870005 0x0 0x0 0x1d504b90ba0 0x2b4d 0x0 0x0 0x0 0x0 0x0 0x0 0x0 0x0 0x0 0x0 0x0 0x0 0x0 0x0 0x0 0x9 0x3 0x0 0x0 0x0 oops 1 25 com/sun/org/apache/xerces/internal/impl/XMLEntityScanner methods 0
ciMethodData com/sun/org/apache/xerces/internal/impl/XMLErrorReporter reportError (Lcom/sun/org/apache/xerces/internal/xni/XMLLocator;Ljava/lang/String;Ljava/lang/String;[Ljava/lang/Object;S)Ljava/lang/String; 1 0 orig 80 0 0 0 0 0 0 0 0 0 0 0 0 0 0 0 0 0 0 0 0 0 0 0 0 0 0 0 0 0 0 0 0 0 0 0 0 0 0 0 0 0 0 0 0 0 0 0 0 0 0 0 0 0 0 0 0 0 0 0 0 0 0 0 0 0 0 0 0 0 0 0 0 0 0 0 0 0 0 0 0 data 21 0x90005 0x0 0x0 0x0 0x0 0x0 0x0 0x0 0x0 0x0 0x0 0x0 0x0 0x9 0x6 0xffffffffffffffff 0xffffffffffffffff 0xffffffffffffffff 0xffffffffffffffff 0xffffffffffffffff 0x0 oops 0 methods 0
ciMethodData com/sun/org/apache/xerces/internal/impl/XMLErrorReporter reportError (Lcom/sun/org/apache/xerces/internal/xni/XMLLocator;Ljava/lang/String;Ljava/lang/String;[Ljava/lang/Object;SLjava/lang/Exception;)Ljava/lang/String; 1 0 orig 80 0 0 0 0 0 0 0 0 0 0 0 0 0 0 0 0 0 0 0 0 0 0 0 0 0 0 0 0 0 0 0 0 0 0 0 0 0 0 0 0 0 0 0 0 0 0 0 0 0 0 0 0 0 0 0 0 0 0 0 0 0 0 0 0 0 0 0 0 0 0 0 0 0 0 0 0 0 0 0 0 data 171 0x20005 0x0 0x0 0x0 0x0 0x0 0x0 0x90007 0x0 0x70 0x0 0x150005 0x0 0x0 0x0 0x0 0x0 0x0 0x1c0003 0x0 0x260 0x230002 0x0 0x2b0005 0x0 0x0 0x0 0x0 0x0 0x0 0x330005 0x0 0x0 0x0 0x0 0x0 0x0 0x3a0005 0x0 0x0 0x0 0x0 0x0 0x0 0x400007 0x0 0x38 0x0 0x460003 0x0 0x18 0x4e0007 0x0 0x120 0x0 0x550005 0x0 0x0 0x0 0x0 0x0 0x0 0x600007 0x0 0xc8 0x0 0x6a0005 0x0 0x0 0x0 0x0 0x0 0x0 0x740007 0x0 0x58 0x0 0x7b0005 0x0 0x0 0x0 0x0 0x0 0x0 0x820003 0x0 0xffffffffffffff50 0x870005 0x0 0x0 0x0 0x0 0x0 0x0 0x8e0007 0x0 0x48 0x0 0x9a0002 0x0 0x9d0003 0x0 0x28 0xa70002 0x0 0xb40007 0x0 0x50 0x0 0xbb0007 0x0 0x30 0x0 0xc30002 0x0 0xd10008 0x8 0x0 0x148 0x0 0x50 0x0 0xa0 0x0 0xf0 0xf20005 0x0 0x0 0x0 0x0 0x0 0x0 0xf70003 0x0 0xc0 0x1000005 0x0 0x0 0x0 0x0 0x0 0x0 0x1050003 0x0 0x70 0x10e0005 0x0 0x0 0x0 0x0 0x0 0x0 0x1170007 0x0 0x20 0x0 0x0 0x0 0x0 0x0 0x0 0x0 0x9 0x7 0x0 0x0 0x0 0x0 0x0 0x0 0x0 oops 0 methods 0
ciMethodData com/sun/org/apache/xerces/internal/impl/XMLDocumentFragmentScannerImpl$FragmentContentDriver next ()I 2 79966 orig 80 0 2 0 0 0 0 0 0 0 0 0 0 0 0 0 0 0 0 0 0 0 0 0 0 0 0 0 0 0 0 0 0 0 0 0 0 0 0 0 0 0 0 0 0 0 0 0 0 0 0 0 0 0 0 0 0 0 0 0 0 0 0 0 0 0 0 0 0 0 0 0 0 0 0 0 0 0 0 0 0 data 1322 0x90007 0x9b02 0x1e0 0x9b5c 0x130005 0x0 0x0 0x1d504b90ba0 0x9b5c 0x0 0x0 0x1a0007 0x9a65 0xa8 0xf7 0x250005 0x0 0x0 0x1d504b90ba0 0xf7 0x0 0x0 0x2f0005 0xf7 0x0 0x0 0x0 0x0 0x0 0x320003 0xf7 0xf8 0x380007 0x9a65 0xa8 0x0 0x450005 0x0 0x0 0x0 0x0 0x0 0x0 0x4f0005 0x0 0x0 0x0 0x0 0x0 0x0 0x520003 0x0 0x50 0x5b0005 0x9a65 0x0 0x0 0x0 0x0 0x0 0x670007 0x13562 0x58 0xfc 0x6b0005 0xfc 0x0 0x0 0x0 0x0 0x0 0x750007 0x1365e 0x140 0x0 0x870007 0x0 0x80 0x0 0x930007 0x0 0x100 0x0 0x9f0007 0x0 0xe0 0x0 0xab0007 0x0 0xc0 0x0 0xbf0007 0x0 0x40 0x0 0xc90007 0x0 0x80 0x0 0xd50007 0x0 0x60 0x0 0xe10007 0x0 0x40 0x0 0xed0007 0x0 0x20 0x0 0x1090008 0x46 0x0 0x1ec0 0x0 0x240 0x0 0x1ec0 0x0 0x1ec0 0x0 0x1ec0 0x0 0x1ec0 0x0 0x1ec0 0x0 0x1ec0 0x0 0x1ec0 0x0 0x1ec0 0x0 0x1ec0 0x0 0x1ec0 0x0 0x1ec0 0x0 0x1ec0 0x0 0x1ec0 0x0 0x1ec0 0x0 0x1ec0 0x0 0x11f0 0x0 0x1ec0 0x0 0x1ec0 0xe 0x1d88 0x5 0x1180 0x0 0x14a0 0x0 0x1ec0 0x0 0x1ec0 0x0 0x1ec0 0x0 0x1ec0 0x0 0x1ec0 0x0 0x1ec0 0x0 0x1298 0x0 0x1898 0x9a65 0x320 0x4dec 0x240 0x4dfa 0xfb0 0x0 0x1e18 0x1ab0005 0x0 0x0 0x1d504b90c50 0x154 0x1d504b90d00 0x4c98 0x1b80007 0x44d8 0x70 0x914 0x1c10005 0x914 0x0 0x0 0x0 0x0 0x0 0x1c40003 0x914 0x50 0x1cd0005 0x44d8 0x0 0x0 0x0 0x0 0x0 0x1dd0007 0x0 0x60 0x9a65 0x1e70007 0x0 0x40 0x9a65 0x1f10007 0x9a65 0x38 0x0 0x1f50003 0x0 0x18 0x2030007 0x9a65 0x98 0x0 0x20d0007 0x0 0x60 0x0 0x2170007 0x0 0x40 0x0 0x2210007 0x0 0x38 0x0 0x2440003 0x0 0x50 0x24e0005 0x0 0x0 0x1d504b90db0 0x9a65 0x0 0x0 0x26a0005 0x0 0x0 0x1d504b90ba0 0x9a65 0x0 0x0 0x2780005 0x0 0x0 0x1d504b90ba0 0x9a65 0x0 0x0 0x27b0007 0x886 0x2f8 0x91df 0x28a0005 0x0 0x0 0x1d504b90ba0 0x91df 0x0 0x0 0x28d0007 0x4de2 0x70 0x43fd 0x2ab0005 0x43fd 0x0 0x0 0x0 0x0 0x0 0x2ae0003 0x43fd 0x178 0x2b80005 0x0 0x0 0x1d504b90ba0 0x4de2 0x0 0x0 0x2bb0002 0x4de2 0x2be0007 0x5 0x70 0x4ddd 0x2dc0005 0x4ddd 0x0 0x0 0x0 0x0 0x0 0x2df0003 0x4ddd 0xc0 0x2e80005 0x5 0x0 0x0 0x0 0x0 0x0 0x2f20007 0x5 0x70 0x0 0x3010005 0x0 0x0 0x0 0x0 0x0 0x0 0x3040003 0x0 0xfffffffffffff5a0 0x30e0007 0x91cb 0x58 0x14 0x3150005 0x14 0x0 0x0 0x0 0x0 0x0 0x31f0007 0x91df 0x78 0x0 0x3300005 0x0 0x0 0x0 0x0 0x0 0x0 0x3330007 0x0 0x20 0x0 0x33f0005 0x886 0x0 0x0 0x0 0x0 0x0 0x3450007 0x886 0xa8 0x0 0x3500005 0x0 0x0 0x0 0x0 0x0 0x0 0x3650005 0x0 0x0 0x0 0x0 0x0 0x0 0x36a0003 0x0 0x270 0x3700007 0x886 0x258 0x0 0x38a0005 0x0 0x0 0x0 0x0 0x0 0x0 0x38e0005 0x0 0x0 0x0 0x0 0x0 0x0 0x3a30005 0x0 0x0 0x0 0x0 0x0 0x0 0x3a60007 0x0 0x190 0x0 0x3b20005 0x0 0x0 0x0 0x0 0x0 0x0 0x3bf0005 0x0 0x0 0x0 0x0 0x0 0x0 0x3c20007 0x0 0x70 0x0 0x3ce0005 0x0 0x0 0x0 0x0 0x0 0x0 0x3d10003 0x0 0xffffffffffffff70 0x3de0005 0x0 0x0 0x0 0x0 0x0 0x0 0x3e10007 0x0 0x58 0x0 0x3eb0005 0x0 0x0 0x0 0x0 0x0 0x0 0x3fb0007 0x886 0xa8 0x0 0x4060005 0x0 0x0 0x0 0x0 0x0 0x0 0x4100005 0x0 0x0 0x0 0x0 0x0 0x0 0x4130003 0x0 0x368 0x4190007 0x886 0xa8 0x0 0x4260005 0x0 0x0 0x0 0x0 0x0 0x0 0x4300005 0x0 0x0 0x0 0x0 0x0 0x0 0x4330003 0x0 0x2c0 0x4380007 0x5f 0x200 0x827 0x4400005 0x0 0x0 0x1d504b90d00 0x827 0x0 0x0 0x4430007 0x827 0x1a8 0x0 0x4470002 0x0 0x44a0007 0x0 0xa8 0x0 0x4580005 0x0 0x0 0x0 0x0 0x0 0x0 0x4620005 0x0 0x0 0x0 0x0 0x0 0x0 0x4650003 0x0 0x190 0x4770002 0x0 0x47a0004 0x0 0x0 0x0 0x0 0x0 0x0 0x47b0005 0x0 0x0 0x0 0x0 0x0 0x0 0x4860005 0x0 0x0 0x0 0x0 0x0 0x0 0x48a0003 0x0 0xc0 0x4980005 0x0 0x0 0x1d504b90d00 0x886 0x0 0x0 0x4a30007 0x0 0xfffffffffffffc78 0x886 0x4ac0005 0x886 0x0 0x0 0x0 0x0 0x0 0x4af0003 0x886 0x18 0x4b90007 0x886 0x38 0x0 0x4c40003 0x0 0xffffffffffffed68 0x4ce0007 0x886 0x78 0x0 0x4df0005 0x0 0x0 0x0 0x0 0x0 0x0 0x4e20007 0x0 0x20 0x0 0x4f10007 0x44e6 0xe8 0x914 0x5020005 0x914 0x0 0x0 0x0 0x0 0x0 0x50c0007 0x914 0x90 0x0 0x5100005 0x0 0x0 0x0 0x0 0x0 0x0 0x5130007 0x0 0x38 0x0 0x5170003 0x0 0x18 0x5200005 0x0 0x0 0x1d504b90c50 0x1 0x1d504b90d00 0x44e5 0x5230007 0x44d7 0x78 0xe 0x5270005 0x0 0x0 0x1d504b90e60 0x1 0x1d504b90f10 0xd 0x52a0007 0x0 0x20 0xe 0x5350005 0x44d7 0x0 0x0 0x0 0x0 0x0 0x53e0005 0x0 0x0 0x1d504b90c50 0x5 0x0 0x0 0x5470005 0x5 0x0 0x0 0x0 0x0 0x0 0x5530005 0x0 0x0 0x0 0x0 0x0 0x0 0x5610005 0x0 0x0 0x0 0x0 0x0 0x0 0x56a0005 0x0 0x0 0x0 0x0 0x0 0x0 0x5760007 0x0 0x98 0x0 0x5800007 0x0 0x60 0x0 0x58a0007 0x0 0x40 0x0 0x5940007 0x0 0x38 0x0 0x5af0003 0x0 0x50 0x5b90005 0x0 0x0 0x0 0x0 0x0 0x0 0x5d00005 0x0 0x0 0x0 0x0 0x0 0x0 0x5db0007 0x0 0x70 0x0 0x5e40005 0x0 0x0 0x0 0x0 0x0 0x0 0x5e70003 0x0 0x50 0x5f00005 0x0 0x0 0x0 0x0 0x0 0x0 0x5fa0007 0x0 0x38 0x0 0x6050003 0x0 0xffffffffffffe820 0x60f0007 0x0 0x20 0x0 0x6330007 0x0 0x98 0x0 0x63d0007 0x0 0x60 0x0 0x6470007 0x0 0x40 0x0 0x6510007 0x0 0x38 0x0 0x66c0003 0x0 0x50 0x6760005 0x0 0x0 0x0 0x0 0x0 0x0 0x68d0005 0x0 0x0 0x0 0x0 0x0 0x0 0x6900007 0x0 0xb0 0x0 0x69f0005 0x0 0x0 0x0 0x0 0x0 0x0 0x6b70007 0x0 0x248 0x0 0x6c00005 0x0 0x0 0x0 0x0 0x0 0x0 0x6d00005 0x0 0x0 0x0 0x0 0x0 0x0 0x6dc0007 0x0 0x98 0x0 0x6e60007 0x0 0x78 0x0 0x6ef0005 0x0 0x0 0x0 0x0 0x0 0x0 0x6f90007 0x0 0x20 0x0 0x7120007 0x0 0x38 0x0 0x71d0003 0x0 0xffffffffffffe540 0x7290007 0x0 0xe8 0x0 0x7320005 0x0 0x0 0x0 0x0 0x0 0x0 0x73c0007 0x0 0x90 0x0 0x74d0005 0x0 0x0 0x0 0x0 0x0 0x0 0x7500007 0x0 0x38 0x0 0x7530003 0x0 0xffffffffffffe458 0x75f0005 0x0 0x0 0x0 0x0 0x0 0x0 0x76a0003 0x0 0xffffffffffffe408 0x7760005 0x0 0x0 0x0 0x0 0x0 0x0 0x7790007 0x0 0x468 0x0 0x7940005 0x0 0x0 0x0 0x0 0x0 0x0 0x7970005 0x0 0x0 0x0 0x0 0x0 0x0 0x79a0007 0x0 0x3a0 0x0 0x7a40005 0x0 0x0 0x0 0x0 0x0 0x0 0x7b00005 0x0 0x0 0x0 0x0 0x0 0x0 0x7ba0007 0x0 0x138 0x0 0x7c80005 0x0 0x0 0x0 0x0 0x0 0x0 0x7cb0005 0x0 0x0 0x0 0x0 0x0 0x0 0x7ce0007 0x0 0x1c0 0x0 0x7e00005 0x0 0x0 0x0 0x0 0x0 0x0 0x7e40005 0x0 0x0 0x0 0x0 0x0 0x0 0x7e70003 0x0 0xffffffffffffff00 0x7f50005 0x0 0x0 0x0 0x0 0x0 0x0 0x7f80005 0x0 0x0 0x0 0x0 0x0 0x0 0x7fb0007 0x0 0xa8 0x0 0x80d0005 0x0 0x0 0x0 0x0 0x0 0x0 0x8110005 0x0 0x0 0x0 0x0 0x0 0x0 0x8140003 0x0 0xffffffffffffff00 0x83c0005 0x0 0x0 0x0 0x0 0x0 0x0 0x8470005 0x0 0x0 0x0 0x0 0x0 0x0 0x8560005 0x0 0x0 0x0 0x0 0x0 0x0 0x8590003 0x0 0x50 0x8610005 0x0 0x0 0x0 0x0 0x0 0x0 0x8780005 0x0 0x0 0x0 0x0 0x0 0x0 0x87b0003 0x0 0xffffffffffffdf18 0x87f0005 0x0 0x0 0x1d504b90f10 0xe 0x0 0x0 0x8820007 0xe 0x20 0x0 0x8950005 0xe 0x0 0x0 0x0 0x0 0x0 0x8a10005 0x0 0x0 0x0 0x0 0x0 0x0 0x8b00005 0x0 0x0 0x0 0x0 0x0 0x0 0x8c70005 0x0 0x0 0x0 0x0 0x0 0x0 0x8d7000a 0x0 0x1 0x1d563a473c0 0x8dc0002 0x0 0x8e90005 0x0 0x0 0x0 0x0 0x0 0x0 0x8ed0005 0x0 0x0 0x0 0x0 0x0 0x0 0x8f10005 0x0 0x0 0x0 0x0 0x0 0x0 0x8f60005 0x0 0x0 0x0 0x0 0x0 0x0 0x90b0005 0x0 0x0 0x0 0x0 0x0 0x0 0x9140005 0x0 0x0 0x0 0x0 0x0 0x0 0x0 0x0 0x0 0x0 0x0 0x0 0x0 0x0 0x0 0x0 0x0 0x0 0x0 0x0 0x0 0x0 0x0 0x0 0x0 0x0 0x0 0x0 0x0 0x0 0x0 0x0 0x0 0x0 0x0 0x0 0x0 0x0 0x0 0x0 0x0 0x0 0x0 0x0 0x0 0x0 0x0 0x0 0x0 0x0 0x0 0x0 0x0 0x0 0x0 0x0 0x0 0x0 0x0 0x0 0x0 0x0 0x0 0x0 0x0 0x0 0x0 0x0 0x0 0x0 0x0 0x0 0x0 0x0 0x0 0x0 0x0 0x0 0x0 0x0 0x0 0x0 0x0 0x0 0x0 0x0 0x0 0x0 0x0 0x0 0x0 0x0 0x0 0x0 0x0 0x0 0x0 0x0 0x0 0x0 0x0 0x0 0x0 0x0 0x0 0x0 0x0 0x0 0x0 0x0 0x0 0x0 0x0 0x0 0x0 0x0 0x0 0x0 0x0 0x0 0x0 0x0 0x0 0x0 0x0 0x0 0x0 0x0 0x0 0x0 0x0 0x0 0x0 0x0 0x0 0x0 0x0 0x0 0x0 0x0 0x0 0x0 0x0 0x0 0x0 0x0 0x0 0x0 0x0 0x0 0x0 0x0 0x0 0x0 0x0 0x0 0x0 0x0 0x0 0x0 0x0 0x0 0x0 0x0 0x0 0x0 0x0 0x0 0x0 0x0 0x0 0x0 0x0 0x0 0x0 0x0 0x0 0x0 0x0 0x0 0x0 0x0 0x9 0x1 0x0 oops 18 7 com/sun/org/apache/xerces/internal/impl/XMLEntityScanner 18 com/sun/org/apache/xerces/internal/impl/XMLEntityScanner 186 com/sun/org/apache/xerces/internal/impl/XMLDocumentScannerImpl 188 com/sun/org/apache/xerces/internal/impl/XMLNSDocumentScannerImpl 248 com/sun/org/apache/xerces/internal/util/XMLStringBuffer 255 com/sun/org/apache/xerces/internal/impl/XMLEntityScanner 262 com/sun/org/apache/xerces/internal/impl/XMLEntityScanner 273 com/sun/org/apache/xerces/internal/impl/XMLEntityScanner 294 com/sun/org/apache/xerces/internal/impl/XMLEntityScanner 513 com/sun/org/apache/xerces/internal/impl/XMLNSDocumentScannerImpl 573 com/sun/org/apache/xerces/internal/impl/XMLNSDocumentScannerImpl 645 com/sun/org/apache/xerces/internal/impl/XMLDocumentScannerImpl 647 com/sun/org/apache/xerces/internal/impl/XMLNSDocumentScannerImpl 656 com/sun/org/apache/xerces/internal/impl/XMLDocumentScannerImpl$ContentDriver 658 com/sun/org/apache/xerces/internal/impl/XMLNSDocumentScannerImpl$NSContentDriver 674 com/sun/org/apache/xerces/internal/impl/XMLDocumentScannerImpl 1059 com/sun/org/apache/xerces/internal/impl/XMLNSDocumentScannerImpl$NSContentDriver 1098 java/lang/String methods 0
ciMethodData com/sun/org/apache/xerces/internal/xni/XMLString append ([CII)V 1 5045 orig 80 12 0 0 0 0 0 0 0 0 0 0 0 0 0 0 0 0 0 0 0 0 0 0 0 0 0 0 0 0 0 0 0 0 0 0 0 0 0 0 0 0 0 0 0 0 0 0 0 0 0 0 0 0 0 0 0 0 0 0 0 0 0 0 0 0 0 0 0 0 0 0 0 0 0 0 0 0 0 0 0 data 34 0xb0007 0xfa 0x50 0xd 0x230007 0xa 0x20 0x3 0x440002 0xd 0x4e0007 0x0 0x50 0x107 0x520007 0x16 0x30 0xf1 0x600002 0xf1 0x0 0x0 0x0 0x0 0x0 0x0 0x0 0x0 0x9 0x4 0x0 0x0 0x0 0x0 oops 0 methods 0
ciMethodData com/sun/org/apache/xerces/internal/impl/XMLScanner reportFatalError (Ljava/lang/String;[Ljava/lang/Object;)V 1 0 orig 80 0 0 0 0 0 0 0 0 0 0 0 0 0 0 0 0 0 0 0 0 0 0 0 0 0 0 0 0 0 0 0 0 0 0 0 0 0 0 0 0 0 0 0 0 0 0 0 0 0 0 0 0 0 0 0 0 0 0 0 0 0 0 0 0 0 0 0 0 0 0 0 0 0 0 0 0 0 0 0 0 data 18 0xd0005 0x0 0x0 0x0 0x0 0x0 0x0 0x0 0x0 0x0 0x0 0x0 0x0 0x9 0x3 0x0 0xffffffffffffffff 0xffffffffffffffff oops 0 methods 0
ciMethodData com/sun/org/apache/xerces/internal/impl/XMLScanner isValidNameStartHighSurrogate (I)Z 2 131 orig 80 3 0 0 0 0 0 0 0 0 0 0 0 0 0 0 0 0 0 0 0 0 0 0 0 0 0 0 0 0 0 0 0 0 0 0 0 0 0 0 0 0 0 0 0 0 0 0 0 0 0 0 0 0 0 0 0 0 0 0 0 0 0 0 0 0 0 0 0 0 0 0 0 0 0 0 0 0 0 0 0 data 5 0x0 0x9 0x2 0x0 0x0 oops 0 methods 0
ciMethodData com/sun/org/apache/xerces/internal/util/XMLStringBuffer clear ()V 2 40307 orig 80 216 1 0 0 0 0 0 0 0 0 0 0 0 0 0 0 0 0 0 0 0 0 0 0 0 0 0 0 0 0 0 0 0 0 0 0 0 0 0 0 0 0 0 0 0 0 0 0 0 0 0 0 0 0 0 0 0 0 0 0 0 0 0 0 0 0 0 0 0 0 0 0 0 0 0 0 0 0 0 0 data 7 0x0 0x0 0x0 0x0 0x9 0x1 0x6 oops 0 methods 0
ciMethodData com/sun/org/apache/xerces/internal/xni/XMLString append (Lcom/sun/org/apache/xerces/internal/xni/XMLString;)V 2 2725 orig 80 10 0 0 0 0 0 0 0 0 0 0 0 0 0 0 0 0 0 0 0 0 0 0 0 0 0 0 0 0 0 0 0 0 0 0 0 0 0 0 0 0 0 0 0 0 0 0 0 0 0 0 0 0 0 0 0 0 0 0 0 0 0 0 0 0 0 0 0 0 0 0 0 0 0 0 0 0 0 0 0 data 17 0xd0005 0x0 0x0 0x1d504b90db0 0x9ab 0x0 0x0 0x0 0x0 0x0 0x0 0x0 0x0 0x9 0x2 0x0 0x0 oops 1 3 com/sun/org/apache/xerces/internal/util/XMLStringBuffer methods 0
ciMethodData com/sun/org/apache/xerces/internal/xni/XMLString append (C)V 1 0 orig 80 0 0 0 0 0 0 0 0 0 0 0 0 0 0 0 0 0 0 0 0 0 0 0 0 0 0 0 0 0 0 0 0 0 0 0 0 0 0 0 0 0 0 0 0 0 0 0 0 0 0 0 0 0 0 0 0 0 0 0 0 0 0 0 0 0 0 0 0 0 0 0 0 0 0 0 0 0 0 0 0 data 23 0xb0007 0x0 0x50 0x0 0x1f0007 0x0 0x20 0x0 0x3a0002 0x0 0x0 0x0 0x0 0x0 0x0 0x0 0x0 0x0 0x0 0x9 0x2 0xc 0x0 oops 0 methods 0
ciMethodData com/sun/org/apache/xerces/internal/impl/XMLScanner scanSurrogates (Lcom/sun/org/apache/xerces/internal/util/XMLStringBuffer;)Z 1 0 orig 80 0 0 0 0 0 0 0 0 0 0 0 0 0 0 0 0 0 0 0 0 0 0 0 0 0 0 0 0 0 0 0 0 0 0 0 0 0 0 0 0 0 0 0 0 0 0 0 0 0 0 0 0 0 0 0 0 0 0 0 0 0 0 0 0 0 0 0 0 0 0 0 0 0 0 0 0 0 0 0 0 data 96 0x50005 0x0 0x0 0x0 0x0 0x0 0x0 0xd0005 0x0 0x0 0x0 0x0 0x0 0x0 0x120002 0x0 0x150007 0x0 0xa0 0x0 0x240002 0x0 0x270004 0x0 0x0 0x0 0x0 0x0 0x0 0x280005 0x0 0x0 0x0 0x0 0x0 0x0 0x320005 0x0 0x0 0x0 0x0 0x0 0x0 0x3a0002 0x0 0x420005 0x0 0x0 0x0 0x0 0x0 0x0 0x450007 0x0 0xa0 0x0 0x550002 0x0 0x580004 0x0 0x0 0x0 0x0 0x0 0x0 0x590005 0x0 0x0 0x0 0x0 0x0 0x0 0x610005 0x0 0x0 0x0 0x0 0x0 0x0 0x670005 0x0 0x0 0x0 0x0 0x0 0x0 0x0 0x0 0x0 0x0 0x0 0x0 0x9 0x2 0x0 0x0 oops 0 methods 0
ciMethodData com/sun/org/apache/xerces/internal/impl/XMLScanner isInvalidLiteral (I)Z 2 2193 orig 80 0 0 0 0 0 0 0 0 0 0 0 0 0 0 0 0 0 0 0 0 0 0 0 0 0 0 0 0 0 0 0 0 0 0 0 0 0 0 0 0 0 0 0 0 0 0 0 0 0 0 0 0 0 0 0 0 0 0 0 0 0 0 0 0 0 0 0 0 0 0 0 0 0 0 0 0 0 0 0 0 data 12 0x10002 0x891 0x0 0x0 0x0 0x0 0x0 0x0 0x9 0x2 0x0 0x0 oops 0 methods 0
ciMethodData com/sun/org/apache/xerces/internal/util/XMLChar isInvalid (I)Z 2 11593 orig 80 148 1 0 0 0 0 0 0 0 0 0 0 0 0 0 0 0 0 0 0 0 0 0 0 0 0 0 0 0 0 0 0 0 0 0 0 0 0 0 0 0 0 0 0 0 0 0 0 0 0 0 0 0 0 0 0 0 0 0 0 0 0 0 0 0 0 0 0 0 0 0 0 0 0 0 0 0 0 0 0 data 18 0x10002 0x2bb5 0x40007 0x2bb5 0x38 0x0 0x80003 0x0 0x18 0x0 0x0 0x0 0x0 0x0 0x0 0x9 0x1 0x0 oops 0 methods 0
ciMethodData com/sun/org/apache/xerces/internal/util/XMLChar isValid (I)Z 2 11593 orig 80 148 1 0 0 0 0 0 0 0 0 0 0 0 0 0 0 0 0 0 0 0 0 0 0 0 0 0 0 0 0 0 0 0 0 0 0 0 0 0 0 0 0 0 0 0 0 0 0 0 0 0 0 0 0 0 0 0 0 0 0 0 0 0 0 0 0 0 0 0 0 0 0 0 0 0 0 0 0 0 0 data 26 0x30007 0x0 0x40 0x2bb5 0xd0007 0x2bb5 0x60 0x0 0x130007 0x0 0x58 0x0 0x190007 0x0 0x38 0x0 0x1d0003 0x2bb5 0x18 0x0 0x0 0x0 0x0 0x9 0x1 0x0 oops 0 methods 0
ciMethodData com/sun/org/apache/xerces/internal/impl/XMLEntityScanner scanContent (Lcom/sun/org/apache/xerces/internal/xni/XMLString;)I 2 223459 orig 80 254 3 0 0 2 0 0 0 0 0 0 0 0 0 0 0 0 0 0 0 0 0 0 0 0 0 0 0 0 0 0 0 0 0 0 0 0 0 2 0 0 0 0 0 0 0 0 0 0 0 0 0 0 0 0 0 0 0 0 0 0 0 0 0 0 0 0 0 0 0 0 0 0 0 0 0 0 0 0 0 data 119 0xe0007 0x234f 0x70 0x0 0x150005 0x0 0x0 0x0 0x0 0x0 0x0 0x190003 0x0 0xa8 0x80000006002c0007 0x234e 0x90 0x2 0x310005 0x0 0x0 0x1d504b90ba0 0x2 0x0 0x0 0x520005 0x2 0x0 0x0 0x0 0x0 0x0 0x640005 0x0 0x0 0x1d504b90ba0 0x2350 0x0 0x0 0x8000000600670007 0x2350 0x20 0x1 0x7a0007 0x1a 0x68 0x38819 0x950002 0x38819 0x980007 0x364e3 0xffffffffffffffd0 0x2336 0xa80003 0x2336 0x18 0xce0007 0x0 0x58 0x2350 0xdc0005 0x0 0x0 0x1d504b90ba0 0x2350 0x0 0x0 0xec0005 0x0 0x0 0x1d504d483b0 0x2350 0x0 0x0 0xfd0007 0x1a 0x78 0x2336 0x1130007 0x2336 0x58 0x0 0x11a0007 0x0 0x38 0x0 0x1200003 0x0 0x18 0x0 0x0 0x0 0x0 0x0 0x0 0x0 0x0 0x0 0x0 0x0 0x0 0x0 0x0 0x0 0x0 0x0 0x0 0x0 0x0 0x0 0x0 0x0 0x0 0x0 0x0 0x9 0x2 0x0 0x0 oops 4 21 com/sun/org/apache/xerces/internal/impl/XMLEntityScanner 35 com/sun/org/apache/xerces/internal/impl/XMLEntityScanner 63 com/sun/org/apache/xerces/internal/impl/XMLEntityScanner 70 com/sun/org/apache/xerces/internal/xni/XMLString methods 0
ciMethod com/sun/org/apache/xerces/internal/impl/io/MalformedByteSequenceException getDomain ()Ljava/lang/String; 0 0 1 0 -1
ciMethod com/sun/org/apache/xerces/internal/impl/io/MalformedByteSequenceException getKey ()Ljava/lang/String; 0 0 1 0 -1
ciMethod com/sun/org/apache/xerces/internal/impl/io/MalformedByteSequenceException getArguments ()[Ljava/lang/Object; 0 0 1 0 -1
ciMethodData com/sun/org/apache/xerces/internal/impl/XMLDocumentFragmentScannerImpl$FragmentContentDriver startOfMarkup ()V 1 256 orig 80 8 0 0 0 0 0 0 0 0 0 0 0 0 0 0 0 0 0 0 0 0 0 0 0 0 0 0 0 0 0 0 0 0 0 0 0 0 0 0 0 0 0 0 0 0 0 0 0 0 0 0 0 0 0 0 0 0 0 0 0 0 0 0 0 0 0 0 0 0 0 0 0 0 0 0 0 0 0 0 0 data 197 0x140005 0x0 0x0 0x1d504b90ba0 0xf8 0x0 0x0 0x1d0005 0x0 0x0 0x1d504b90d00 0xf8 0x0 0x0 0x200007 0xf 0x78 0xe9 0x280005 0x0 0x0 0x1d504b90d00 0xe9 0x0 0x0 0x2b0007 0xe9 0x70 0x0 0x340005 0xf 0x0 0x0 0x0 0x0 0x0 0x370003 0xf 0x470 0x3b0008 0x8 0x0 0x420 0x0 0xd8 0xe9 0x398 0x0 0x50 0x620005 0x0 0x0 0x0 0x0 0x0 0x0 0x6e0005 0x0 0x0 0x0 0x0 0x0 0x0 0x720003 0x0 0x398 0x7e0005 0x0 0x0 0x0 0x0 0x0 0x0 0x8c0005 0x0 0x0 0x0 0x0 0x0 0x0 0x8f0007 0x0 0x100 0x0 0x9e0005 0x0 0x0 0x0 0x0 0x0 0x0 0xa10007 0x0 0x58 0x0 0xab0005 0x0 0x0 0x0 0x0 0x0 0x0 0xb40005 0x0 0x0 0x0 0x0 0x0 0x0 0xb70003 0x0 0x228 0xc40005 0x0 0x0 0x0 0x0 0x0 0x0 0xc70007 0x0 0x70 0x0 0xd80005 0x0 0x0 0x0 0x0 0x0 0x0 0xdb0003 0x0 0x180 0xdf0005 0x0 0x0 0x0 0x0 0x0 0x0 0xe20007 0x0 0x130 0x0 0xec0005 0x0 0x0 0x0 0x0 0x0 0x0 0xef0003 0x0 0xd8 0xf80005 0xe9 0x0 0x0 0x0 0x0 0x0 0x1060005 0x0 0x0 0x1d504b90ba0 0xe9 0x0 0x0 0x10a0003 0xe9 0x50 0x1140005 0x0 0x0 0x0 0x0 0x0 0x0 0x0 0x0 0x0 0x0 0x0 0x0 0x0 0x0 0x0 0x0 0x0 0x0 0x0 0x0 0x0 0x0 0x9 0x1 0x0 oops 4 3 com/sun/org/apache/xerces/internal/impl/XMLEntityScanner 10 com/sun/org/apache/xerces/internal/impl/XMLNSDocumentScannerImpl 21 com/sun/org/apache/xerces/internal/impl/XMLNSDocumentScannerImpl 164 com/sun/org/apache/xerces/internal/impl/XMLEntityScanner methods 0
ciMethodData com/sun/org/apache/xerces/internal/impl/XMLDocumentFragmentScannerImpl scanComment ()V 1 24 orig 80 8 0 0 0 0 0 0 0 0 0 0 0 0 0 0 0 0 0 0 0 0 0 0 0 0 0 0 0 0 0 0 0 0 0 0 0 0 0 0 0 0 0 0 0 0 0 0 0 0 0 0 0 0 0 0 0 0 0 0 0 0 0 0 0 0 0 0 0 0 0 0 0 0 0 0 0 0 0 0 0 data 23 0x40005 0x0 0x0 0x1d504b90db0 0x10 0x0 0x0 0xc0005 0x0 0x0 0x1d504b90d00 0x10 0x0 0x0 0x0 0x0 0x0 0x0 0x0 0x0 0x9 0x1 0x0 oops 2 3 com/sun/org/apache/xerces/internal/util/XMLStringBuffer 10 com/sun/org/apache/xerces/internal/impl/XMLNSDocumentScannerImpl methods 0
ciMethodData com/sun/org/apache/xerces/internal/impl/XMLScanner scanComment (Lcom/sun/org/apache/xerces/internal/util/XMLStringBuffer;)V 1 24 orig 80 8 0 0 0 0 0 0 0 0 0 0 0 0 0 0 0 0 0 0 0 0 0 0 0 0 0 0 0 0 0 0 0 0 0 0 0 0 0 0 0 0 0 0 0 0 0 0 0 0 0 0 0 0 0 0 0 0 0 0 0 0 0 0 0 0 0 0 0 0 0 0 0 0 0 0 0 0 0 0 0 data 110 0x10005 0x0 0x0 0x1d504b90db0 0x10 0x0 0x0 0xc0005 0x0 0x0 0x1d504b90ba0 0x10 0x0 0x0 0xf0007 0x10 0x220 0x0 0x160005 0x0 0x0 0x0 0x0 0x0 0x0 0x1c0007 0x0 0x1b0 0x0 0x200002 0x0 0x230007 0x0 0x70 0x0 0x280005 0x0 0x0 0x0 0x0 0x0 0x0 0x2c0003 0x0 0x128 0x310005 0x0 0x0 0x0 0x0 0x0 0x0 0x340007 0x0 0xd8 0x0 0x410002 0x0 0x440004 0x0 0x0 0x0 0x0 0x0 0x0 0x450005 0x0 0x0 0x0 0x0 0x0 0x0 0x4f0005 0x0 0x0 0x0 0x0 0x0 0x0 0x530003 0x0 0xfffffffffffffdc0 0x5f0005 0x0 0x0 0x1d504b90ba0 0x10 0x0 0x0 0x620007 0x10 0x58 0x0 0x690005 0x0 0x0 0x0 0x0 0x0 0x0 0x0 0x0 0x0 0x0 0x0 0x0 0x9 0x2 0x0 0x0 oops 3 3 com/sun/org/apache/xerces/internal/util/XMLStringBuffer 10 com/sun/org/apache/xerces/internal/impl/XMLEntityScanner 85 com/sun/org/apache/xerces/internal/impl/XMLEntityScanner methods 0
ciMethodData com/sun/org/apache/xerces/internal/impl/XMLEntityScanner skipString (Ljava/lang/String;)Z 2 84935 orig 80 12 0 0 0 0 0 0 0 0 0 0 0 0 0 0 0 0 0 0 0 0 0 0 0 0 0 0 0 0 0 0 0 0 0 0 0 0 0 0 0 0 0 0 0 0 0 0 0 0 0 0 0 0 0 0 0 0 0 0 0 0 0 0 0 0 0 0 0 0 0 0 0 0 0 0 0 0 0 0 0 data 56 0x10005 0x3690 0x0 0x0 0x0 0x0 0x0 0x80005 0x0 0x0 0x1d504b90ba0 0x3690 0x0 0x0 0xb0007 0x0 0xf0 0x3690 0x2e0005 0x1824b 0x0 0x0 0x0 0x0 0x0 0x3b0007 0x0 0x98 0x1824b 0x440007 0x14bbb 0xffffffffffffffa8 0x3690 0x680007 0xc 0x58 0x3684 0x730005 0x0 0x0 0x1d504b90ba0 0x3684 0x0 0x0 0x0 0x0 0x0 0x0 0x0 0x0 0x0 0x0 0x9 0x2 0x0 0x0 oops 2 10 com/sun/org/apache/xerces/internal/impl/XMLEntityScanner 40 com/sun/org/apache/xerces/internal/impl/XMLEntityScanner methods 0
ciMethodData com/sun/org/apache/xerces/internal/impl/XMLDocumentFragmentScannerImpl bufferContent ()V 2 2431 orig 80 2 0 0 0 0 0 0 0 0 0 0 0 0 0 0 0 0 0 0 0 0 0 0 0 0 0 0 0 0 0 0 0 0 0 0 0 0 0 0 0 0 0 0 0 0 0 0 0 0 0 0 0 0 0 0 0 0 0 0 0 0 0 0 0 0 0 0 0 0 0 0 0 0 0 0 0 0 0 0 0 data 16 0x80005 0x0 0x0 0x1d504b90db0 0x938 0x0 0x0 0x0 0x0 0x0 0x0 0x0 0x0 0x9 0x1 0x180000 oops 1 3 com/sun/org/apache/xerces/internal/util/XMLStringBuffer methods 0
ciMethodData com/sun/org/apache/xerces/internal/impl/XMLDocumentFragmentScannerImpl scanContent (Lcom/sun/org/apache/xerces/internal/util/XMLStringBuffer;)I 1 2292 orig 80 0 0 0 0 0 0 0 0 0 0 0 0 0 0 0 0 0 0 0 0 0 0 0 0 0 0 0 0 0 0 0 0 0 0 0 0 0 0 0 0 0 0 0 0 0 0 0 0 0 0 0 0 0 0 0 0 0 0 0 0 0 0 0 0 0 0 0 0 0 0 0 0 0 0 0 0 0 0 0 0 data 131 0x100005 0x0 0x0 0x1d504b90ba0 0x108 0x0 0x0 0x190005 0x0 0x0 0x1d504b90db0 0x108 0x0 0x0 0x270007 0x108 0xa8 0x0 0x2f0005 0x0 0x0 0x0 0x0 0x0 0x0 0x360005 0x0 0x0 0x0 0x0 0x0 0x0 0x3b0003 0x0 0x270 0x410007 0x108 0x258 0x0 0x4a0005 0x0 0x0 0x0 0x0 0x0 0x0 0x4e0005 0x0 0x0 0x0 0x0 0x0 0x0 0x5d0005 0x0 0x0 0x0 0x0 0x0 0x0 0x600007 0x0 0x190 0x0 0x660005 0x0 0x0 0x0 0x0 0x0 0x0 0x700005 0x0 0x0 0x0 0x0 0x0 0x0 0x730007 0x0 0x70 0x0 0x790005 0x0 0x0 0x0 0x0 0x0 0x0 0x7c0003 0x0 0xffffffffffffff70 0x860005 0x0 0x0 0x0 0x0 0x0 0x0 0x890007 0x0 0x58 0x0 0x910005 0x0 0x0 0x0 0x0 0x0 0x0 0x9f0007 0x0 0x40 0x108 0xa60007 0x0 0x20 0x108 0x0 0x0 0x0 0x0 0x0 0x0 0x0 0x0 0x0 0x9 0x2 0x0 0x0 oops 2 3 com/sun/org/apache/xerces/internal/impl/XMLEntityScanner 10 com/sun/org/apache/xerces/internal/util/XMLStringBuffer methods 0
ciMethodData com/sun/org/apache/xerces/internal/impl/XMLDocumentFragmentScannerImpl scanEndElement ()I 2 17771 orig 80 1 0 0 0 0 0 0 0 0 0 0 0 0 0 0 0 0 0 0 0 0 0 0 0 0 0 0 0 0 0 0 0 0 0 0 0 0 0 0 0 0 0 0 0 0 0 0 0 0 0 0 0 0 0 0 0 0 0 0 0 0 0 0 0 0 0 0 0 0 0 0 0 0 0 0 0 0 0 0 0 data 120 0x40005 0x0 0x0 0x1d5033696a0 0x456a 0x0 0x0 0x150005 0x0 0x0 0x1d504b90ba0 0x456a 0x0 0x0 0x180007 0x456a 0x90 0x0 0x260004 0x0 0x0 0x0 0x0 0x0 0x0 0x270005 0x0 0x0 0x0 0x0 0x0 0x0 0x2e0005 0x0 0x0 0x1d504b90ba0 0x456a 0x0 0x0 0x3b0005 0x0 0x0 0x1d504b90ba0 0x456a 0x0 0x0 0x3e0007 0x456a 0x90 0x0 0x4c0004 0x0 0x0 0x0 0x0 0x0 0x0 0x4d0005 0x0 0x0 0x0 0x0 0x0 0x0 0x730007 0x456a 0x90 0x0 0x800004 0x0 0x0 0x0 0x0 0x0 0x0 0x810005 0x0 0x0 0x0 0x0 0x0 0x0 0x880007 0x0 0x58 0x456a 0x910005 0x0 0x0 0x1d50336c200 0x456a 0x0 0x0 0x9a0007 0x456a 0x58 0x0 0xa20005 0x0 0x0 0x0 0x0 0x0 0x0 0x0 0x0 0x0 0x0 0x0 0x0 0x0 0x0 0x0 0x0 0x0 0x0 0x0 0x9 0x1 0x0 oops 5 3 com/sun/org/apache/xerces/internal/impl/XMLDocumentFragmentScannerImpl$ElementStack 10 com/sun/org/apache/xerces/internal/impl/XMLEntityScanner 35 com/sun/org/apache/xerces/internal/impl/XMLEntityScanner 42 com/sun/org/apache/xerces/internal/impl/XMLEntityScanner 89 com/sun/org/apache/xerces/internal/jaxp/SAXParserImpl$JAXPSAXParser methods 0
ciMethodData com/sun/org/apache/xerces/internal/impl/XMLErrorReporter reportError (Ljava/lang/String;Ljava/lang/String;[Ljava/lang/Object;SLjava/lang/Exception;)Ljava/lang/String; 1 0 orig 80 0 0 0 0 0 0 0 0 0 0 0 0 0 0 0 0 0 0 0 0 0 0 0 0 0 0 0 0 0 0 0 0 0 0 0 0 0 0 0 0 0 0 0 0 0 0 0 0 0 0 0 0 0 0 0 0 0 0 0 0 0 0 0 0 0 0 0 0 0 0 0 0 0 0 0 0 0 0 0 0 data 21 0xc0005 0x0 0x0 0x0 0x0 0x0 0x0 0x0 0x0 0x0 0x0 0x0 0x0 0x9 0x6 0xffffffffffffffff 0xffffffffffffffff 0xffffffffffffffff 0xffffffffffffffff 0x0 0xffffffffffffffff oops 0 methods 0
ciMethodData java/lang/ThreadLocal set (Ljava/lang/Object;)V 2 59360 orig 80 8 0 0 0 0 0 0 0 0 0 0 0 0 0 0 0 0 0 0 0 0 0 0 0 0 0 0 0 0 0 0 0 0 0 0 0 0 0 0 0 0 0 0 0 0 0 0 0 0 0 0 0 0 0 0 0 0 0 0 0 0 0 0 0 0 0 0 0 0 0 0 0 0 0 0 0 0 0 0 0 data 40 0x2 0xe7d8 0x60005 0x0 0x0 0x1d5048a2b60 0xe7c4 0x1d503d63e90 0x14 0xb0007 0x0 0x70 0xe7d8 0x110005 0xe7d8 0x0 0x0 0x0 0x0 0x0 0x140003 0xe7d8 0x50 0x1a0005 0x0 0x0 0x0 0x0 0x0 0x0 0x0 0x0 0x0 0x0 0x0 0x0 0x9 0x2 0x0 0x0 oops 2 5 java/lang/ThreadLocal 7 sun/nio/fs/NativeBuffers$1 methods 0
ciMethodData java/lang/ThreadLocal$ThreadLocalMap set (Ljava/lang/ThreadLocal;Ljava/lang/Object;)V 2 15649 orig 80 17 0 0 0 0 0 0 0 0 0 0 0 0 0 0 0 0 0 0 0 0 0 0 0 0 0 0 0 0 0 0 0 0 0 0 0 0 0 0 0 0 0 0 0 0 0 0 0 0 0 0 0 0 0 0 0 0 0 0 0 0 0 0 0 0 0 0 0 0 0 0 0 0 0 0 0 0 0 0 0 data 80 0x1c0007 0x1e91 0x130 0x1e7f 0x210005 0x0 0x0 0x1d504b9dd30 0x1e7f 0x0 0x0 0x240004 0x0 0x0 0x1d5048a2b60 0x1e6b 0x1d503d63e90 0x14 0x2c0007 0x0 0x20 0x1e7f 0x380007 0x0 0x58 0x0 0x400005 0x0 0x0 0x0 0x0 0x0 0x0 0x490002 0x0 0x520003 0x0 0xfffffffffffffee8 0x5e0002 0x1e92 0x610004 0x0 0x0 0x1d504b9dd30 0x1e93 0x0 0x0 0x740005 0x1e92 0x0 0x0 0x0 0x0 0x0 0x770007 0x0 0x78 0x1e92 0x800007 0x1e92 0x58 0x0 0x840005 0x0 0x0 0x0 0x0 0x0 0x0 0x0 0x0 0x0 0x0 0x0 0x0 0x9 0x3 0xffffffffffffffff 0xffffffffffffffff 0xffffffffffffffff oops 4 7 java/lang/ThreadLocal$ThreadLocalMap$Entry 14 java/lang/ThreadLocal 16 sun/nio/fs/NativeBuffers$1 43 java/lang/ThreadLocal$ThreadLocalMap$Entry methods 0
ciMethodData java/lang/ThreadLocal createMap (Ljava/lang/Thread;Ljava/lang/Object;)V 1 18 orig 80 1 0 0 0 0 0 0 0 0 0 0 0 0 0 0 0 0 0 0 0 0 0 0 0 0 0 0 0 0 0 0 0 0 0 0 0 0 0 0 0 0 0 0 0 0 0 0 0 0 0 0 0 0 0 0 0 0 0 0 0 0 0 0 0 0 0 0 0 0 0 0 0 0 0 0 0 0 0 0 0 data 11 0x70002 0x12 0x0 0x0 0x0 0x0 0x9 0x3 0x0 0x300 0x0 oops 0 methods 0
ciMethod com/sun/xml/bind/v2/runtime/JaxBeanInfo hasAfterUnmarshalMethod ()Z 4097 1 10439 0 -1
ciMethod com/sun/xml/bind/v2/runtime/JaxBeanInfo lookForLifecycleMethods ()Z 3201 1 20881 0 -1
ciMethod com/sun/xml/bind/v2/runtime/JaxBeanInfo getLifecycleMethods ()Lcom/sun/xml/bind/v2/runtime/LifecycleMethods; 0 0 1 0 -1
ciMethod com/sun/xml/bind/v2/runtime/JaxBeanInfo invokeAfterUnmarshalMethod (Lcom/sun/xml/bind/v2/runtime/unmarshaller/UnmarshallerImpl;Ljava/lang/Object;Ljava/lang/Object;)V 0 0 1 0 -1
ciMethod com/sun/xml/bind/v2/runtime/JaxBeanInfo invokeUnmarshallCallback (Ljava/lang/reflect/Method;Ljava/lang/Object;Lcom/sun/xml/bind/v2/runtime/unmarshaller/UnmarshallerImpl;Ljava/lang/Object;)V 0 0 1 0 -1
ciMethod com/sun/xml/bind/WhiteSpaceProcessor isWhiteSpace (Ljava/lang/CharSequence;)Z 2473 15553 12428 0 -1
ciMethod javax/xml/bind/ValidationEvent getMessage ()Ljava/lang/String; 0 0 1 0 -1
ciMethod javax/xml/bind/ValidationEvent getLinkedException ()Ljava/lang/Throwable; 0 0 1 0 -1
ciMethod javax/xml/bind/JAXBElement setValue (Ljava/lang/Object;)V 337 1 29 0 -1
ciMethod javax/xml/bind/JAXBElement setNil (Z)V 0 0 1 0 -1
ciMethod com/sun/xml/bind/v2/runtime/unmarshaller/Receiver receive (Lcom/sun/xml/bind/v2/runtime/unmarshaller/UnmarshallingContext$State;Ljava/lang/Object;)V 0 0 1 0 -1
ciMethod com/sun/xml/bind/v2/runtime/unmarshaller/Loader leaveElement (Lcom/sun/xml/bind/v2/runtime/unmarshaller/UnmarshallingContext$State;Lcom/sun/xml/bind/v2/runtime/unmarshaller/TagName;)V 4097 1 8532 0 -1
ciMethod com/sun/xml/bind/v2/runtime/unmarshaller/Loader fireAfterUnmarshal (Lcom/sun/xml/bind/v2/runtime/JaxBeanInfo;Ljava/lang/Object;Lcom/sun/xml/bind/v2/runtime/unmarshaller/UnmarshallingContext$State;)V 4097 1 10401 0 -1
ciMethod org/xml/sax/ContentHandler endPrefixMapping (Ljava/lang/String;)V 0 0 1 0 -1
ciMethod org/xml/sax/ContentHandler endElement (Ljava/lang/String;Ljava/lang/String;Ljava/lang/String;)V 0 0 1 0 -1
ciMethod org/xml/sax/helpers/XMLFilterImpl endPrefixMapping (Ljava/lang/String;)V 417 1 35 0 0
ciMethod org/xml/sax/helpers/XMLFilterImpl endElement (Ljava/lang/String;Ljava/lang/String;Ljava/lang/String;)V 4097 1 19855 0 0
ciMethod com/sun/xml/bind/v2/runtime/unmarshaller/Intercepter intercept (Lcom/sun/xml/bind/v2/runtime/unmarshaller/UnmarshallingContext$State;Ljava/lang/Object;)Ljava/lang/Object; 0 0 1 0 -1
ciMethod com/sun/xml/bind/v2/runtime/ElementBeanInfoImpl$IntercepterLoader intercept (Lcom/sun/xml/bind/v2/runtime/unmarshaller/UnmarshallingContext$State;Ljava/lang/Object;)Ljava/lang/Object; 9 1 14 0 0
ciMethod javax/xml/bind/ValidationEventHandler handleEvent (Ljavax/xml/bind/ValidationEvent;)Z 0 0 1 0 -1
ciMethod com/sun/xml/bind/v2/runtime/unmarshaller/UnmarshallerImpl getEventHandler ()Ljavax/xml/bind/ValidationEventHandler; 0 0 1 0 -1
ciMethod com/sun/xml/bind/v2/runtime/unmarshaller/UnmarshallerImpl getListener ()Ljavax/xml/bind/Unmarshaller$Listener; 1185 1 148 0 -1
ciMethod com/sun/xml/bind/v2/runtime/unmarshaller/LocatorEx getLocation ()Ljavax/xml/bind/ValidationEventLocator; 0 0 1 0 -1
ciMethod com/sun/xml/bind/v2/runtime/unmarshaller/XmlVisitor endElement (Lcom/sun/xml/bind/v2/runtime/unmarshaller/TagName;)V 0 0 1 0 -1
ciMethod com/sun/xml/bind/v2/runtime/unmarshaller/XmlVisitor text (Ljava/lang/CharSequence;)V 0 0 1 0 -1
ciMethod javax/xml/bind/UnmarshalException <init> (Ljava/lang/String;Ljava/lang/Throwable;)V 0 0 1 0 -1
ciMethod com/sun/xml/bind/v2/runtime/unmarshaller/XmlVisitor$TextPredictor expectText ()Z 0 0 1 0 -1
ciMethod com/sun/xml/bind/v2/runtime/unmarshaller/UnmarshallingContext endElement (Lcom/sun/xml/bind/v2/runtime/unmarshaller/TagName;)V 4097 1 19854 0 0
ciMethod com/sun/xml/bind/v2/runtime/unmarshaller/UnmarshallingContext handleEvent (Ljavax/xml/bind/ValidationEvent;Z)V 0 0 1 0 -1
ciMethod com/sun/xml/bind/v2/runtime/unmarshaller/UnmarshallingContext handleError (Ljava/lang/Exception;Z)V 0 0 1 0 -1
ciMethod com/sun/xml/bind/v2/runtime/unmarshaller/UnmarshallingContext getInstance ()Lcom/sun/xml/bind/v2/runtime/unmarshaller/UnmarshallingContext; 2049 1 1592 0 -1
ciMethod com/sun/xml/bind/v2/runtime/unmarshaller/UnmarshallingContext access$000 ()Ljava/util/logging/Logger; 4097 1 39712 0 64
ciMethod com/sun/xml/bind/v2/runtime/unmarshaller/UnmarshallingContext access$102 (Lcom/sun/xml/bind/v2/runtime/unmarshaller/UnmarshallingContext;Lcom/sun/xml/bind/v2/runtime/unmarshaller/UnmarshallingContext$State;)Lcom/sun/xml/bind/v2/runtime/unmarshaller/UnmarshallingContext$State; 4097 1 39712 0 256
ciMethod com/sun/xml/bind/v2/runtime/Coordinator pushCoordinator ()V 4097 1 59330 0 0
ciMethod com/sun/xml/bind/v2/runtime/Coordinator popCoordinator ()V 4097 1 59330 0 0
ciMethod com/sun/istack/SAXParseException2 <init> (Ljava/lang/String;Lorg/xml/sax/Locator;Ljava/lang/Exception;)V 0 0 1 0 -1
ciMethod com/sun/xml/bind/v2/runtime/unmarshaller/UnmarshallingContext$State getContext ()Lcom/sun/xml/bind/v2/runtime/unmarshaller/UnmarshallingContext; 1225 1 153 0 -1
ciMethod com/sun/xml/bind/v2/runtime/unmarshaller/UnmarshallingContext$State pop ()V 4097 1 19855 0 0
ciMethod com/sun/xml/bind/v2/runtime/unmarshaller/UnmarshallingContext$State getTarget ()Ljava/lang/Object; 1201 1 150 0 -1
ciMethod com/sun/xml/bind/v2/runtime/unmarshaller/UnmarshallingContext$State setBackup (Ljava/lang/Object;)V 337 1 29 0 -1
ciMethod com/sun/xml/bind/v2/runtime/unmarshaller/UnmarshallingContext$State setTarget (Ljava/lang/Object;)V 1481 1 185 0 -1
ciMethod com/sun/xml/bind/v2/runtime/unmarshaller/UnmarshallingContext$State getBackup ()Ljava/lang/Object; 169 1 14 0 -1
ciMethod com/sun/xml/bind/v2/runtime/unmarshaller/UnmarshallingContext$State isNil ()Z 169 1 14 0 -1
ciMethod com/sun/xml/bind/v2/runtime/unmarshaller/UnmarshallingContext$State setNil (Z)V 0 0 1 0 -1
ciMethod com/sun/xml/bind/v2/runtime/unmarshaller/UnmarshallingContext$State access$600 (Lcom/sun/xml/bind/v2/runtime/unmarshaller/UnmarshallingContext$State;)Lcom/sun/xml/bind/v2/runtime/unmarshaller/Loader; 3513 1 439 0 0
ciMethod com/sun/xml/bind/v2/runtime/unmarshaller/UnmarshallingContext$State access$1100 (Lcom/sun/xml/bind/v2/runtime/unmarshaller/UnmarshallingContext$State;)Ljava/lang/Object; 1113 1 139 0 0
ciMethod com/sun/xml/bind/v2/runtime/unmarshaller/UnmarshallingContext$State access$800 (Lcom/sun/xml/bind/v2/runtime/unmarshaller/UnmarshallingContext$State;)Lcom/sun/xml/bind/v2/runtime/unmarshaller/Receiver; 1145 1 143 0 0
ciMethod com/sun/xml/bind/v2/runtime/unmarshaller/UnmarshallingContext$State access$900 (Lcom/sun/xml/bind/v2/runtime/unmarshaller/UnmarshallingContext$State;)Lcom/sun/xml/bind/v2/runtime/unmarshaller/Intercepter; 1177 1 147 0 0
ciMethod com/sun/xml/bind/v2/runtime/unmarshaller/UnmarshallingContext$State access$1300 (Lcom/sun/xml/bind/v2/runtime/unmarshaller/UnmarshallingContext$State;)V 4097 1 19854 0 0
ciMethod com/sun/xml/bind/v2/runtime/unmarshaller/SAXConnector endElement (Ljava/lang/String;Ljava/lang/String;Ljava/lang/String;)V 4097 1 19855 0 0
ciMethod com/sun/xml/bind/v2/runtime/unmarshaller/SAXConnector processText (Z)V 4097 1 39241 0 5344
ciMethod com/sun/org/apache/xerces/internal/parsers/AbstractSAXParser endElement (Lcom/sun/org/apache/xerces/internal/xni/QName;Lcom/sun/org/apache/xerces/internal/xni/Augmentations;)V 3473 1 19855 0 0
ciMethod com/sun/org/apache/xerces/internal/parsers/AbstractSAXParser endNamespaceMapping ()V 3481 25 19854 0 0
ciMethodData com/sun/org/apache/xerces/internal/impl/XMLDocumentFragmentScannerImpl$ElementStack popElement ()Lcom/sun/org/apache/xerces/internal/xni/QName; 2 20284 orig 80 0 2 0 0 0 0 0 0 0 0 0 0 0 0 0 0 0 0 0 0 0 0 0 0 0 0 0 0 0 0 0 0 0 0 0 0 0 0 0 0 0 0 0 0 0 0 0 0 0 0 0 0 0 0 0 0 0 0 0 0 0 0 0 0 0 0 0 0 0 0 0 0 0 0 0 0 0 0 0 0 data 17 0x70007 0x0 0x40 0x4d3c 0x110007 0x4d3c 0x20 0x0 0x0 0x0 0x0 0x0 0x0 0x0 0x9 0x1 0x0 oops 0 methods 0
ciMethodData java/lang/ThreadLocal$ThreadLocalMap nextIndex (II)I 2 107505 orig 80 18 1 0 0 0 0 0 0 0 0 0 0 0 0 0 0 0 0 0 0 0 0 0 0 0 0 0 0 0 0 0 0 0 0 0 0 0 0 0 0 0 0 0 0 0 0 0 0 0 0 0 0 0 0 0 0 0 0 0 0 0 0 0 0 0 0 0 0 0 0 0 0 0 0 0 0 0 0 0 0 data 12 0x40007 0x0 0x38 0x1a2dd 0xa0003 0x1a2de 0x18 0x0 0x9 0x2 0x0 0x0 oops 0 methods 0
ciMethodData java/lang/reflect/Method invoke (Ljava/lang/Object;[Ljava/lang/Object;)Ljava/lang/Object; 2 4047 orig 80 10 1 0 0 0 0 0 0 0 0 0 0 0 0 0 0 0 0 0 0 0 0 0 0 0 0 0 0 0 0 0 0 0 0 0 0 0 0 0 0 0 0 0 0 0 0 0 0 0 0 0 0 0 0 0 0 0 0 0 0 0 0 0 0 0 0 0 0 0 0 0 0 0 0 0 0 0 0 0 0 data 58 0x40007 0x0 0xe8 0xec5 0x70002 0xec5 0x150002 0xec5 0x180007 0xec4 0x38 0x1 0x1c0003 0x1 0x50 0x200005 0xec4 0x0 0x0 0x0 0x0 0x0 0x270005 0xec5 0x0 0x0 0x0 0x0 0x0 0x300007 0xec3 0x58 0x2 0x340005 0x2 0x0 0x0 0x0 0x0 0x0 0x3b0005 0x0 0x0 0x1d5038bb760 0xec5 0x0 0x0 0x0 0x0 0x0 0x0 0x0 0x0 0x9 0x3 0xffffffffffffffff 0xffffffffffffffff 0xffffffffffffffff oops 1 43 jdk/internal/reflect/DelegatingMethodAccessorImpl methods 0
ciMethodData java/lang/reflect/Method acquireMethodAccessor ()Ljdk/internal/reflect/MethodAccessor; 1 23 orig 80 21 0 0 0 0 0 0 0 0 0 0 0 0 0 0 0 0 0 0 0 0 0 0 0 0 0 0 0 0 0 0 0 0 0 0 0 0 0 0 0 0 0 0 0 0 0 0 0 0 0 0 0 0 0 0 0 0 0 0 0 0 0 0 0 0 0 0 0 0 0 0 0 0 0 0 0 0 0 0 0 data 41 0x60007 0x0 0x58 0x2 0xd0005 0x2 0x0 0x0 0x0 0x0 0x0 0x120007 0x2 0x38 0x0 0x1a0003 0x0 0x88 0x210005 0x0 0x0 0x1d5038bc680 0x2 0x0 0x0 0x270005 0x2 0x0 0x0 0x0 0x0 0x0 0x0 0x0 0x0 0x0 0x0 0x0 0x9 0x1 0xffffffffffffffff oops 1 21 jdk/internal/reflect/ReflectionFactory methods 0
ciMethodData java/util/logging/Logger isLoggable (Ljava/util/logging/Level;)Z 2 115129 orig 80 132 1 0 0 0 0 0 0 0 0 0 0 0 0 0 0 0 0 0 0 0 0 0 0 0 0 0 0 0 0 0 0 0 0 0 0 0 0 0 0 0 0 0 0 0 0 0 0 0 0 0 0 0 0 0 0 0 0 0 0 0 0 0 0 0 0 0 0 0 0 0 0 0 0 0 0 0 0 0 0 data 25 0x90005 0x1c035 0x0 0x0 0x0 0x0 0x0 0xd0007 0x1c035 0x40 0x0 0x140007 0x0 0x20 0x0 0x0 0x0 0x0 0x0 0x0 0x0 0x9 0x2 0x0 0x0 oops 0 methods 0
ciMethodData java/lang/ThreadLocal$ThreadLocalMap expungeStaleEntry (I)I 2 38123 orig 80 213 0 0 0 0 0 0 0 0 0 0 0 0 0 0 0 0 0 0 0 0 0 0 0 0 0 0 0 0 0 0 0 0 0 0 0 0 0 0 0 0 0 0 0 0 0 0 0 0 0 0 0 0 0 0 0 0 0 0 0 0 0 0 0 0 0 0 0 0 0 0 0 0 0 0 0 0 0 0 0 data 83 0x120104 0x0 0x0 0x0 0x0 0x0 0x0 0x1f0002 0x9416 0x2b0007 0x9416 0x200 0x9416 0x300005 0x0 0x0 0x1d504b9dd30 0x9416 0x0 0x0 0x330004 0x0 0x0 0x1d5048a2b60 0x9416 0x0 0x0 0x3a0007 0x9416 0x70 0x0 0x470004 0x0 0x0 0x0 0x0 0x0 0x0 0x520003 0x0 0xf0 0x640007 0x9416 0xd8 0x0 0x6b0004 0x0 0x0 0x0 0x0 0x0 0x0 0x700007 0x0 0x48 0x0 0x760002 0x0 0x7b0003 0x0 0xffffffffffffffd0 0x830004 0x0 0x0 0x0 0x0 0x0 0x0 0x870002 0x9416 0x8c0003 0x9416 0xfffffffffffffe18 0x0 0x0 0x0 0x0 0x0 0x0 0x9 0x2 0x6 0x0 oops 2 16 java/lang/ThreadLocal$ThreadLocalMap$Entry 23 java/lang/ThreadLocal methods 0
ciMethodData java/lang/ThreadLocal remove ()V 2 59341 orig 80 0 2 0 0 0 0 0 0 0 0 0 0 0 0 0 0 0 0 0 0 0 0 0 0 0 0 0 0 0 0 0 0 0 0 0 0 0 0 0 0 0 0 0 0 0 0 0 0 0 0 0 0 0 0 0 0 0 0 0 0 0 0 0 0 0 0 0 0 0 0 0 0 0 0 0 0 0 0 0 0 data 29 0x10002 0xe5cd 0x40005 0x0 0x0 0x1d5048a2b60 0xe5c4 0x1d5039e7170 0x9 0x90007 0x9 0x58 0xe5c4 0xe0005 0xe5c4 0x0 0x0 0x0 0x0 0x0 0x0 0x0 0x0 0x0 0x0 0x0 0x9 0x1 0x0 oops 2 5 java/lang/ThreadLocal 7 com/sun/xml/bind/v2/ClassFactory$1 methods 0
ciMethodData java/lang/ThreadLocal$ThreadLocalMap remove (Ljava/lang/ThreadLocal;)V 2 49111 orig 80 0 2 0 0 0 0 0 0 0 0 0 0 0 0 0 0 0 0 0 0 0 0 0 0 0 0 0 0 0 0 0 0 0 0 0 0 0 0 0 0 0 0 0 0 0 0 0 0 0 0 0 0 0 0 0 0 0 0 0 0 0 0 0 0 0 0 0 0 0 0 0 0 0 0 0 0 0 0 0 0 data 44 0x1a0007 0x0 0x110 0xbdd7 0x1f0005 0x0 0x0 0x1d504b9dd30 0xbdd7 0x0 0x0 0x230007 0x0 0x90 0xbdd7 0x280005 0x0 0x0 0x1d504b9dd30 0xbdd7 0x0 0x0 0x2e0005 0xbdd7 0x0 0x0 0x0 0x0 0x0 0x370002 0x0 0x400003 0x0 0xffffffffffffff08 0x0 0x0 0x0 0x0 0x0 0x0 0x9 0x2 0x0 0x0 oops 2 7 java/lang/ThreadLocal$ThreadLocalMap$Entry 18 java/lang/ThreadLocal$ThreadLocalMap$Entry methods 0
ciMethodData com/sun/org/apache/xerces/internal/impl/XMLNSDocumentScannerImpl scanStartElement ()Z 2 19920 orig 80 0 1 0 0 0 0 0 0 0 0 0 0 0 0 0 0 0 0 0 0 0 0 0 0 0 0 0 0 0 0 0 0 0 0 0 0 0 0 0 0 0 0 0 0 0 0 0 0 0 0 0 0 0 0 0 0 0 0 0 0 0 0 0 0 0 0 0 0 0 0 0 0 0 0 0 0 0 0 0 0 data 643 0x40007 0x4ccf 0x158 0x0 0xb0007 0x0 0x138 0x0 0x120005 0x0 0x0 0x0 0x0 0x0 0x0 0x1f0005 0x0 0x0 0x0 0x0 0x0 0x0 0x290007 0x0 0x70 0x0 0x300005 0x0 0x0 0x0 0x0 0x0 0x0 0x380003 0x0 0x50 0x3f0005 0x0 0x0 0x0 0x0 0x0 0x0 0x460007 0x4ccf 0x40 0x0 0x4d0007 0x0 0x138 0x0 0x550005 0x0 0x0 0x1d5033696a0 0x4ccf 0x0 0x0 0x5f0007 0x0 0x70 0x4ccf 0x6d0005 0x0 0x0 0x1d504b90ba0 0x4ccf 0x0 0x0 0x710003 0x4ccf 0x88 0x7b0005 0x0 0x0 0x0 0x0 0x0 0x0 0x870005 0x0 0x0 0x0 0x0 0x0 0x0 0x8e0007 0x4ccf 0x58 0x0 0x990005 0x0 0x0 0x0 0x0 0x0 0x0 0xaf0005 0x0 0x0 0x1d504b90d00 0x4ccf 0x0 0x0 0xb60007 0x0 0x228 0x4ccf 0xbd0005 0x0 0x0 0x1d50472f2e0 0x4ccf 0x0 0x0 0xc80007 0x4cc1 0x1d0 0xe 0xcf0007 0xe 0x1b0 0x0 0xe10004 0x0 0x0 0x0 0x0 0x0 0x0 0xe30005 0x0 0x0 0x0 0x0 0x0 0x0 0xeb0007 0x0 0x78 0x0 0xf30005 0x0 0x0 0x0 0x0 0x0 0x0 0xf60007 0x0 0xc8 0x0 0x10b0004 0x0 0x0 0x0 0x0 0x0 0x0 0x10f0004 0x0 0x0 0x0 0x0 0x0 0x0 0x1110005 0x0 0x0 0x0 0x0 0x0 0x0 0x11e0005 0x0 0x0 0x1d503ad7d60 0x4ccf 0x0 0x0 0x1220005 0x0 0x0 0x1d504b90d00 0x4ccf 0x0 0x0 0x1250007 0x39a3 0x238 0x132c 0x1460005 0x0 0x0 0x1d504b90d00 0x13cf 0x0 0x0 0x14d0007 0x0 0x188 0x13cf 0x1580005 0x13cf 0x0 0x0 0x0 0x0 0x0 0x15b0007 0x0 0x130 0x13cf 0x1620005 0x0 0x0 0x1d503ad7d60 0x13cf 0x0 0x0 0x1690007 0x13cf 0xd8 0x0 0x17b0004 0x0 0x0 0x0 0x0 0x0 0x0 0x1820002 0x0 0x1850004 0x0 0x0 0x0 0x0 0x0 0x0 0x1870005 0x0 0x0 0x0 0x0 0x0 0x0 0x18c0005 0x0 0x0 0x1d504b90d00 0x13cf 0x0 0x0 0x18f0007 0xa3 0xfffffffffffffe08 0x132c 0x19b0007 0x0 0x748 0x4ccf 0x1a80007 0x4ccf 0x90 0x0 0x1c00004 0x0 0x0 0x0 0x0 0x0 0x0 0x1c20005 0x0 0x0 0x0 0x0 0x0 0x0 0x1cd0007 0x4cc1 0x38 0xe 0x1d70003 0xe 0x18 0x1e70005 0x0 0x0 0x1d50472f2e0 0x4ccf 0x0 0x0 0x2040007 0xe 0x40 0x4cc1 0x20e0007 0x4cc1 0x20 0x0 0x2220007 0x4cc1 0xe8 0xe 0x22c0007 0xe 0xc8 0x0 0x2440004 0x0 0x0 0x0 0x0 0x0 0x0 0x24e0004 0x0 0x0 0x0 0x0 0x0 0x0 0x2500005 0x0 0x0 0x0 0x0 0x0 0x0 0x2580005 0x0 0x0 0x1d503ad7d60 0x4ccf 0x0 0x0 0x2620007 0x4ccf 0x290 0x13cf 0x26f0005 0x0 0x0 0x1d503ad7d60 0x13cf 0x0 0x0 0x2790007 0x10e4 0x38 0x2eb 0x2830003 0x2eb 0x18 0x2910005 0x0 0x0 0x1d50472f2e0 0x13cf 0x0 0x0 0x29f0007 0x10e4 0x58 0x2eb 0x2ab0007 0x0 0x38 0x2eb 0x2ae0003 0x2eb 0x170 0x2b60007 0x10e4 0x158 0x0 0x2c40007 0x0 0x100 0x0 0x2dc0004 0x0 0x0 0x0 0x0 0x0 0x0 0x2e60004 0x0 0x0 0x0 0x0 0x0 0x0 0x2eb0004 0x0 0x0 0x0 0x0 0x0 0x0 0x2ed0005 0x0 0x0 0x0 0x0 0x0 0x0 0x2f90005 0x0 0x0 0x0 0x0 0x0 0x0 0x2ff0003 0x13cf 0xfffffffffffffd88 0x3040007 0x4c2f 0x238 0xa0 0x30b0005 0x0 0x0 0x1d503ad7d60 0xa0 0x0 0x0 0x3120007 0xa0 0x1e0 0x0 0x31a0007 0x0 0x118 0x0 0x3320004 0x0 0x0 0x0 0x0 0x0 0x0 0x33a0004 0x0 0x0 0x0 0x0 0x0 0x0 0x3420004 0x0 0x0 0x0 0x0 0x0 0x0 0x3440005 0x0 0x0 0x0 0x0 0x0 0x0 0x3480003 0x0 0xc0 0x3600004 0x0 0x0 0x0 0x0 0x0 0x0 0x3680004 0x0 0x0 0x0 0x0 0x0 0x0 0x36a0005 0x0 0x0 0x0 0x0 0x0 0x0 0x3720007 0x4518 0x158 0x7b7 0x38e0007 0x7b7 0x90 0x0 0x3a10004 0x0 0x0 0x0 0x0 0x0 0x0 0x3a20005 0x0 0x0 0x0 0x0 0x0 0x0 0x3a90007 0x0 0x58 0x7b7 0x3b90005 0x0 0x0 0x1d50336c200 0x7b7 0x0 0x0 0x3c70005 0x0 0x0 0x1d5033696a0 0x7b7 0x0 0x0 0x3cb0003 0x7b7 0xc8 0x3d20007 0x4518 0x58 0x0 0x3e10005 0x0 0x0 0x0 0x0 0x0 0x0 0x3e80007 0x0 0x58 0x4518 0x3f80005 0x0 0x0 0x1d50336c200 0x4518 0x0 0x0 0x0 0x0 0x0 0x0 0x0 0x0 0x0 0x0 0x0 0x0 0x0 0x0 0x0 0x0 0x0 0x0 0x0 0x0 0x0 0x0 0x0 0x0 0x0 0x0 0x0 0x0 0x0 0x0 0x0 0x0 0x0 0x0 0x0 0x0 0x0 0x0 0x0 0x0 0x0 0x0 0x0 0x0 0x0 0x0 0x0 0x0 0x0 0x0 0x0 0x0 0x0 0x0 0x0 0x0 0x0 0x0 0x0 0x0 0x0 0x0 0x0 0x0 0x0 0x0 0x0 0x0 0x0 0x0 0x0 0x0 0x0 0x0 0x0 0x0 0x0 0x0 0x0 0x0 0x0 0x0 0x0 0x0 0x0 0x0 0x9 0x1 0x0 oops 17 54 com/sun/org/apache/xerces/internal/impl/XMLDocumentFragmentScannerImpl$ElementStack 65 com/sun/org/apache/xerces/internal/impl/XMLEntityScanner 100 com/sun/org/apache/xerces/internal/impl/XMLNSDocumentScannerImpl 111 com/sun/org/apache/xerces/internal/util/NamespaceSupport 176 com/sun/org/apache/xerces/internal/util/XMLAttributesIteratorImpl 183 com/sun/org/apache/xerces/internal/impl/XMLNSDocumentScannerImpl 194 com/sun/org/apache/xerces/internal/impl/XMLNSDocumentScannerImpl 216 com/sun/org/apache/xerces/internal/util/XMLAttributesIteratorImpl 250 com/sun/org/apache/xerces/internal/impl/XMLNSDocumentScannerImpl 290 com/sun/org/apache/xerces/internal/util/NamespaceSupport 334 com/sun/org/apache/xerces/internal/util/XMLAttributesIteratorImpl 345 com/sun/org/apache/xerces/internal/util/XMLAttributesIteratorImpl 359 com/sun/org/apache/xerces/internal/util/NamespaceSupport 427 com/sun/org/apache/xerces/internal/util/XMLAttributesIteratorImpl 520 com/sun/org/apache/xerces/internal/jaxp/SAXParserImpl$JAXPSAXParser 527 com/sun/org/apache/xerces/internal/impl/XMLDocumentFragmentScannerImpl$ElementStack 552 com/sun/org/apache/xerces/internal/jaxp/SAXParserImpl$JAXPSAXParser methods 0
ciMethodData com/sun/org/apache/xerces/internal/util/NamespaceSupport getDeclaredPrefixCount ()I 2 39712 orig 80 0 2 0 0 0 0 0 0 0 0 0 0 0 0 0 0 0 0 0 0 0 0 0 0 0 0 0 0 0 0 0 0 0 0 0 0 0 0 0 0 0 0 0 0 0 0 0 0 0 0 0 0 0 0 0 0 0 0 0 0 0 0 0 0 0 0 0 0 0 0 0 0 0 0 0 0 0 0 0 0 data 7 0x0 0x0 0x0 0x0 0x9 0x1 0x0 oops 0 methods 0
ciMethodData com/sun/org/apache/xerces/internal/util/NamespaceSupport getDeclaredPrefixAt (I)Ljava/lang/String; 1 76 orig 80 11 0 0 0 0 0 0 0 0 0 0 0 0 0 0 0 0 0 0 0 0 0 0 0 0 0 0 0 0 0 0 0 0 0 0 0 0 0 0 0 0 0 0 0 0 0 0 0 0 0 0 0 0 0 0 0 0 0 0 0 0 0 0 0 0 0 0 0 0 0 0 0 0 0 0 0 0 0 0 0 data 8 0x0 0x0 0x0 0x0 0x9 0x2 0x0 0x0 oops 0 methods 0
ciMethodData com/sun/org/apache/xerces/internal/parsers/AbstractSAXParser endElement (Lcom/sun/org/apache/xerces/internal/xni/QName;Lcom/sun/org/apache/xerces/internal/xni/Augmentations;)V 2 19855 orig 80 178 1 0 0 0 0 0 0 0 0 0 0 0 0 0 0 0 0 0 0 0 0 0 0 0 0 0 0 0 0 0 0 0 0 0 0 0 0 0 0 0 0 0 0 0 0 0 0 0 0 0 0 0 0 0 0 0 0 0 0 0 0 0 0 0 0 0 0 0 0 0 0 0 0 0 0 0 0 0 0 data 64 0x40007 0x4bdd 0x58 0x0 0xf0005 0x0 0x0 0x0 0x0 0x0 0x0 0x180007 0x0 0x120 0x4bdd 0x240007 0x4bd0 0x38 0xd 0x2b0003 0xd 0x18 0x350007 0x0 0x38 0x4bdd 0x3c0003 0x4bdd 0x18 0x4e0005 0x0 0x0 0x1d504d5a7d0 0x4bdd 0x0 0x0 0x570007 0x0 0x58 0x4bdc 0x5b0005 0x4bdc 0x0 0x0 0x0 0x0 0x0 0x5e0003 0x4bdc 0x28 0x670002 0x0 0x0 0x0 0x0 0x0 0x0 0x0 0x0 0x9 0x3 0x0 0x0 0x0 oops 1 32 com/android/repository/impl/meta/SchemaModuleUtil$NamespaceFallbackFilter methods 0
ciMethodData com/sun/org/apache/xerces/internal/parsers/AbstractSAXParser endNamespaceMapping ()V 2 19855 orig 80 179 1 0 0 0 0 0 0 0 0 0 0 0 0 0 0 0 0 0 0 0 0 0 0 0 0 0 0 0 0 0 0 0 0 0 0 0 0 0 0 0 0 0 0 0 0 0 0 0 0 0 0 0 0 0 0 0 0 0 0 0 0 0 0 0 0 0 0 0 0 0 0 0 0 0 0 0 0 0 0 data 41 0x40005 0x0 0x0 0x1d50472f2e0 0x4bdc 0x0 0x0 0xb0007 0x4bcf 0xc8 0xd 0x120007 0xd 0xa8 0x20 0x1e0005 0x0 0x0 0x1d50472f2e0 0x20 0x0 0x0 0x230005 0x0 0x0 0x1d504d5a7d0 0x20 0x0 0x0 0x2b0003 0x20 0xffffffffffffff70 0x0 0x0 0x0 0x0 0x0 0x0 0x9 0x1 0x0 oops 3 3 com/sun/org/apache/xerces/internal/util/NamespaceSupport 18 com/sun/org/apache/xerces/internal/util/NamespaceSupport 25 com/android/repository/impl/meta/SchemaModuleUtil$NamespaceFallbackFilter methods 0
ciMethodData org/xml/sax/helpers/XMLFilterImpl endElement (Ljava/lang/String;Ljava/lang/String;Ljava/lang/String;)V 2 19855 orig 80 0 2 0 0 0 0 0 0 0 0 0 0 0 0 0 0 0 0 0 0 0 0 0 0 0 0 0 0 0 0 0 0 0 0 0 0 0 0 0 0 0 0 0 0 0 0 0 0 0 0 0 0 0 0 0 0 0 0 0 0 0 0 0 0 0 0 0 0 0 0 0 0 0 0 0 0 0 0 0 0 data 23 0x40007 0x0 0x58 0x4b8f 0xe0005 0x0 0x0 0x1d504d5e9e0 0x4b8f 0x0 0x0 0x0 0x0 0x0 0x0 0x0 0x0 0x9 0x4 0x0 0x0 0x0 0x0 oops 1 7 com/sun/xml/bind/v2/runtime/unmarshaller/SAXConnector methods 0
ciMethodData com/sun/org/apache/xerces/internal/impl/XMLEntityScanner arrangeCapacity (IZ)Z 2 13985 orig 80 0 2 0 0 0 0 0 0 0 0 0 0 0 0 0 0 0 0 0 0 0 0 0 0 0 0 0 0 0 0 0 0 0 0 0 0 0 0 0 0 0 0 0 0 0 0 0 0 0 0 0 0 0 0 0 0 0 0 0 0 0 0 0 0 0 0 0 0 0 0 0 0 0 0 0 0 0 0 0 0 data 79 0x100007 0xd 0x20 0x3494 0x270007 0xd 0x168 0x11 0x3b0007 0x8 0x68 0x9 0x400005 0x0 0x0 0x1d504b90ba0 0x9 0x0 0x0 0x680002 0x9 0x990007 0x0 0xffffffffffffff78 0x11 0xa80005 0x0 0x0 0x1d504b90ba0 0x11 0x0 0x0 0xb50005 0x11 0x0 0x0 0x0 0x0 0x0 0xc30007 0x11 0x38 0x0 0xc60003 0x0 0x30 0xc90003 0x11 0xfffffffffffffeb0 0xdc0007 0x0 0x20 0xd 0x0 0x0 0x0 0x0 0x0 0x0 0x0 0x0 0x0 0x0 0x0 0x0 0x0 0x0 0x0 0x0 0x0 0x0 0x0 0x0 0x0 0x9 0x3 0x0 0x0 0x0 oops 2 15 com/sun/org/apache/xerces/internal/impl/XMLEntityScanner 28 com/sun/org/apache/xerces/internal/impl/XMLEntityScanner methods 0
ciMethodData com/sun/xml/bind/v2/runtime/Coordinator pushCoordinator ()V 2 59330 orig 80 0 2 0 0 0 0 0 0 0 0 0 0 0 0 0 0 0 0 0 0 0 0 0 0 0 0 0 0 0 0 0 0 0 0 0 0 0 0 0 0 0 0 0 0 0 0 0 0 0 0 0 0 0 0 0 0 0 0 0 0 0 0 0 0 0 0 0 0 0 0 0 0 0 0 0 0 0 0 0 0 data 30 0x40005 0x0 0x0 0x1d5048a2b60 0xe5c2 0x0 0x0 0x70104 0x0 0x0 0x0 0x0 0x0 0x0 0x110005 0x0 0x0 0x1d5048a2b60 0xe5c2 0x0 0x0 0x0 0x0 0x0 0x0 0x0 0x0 0x9 0x1 0x0 oops 2 3 java/lang/ThreadLocal 17 java/lang/ThreadLocal methods 0
ciMethodData com/sun/xml/bind/v2/runtime/Coordinator popCoordinator ()V 2 59332 orig 80 0 2 0 0 0 0 0 0 0 0 0 0 0 0 0 0 0 0 0 0 0 0 0 0 0 0 0 0 0 0 0 0 0 0 0 0 0 0 0 0 0 0 0 0 0 0 0 0 0 0 0 0 0 0 0 0 0 0 0 0 0 0 0 0 0 0 0 0 0 0 0 0 0 0 0 0 0 0 0 0 data 30 0x40007 0xe5c4 0x70 0x0 0xe0005 0x0 0x0 0x0 0x0 0x0 0x0 0x110003 0x0 0x50 0x170005 0x0 0x0 0x1d5048a2b60 0xe5c4 0x0 0x0 0x0 0x0 0x0 0x0 0x0 0x0 0x9 0x1 0x4 oops 1 17 java/lang/ThreadLocal methods 0
ciMethodData com/sun/xml/bind/v2/runtime/unmarshaller/SAXConnector processText (Z)V 2 39241 orig 80 0 2 0 0 0 0 0 0 0 0 0 0 0 0 0 0 0 0 0 0 0 0 0 0 0 0 0 0 0 0 0 0 0 0 0 0 0 0 0 0 0 0 0 0 0 0 0 0 0 0 0 0 0 0 0 0 0 0 0 0 0 0 0 0 0 0 0 0 0 0 0 0 0 0 0 0 0 0 0 0 data 45 0x40005 0x0 0x0 0x1d503d9a3c0 0x9749 0x0 0x0 0x90007 0xc 0xa8 0x973d 0xd0007 0x4ba5 0x50 0x4b98 0x140002 0x4b98 0x170007 0x4b98 0x58 0x0 0x220005 0x0 0x0 0x1d503d9a3c0 0x4ba5 0x0 0x0 0x2c0005 0x9749 0x0 0x0 0x0 0x0 0x0 0x0 0x0 0x0 0x0 0x0 0x0 0x9 0x2 0x0 0x0 oops 2 3 com/sun/xml/bind/v2/runtime/unmarshaller/UnmarshallingContext 24 com/sun/xml/bind/v2/runtime/unmarshaller/UnmarshallingContext methods 0
ciMethodData com/sun/xml/bind/v2/runtime/unmarshaller/UnmarshallingContext access$000 ()Ljava/util/logging/Logger; 2 39712 orig 80 0 2 0 0 0 0 0 0 0 0 0 0 0 0 0 0 0 0 0 0 0 0 0 0 0 0 0 0 0 0 0 0 0 0 0 0 0 0 0 0 0 0 0 0 0 0 0 0 0 0 0 0 0 0 0 0 0 0 0 0 0 0 0 0 0 0 0 0 0 0 0 0 0 0 0 0 0 0 0 0 data 4 0x0 0x0 0x9 0x0 oops 0 methods 0
ciMethodData com/sun/xml/bind/v2/runtime/unmarshaller/UnmarshallingContext access$102 (Lcom/sun/xml/bind/v2/runtime/unmarshaller/UnmarshallingContext;Lcom/sun/xml/bind/v2/runtime/unmarshaller/UnmarshallingContext$State;)Lcom/sun/xml/bind/v2/runtime/unmarshaller/UnmarshallingContext$State; 2 39712 orig 80 0 2 0 0 0 0 0 0 0 0 0 0 0 0 0 0 0 0 0 0 0 0 0 0 0 0 0 0 0 0 0 0 0 0 0 0 0 0 0 0 0 0 0 0 0 0 0 0 0 0 0 0 0 0 0 0 0 0 0 0 0 0 0 0 0 0 0 0 0 0 0 0 0 0 0 0 0 0 0 0 data 7 0x0 0x0 0x0 0x9 0x2 0x0 0x0 oops 0 methods 0
ciMethodData com/sun/xml/bind/v2/runtime/JaxBeanInfo lookForLifecycleMethods ()Z 2 20881 orig 80 144 1 0 0 0 0 0 0 0 0 0 0 0 0 0 0 0 0 0 0 0 0 0 0 0 0 0 0 0 0 0 0 0 0 0 0 0 0 0 0 0 0 0 0 0 0 0 0 0 0 0 0 0 0 0 0 0 0 0 0 0 0 0 0 0 0 0 0 0 0 0 0 0 0 0 0 0 0 0 0 data 13 0x80007 0x0 0x38 0x5001 0xc0003 0x5001 0x18 0x0 0x0 0x0 0x9 0x1 0x0 oops 0 methods 0
ciMethodData com/sun/xml/bind/v2/runtime/unmarshaller/SAXConnector endElement (Ljava/lang/String;Ljava/lang/String;Ljava/lang/String;)V 2 19855 orig 80 0 2 0 0 0 0 0 0 0 0 0 0 0 0 0 0 0 0 0 0 0 0 0 0 0 0 0 0 0 0 0 0 0 0 0 0 0 0 0 0 0 0 0 0 0 0 0 0 0 0 0 0 0 0 0 0 0 0 0 0 0 0 0 0 0 0 0 0 0 0 0 0 0 0 0 0 0 0 0 0 data 60 0x60005 0x0 0x0 0x1d503d97c80 0x4b8f 0x0 0x0 0x90007 0x4b8f 0x100 0x0 0x1b0004 0x0 0x0 0x0 0x0 0x0 0x0 0x1f0004 0x0 0x0 0x0 0x0 0x0 0x0 0x230004 0x0 0x0 0x0 0x0 0x0 0x0 0x240005 0x0 0x0 0x0 0x0 0x0 0x0 0x290002 0x4b8f 0x4c0005 0x0 0x0 0x1d503d9a3c0 0x4b8e 0x0 0x0 0x0 0x0 0x0 0x0 0x0 0x0 0x9 0x4 0x0 0x0 0x0 0x0 oops 2 3 java/util/logging/Logger 44 com/sun/xml/bind/v2/runtime/unmarshaller/UnmarshallingContext methods 0
ciMethodData com/sun/xml/bind/v2/runtime/unmarshaller/UnmarshallingContext endElement (Lcom/sun/xml/bind/v2/runtime/unmarshaller/TagName;)V 2 19854 orig 80 0 2 0 0 0 0 0 0 0 0 0 0 0 0 0 0 0 0 0 0 0 0 0 0 0 0 0 0 0 0 0 0 0 0 0 0 0 0 0 0 0 0 0 0 0 0 0 0 0 0 0 0 0 0 0 0 0 0 0 0 0 0 0 0 0 0 0 0 0 0 0 0 0 0 0 0 0 0 0 0 data 73 0x10005 0x4b8e 0x0 0x0 0x0 0x0 0x0 0xa0002 0x4b8e 0xf0005 0xaaf 0x0 0x1d5048a0e60 0x275f 0x1d5048a0f10 0x1980 0x130002 0x4b8e 0x180002 0x4b8e 0x1e0002 0x4b8e 0x240002 0x4b8e 0x290007 0x4b81 0x58 0xd 0x330005 0x0 0x0 0x1d5048a0fc0 0xd 0x0 0x0 0x3b0007 0x1980 0x58 0x320e 0x450005 0xb44 0x0 0x1d5048a1070 0x2095 0x1d5048a1120 0x635 0x4b0005 0x4b8e 0x0 0x0 0x0 0x0 0x0 0x4e0003 0x4b8e 0x50 0x540005 0x0 0x0 0x0 0x0 0x0 0x0 0x0 0x0 0x0 0x0 0x0 0x0 0x9 0x2 0x0 0x0 oops 5 12 com/sun/xml/bind/v2/runtime/unmarshaller/StructureLoader 14 com/sun/xml/bind/v2/runtime/unmarshaller/LeafPropertyLoader 31 com/sun/xml/bind/v2/runtime/ElementBeanInfoImpl$IntercepterLoader 42 com/sun/xml/bind/v2/runtime/reflect/Accessor$FieldReflection 44 com/sun/xml/bind/v2/runtime/reflect/Accessor$GetterSetterReflection methods 0
ciMethodData com/sun/xml/bind/v2/runtime/unmarshaller/UnmarshallingContext$State access$1300 (Lcom/sun/xml/bind/v2/runtime/unmarshaller/UnmarshallingContext$State;)V 2 19855 orig 80 0 2 0 0 0 0 0 0 0 0 0 0 0 0 0 0 0 0 0 0 0 0 0 0 0 0 0 0 0 0 0 0 0 0 0 0 0 0 0 0 0 0 0 0 0 0 0 0 0 0 0 0 0 0 0 0 0 0 0 0 0 0 0 0 0 0 0 0 0 0 0 0 0 0 0 0 0 0 0 0 data 7 0x10002 0x4b8f 0x0 0x0 0x9 0x1 0x0 oops 0 methods 0
ciMethodData com/sun/xml/bind/v2/runtime/unmarshaller/UnmarshallingContext$State pop ()V 2 19855 orig 80 0 2 0 0 0 0 0 0 0 0 0 0 0 0 0 0 0 0 0 0 0 0 0 0 0 0 0 0 0 0 0 0 0 0 0 0 0 0 0 0 0 0 0 0 0 0 0 0 0 0 0 0 0 0 0 0 0 0 0 0 0 0 0 0 0 0 0 0 0 0 0 0 0 0 0 0 0 0 0 0 data 45 0x2 0x4b8f 0x60005 0x0 0x0 0x1d503d97c80 0x4b8f 0x0 0x0 0x90007 0x4b8f 0x68 0x0 0xc0002 0x0 0x140005 0x0 0x0 0x0 0x0 0x0 0x0 0x1a0007 0x4b8f 0x50 0x0 0x210007 0x0 0x30 0x0 0x280002 0x0 0x570002 0x4b8f 0x0 0x0 0x0 0x0 0x0 0x0 0x0 0x0 0x9 0x1 0x0 oops 1 5 java/util/logging/Logger methods 0
ciMethodData com/sun/xml/bind/v2/runtime/ElementBeanInfoImpl$IntercepterLoader intercept (Lcom/sun/xml/bind/v2/runtime/unmarshaller/UnmarshallingContext$State;Ljava/lang/Object;)Ljava/lang/Object; 1 15 orig 80 1 0 0 0 0 0 0 0 0 0 0 0 0 0 0 0 0 0 0 0 0 0 0 0 0 0 0 0 0 0 0 0 0 0 0 0 0 0 0 0 0 0 0 0 0 0 0 0 0 0 0 0 0 0 0 0 0 0 0 0 0 0 0 0 0 0 0 0 0 0 0 0 0 0 0 0 0 0 0 0 data 89 0x10005 0xe 0x0 0x0 0x0 0x0 0x0 0x40004 0x0 0x0 0x1d5039e31d0 0xe 0x0 0x0 0xa0005 0xe 0x0 0x0 0x0 0x0 0x0 0xd0005 0xe 0x0 0x0 0x0 0x0 0x0 0x120005 0xe 0x0 0x0 0x0 0x0 0x0 0x160005 0xe 0x0 0x0 0x0 0x0 0x0 0x190007 0xe 0x90 0x0 0x1e0005 0x0 0x0 0x0 0x0 0x0 0x0 0x230005 0x0 0x0 0x0 0x0 0x0 0x0 0x270007 0x0 0x58 0xe 0x2c0005 0x0 0x0 0x1d5039e31d0 0xe 0x0 0x0 0x360005 0xe 0x0 0x0 0x0 0x0 0x0 0x0 0x0 0x0 0x0 0x0 0x0 0x9 0x3 0x0 0x0 0x0 oops 2 10 javax/xml/bind/JAXBElement 67 javax/xml/bind/JAXBElement methods 0
ciMethodData com/sun/xml/bind/v2/runtime/unmarshaller/Loader fireAfterUnmarshal (Lcom/sun/xml/bind/v2/runtime/JaxBeanInfo;Ljava/lang/Object;Lcom/sun/xml/bind/v2/runtime/unmarshaller/UnmarshallingContext$State;)V 2 10439 orig 80 0 2 0 0 0 0 0 0 0 0 0 0 0 0 0 0 0 0 0 0 0 0 0 0 0 0 0 0 0 0 0 0 0 0 0 0 0 0 0 0 0 0 0 0 0 0 0 0 0 0 0 0 0 0 0 0 0 0 0 0 0 0 0 0 0 0 0 0 0 0 0 0 0 0 0 0 0 0 0 0 data 80 0x10005 0x0 0x0 0x1d503534d80 0x26b9 0x1d5039e4090 0xe 0x40007 0x0 0x1e8 0x26c7 0x80005 0x26c7 0x0 0x0 0x0 0x0 0x0 0x120005 0x26c7 0x0 0x0 0x0 0x0 0x0 0x180005 0x26c7 0x0 0x0 0x0 0x0 0x0 0x1b0007 0x26c7 0x90 0x0 0x260005 0x0 0x0 0x0 0x0 0x0 0x0 0x290005 0x0 0x0 0x0 0x0 0x0 0x0 0x2e0007 0x26c7 0x90 0x0 0x350005 0x0 0x0 0x0 0x0 0x0 0x0 0x380005 0x0 0x0 0x0 0x0 0x0 0x0 0x0 0x0 0x0 0x0 0x0 0x0 0x9 0x4 0x0 0x0 0x0 0x0 oops 2 3 com/sun/xml/bind/v2/runtime/ClassBeanInfoImpl 5 com/sun/xml/bind/v2/runtime/ElementBeanInfoImpl methods 0
ciMethodData com/sun/xml/bind/v2/runtime/JaxBeanInfo hasAfterUnmarshalMethod ()Z 2 10439 orig 80 0 2 0 0 0 0 0 0 0 0 0 0 0 0 0 0 0 0 0 0 0 0 0 0 0 0 0 0 0 0 0 0 0 0 0 0 0 0 0 0 0 0 0 0 0 0 0 0 0 0 0 0 0 0 0 0 0 0 0 0 0 0 0 0 0 0 0 0 0 0 0 0 0 0 0 0 0 0 0 0 data 13 0x70007 0x26c7 0x38 0x0 0xb0003 0x0 0x18 0x0 0x0 0x0 0x9 0x1 0x0 oops 0 methods 0
ciMethodData com/sun/xml/bind/v2/runtime/JaxBeanInfo invokeUnmarshallCallback (Ljava/lang/reflect/Method;Ljava/lang/Object;Lcom/sun/xml/bind/v2/runtime/unmarshaller/UnmarshallerImpl;Ljava/lang/Object;)V 1 0 orig 80 0 0 0 0 0 0 0 0 0 0 0 0 0 0 0 0 0 0 0 0 0 0 0 0 0 0 0 0 0 0 0 0 0 0 0 0 0 0 0 0 0 0 0 0 0 0 0 0 0 0 0 0 0 0 0 0 0 0 0 0 0 0 0 0 0 0 0 0 0 0 0 0 0 0 0 0 0 0 0 0 data 58 0x90004 0x0 0x0 0x0 0x0 0x0 0x0 0xe0004 0x0 0x0 0x0 0x0 0x0 0x0 0xf0005 0x0 0x0 0x0 0x0 0x0 0x0 0x130003 0x0 0xc0 0x180002 0x0 0x1e0005 0x0 0x0 0x0 0x0 0x0 0x0 0x210003 0x0 0x60 0x260002 0x0 0x2c0005 0x0 0x0 0x0 0x0 0x0 0x0 0x0 0x0 0x0 0x0 0x0 0x0 0x9 0x5 0xffffffffffffffff 0xffffffffffffffff 0xffffffffffffffff 0xffffffffffffffff 0xffffffffffffffff oops 0 methods 0
ciMethodData com/sun/xml/bind/v2/runtime/unmarshaller/UnmarshallingContext handleError (Ljava/lang/Exception;Z)V 1 0 orig 80 0 0 0 0 0 0 0 0 0 0 0 0 0 0 0 0 0 0 0 0 0 0 0 0 0 0 0 0 0 0 0 0 0 0 0 0 0 0 0 0 0 0 0 0 0 0 0 0 0 0 0 0 0 0 0 0 0 0 0 0 0 0 0 0 0 0 0 0 0 0 0 0 0 0 0 0 0 0 0 0 data 34 0x70005 0x0 0x0 0x0 0x0 0x0 0x0 0xe0005 0x0 0x0 0x0 0x0 0x0 0x0 0x140002 0x0 0x180005 0x0 0x0 0x0 0x0 0x0 0x0 0x0 0x0 0x0 0x0 0x0 0x0 0x9 0x3 0x30 0xffffffffffffffff 0x0 oops 0 methods 0
ciMethodData com/sun/xml/bind/v2/runtime/unmarshaller/UnmarshallingContext handleEvent (Ljavax/xml/bind/ValidationEvent;Z)V 1 0 orig 80 0 0 0 0 0 0 0 0 0 0 0 0 0 0 0 0 0 0 0 0 0 0 0 0 0 0 0 0 0 0 0 0 0 0 0 0 0 0 0 0 0 0 0 0 0 0 0 0 0 0 0 0 0 0 0 0 0 0 0 0 0 0 0 0 0 0 0 0 0 0 0 0 0 0 0 0 0 0 0 0 data 62 0x40005 0x0 0x0 0x0 0x0 0x0 0x0 0xa0005 0x0 0x0 0x0 0x0 0x0 0x0 0x130007 0x0 0x20 0x0 0x1c0007 0x0 0x40 0x0 0x210007 0x0 0xe8 0x0 0x290005 0x0 0x0 0x0 0x0 0x0 0x0 0x370005 0x0 0x0 0x0 0x0 0x0 0x0 0x3d0005 0x0 0x0 0x0 0x0 0x0 0x0 0x420002 0x0 0x450002 0x0 0x0 0x0 0x0 0x0 0x0 0x0 0x9 0x3 0x30 0xffffffffffffffff 0x0 oops 0 methods 0
ciMethodData com/sun/xml/bind/v2/runtime/JaxBeanInfo invokeAfterUnmarshalMethod (Lcom/sun/xml/bind/v2/runtime/unmarshaller/UnmarshallerImpl;Ljava/lang/Object;Ljava/lang/Object;)V 1 0 orig 80 0 0 0 0 0 0 0 0 0 0 0 0 0 0 0 0 0 0 0 0 0 0 0 0 0 0 0 0 0 0 0 0 0 0 0 0 0 0 0 0 0 0 0 0 0 0 0 0 0 0 0 0 0 0 0 0 0 0 0 0 0 0 0 0 0 0 0 0 0 0 0 0 0 0 0 0 0 0 0 0 data 21 0x10005 0x0 0x0 0x0 0x0 0x0 0x0 0xf0002 0x0 0x0 0x0 0x0 0x0 0x0 0x0 0x9 0x4 0xffffffffffffffff 0xffffffffffffffff 0xffffffffffffffff 0xffffffffffffffff oops 0 methods 0
compile com/sun/org/apache/xerces/internal/impl/XMLDocumentFragmentScannerImpl$FragmentContentDriver next ()I -1 4 inline 96 0 -1 com/sun/org/apache/xerces/internal/impl/XMLDocumentFragmentScannerImpl$FragmentContentDriver next ()I 1 19 com/sun/org/apache/xerces/internal/impl/XMLEntityScanner peekChar ()I 1 37 com/sun/org/apache/xerces/internal/impl/XMLEntityScanner scanChar (Lcom/sun/org/apache/xerces/internal/impl/XMLScanner$NameType;)I 2 260 com/sun/org/apache/xerces/internal/impl/XMLEntityScanner checkEntityLimit (Lcom/sun/org/apache/xerces/internal/impl/XMLScanner$NameType;Lcom/sun/xml/internal/stream/Entity$ScannedEntity;II)V 1 47 com/sun/org/apache/xerces/internal/impl/XMLDocumentFragmentScannerImpl setScannerState (I)V 1 91 com/sun/org/apache/xerces/internal/impl/XMLDocumentFragmentScannerImpl setScannerState (I)V 1 107 com/sun/org/apache/xerces/internal/impl/XMLDocumentFragmentScannerImpl$FragmentContentDriver startOfMarkup ()V 2 29 com/sun/org/apache/xerces/internal/impl/XMLScanner isValidNameStartChar (I)Z 3 1 com/sun/org/apache/xerces/internal/util/XMLChar isNameStart (I)Z 2 40 com/sun/org/apache/xerces/internal/impl/XMLScanner isValidNameStartHighSurrogate (I)Z 2 98 com/sun/org/apache/xerces/internal/impl/XMLDocumentFragmentScannerImpl setScannerState (I)V 2 248 com/sun/org/apache/xerces/internal/impl/XMLDocumentFragmentScannerImpl setScannerState (I)V 2 180 com/sun/org/apache/xerces/internal/impl/XMLDocumentFragmentScannerImpl setScannerState (I)V 2 216 com/sun/org/apache/xerces/internal/impl/XMLDocumentFragmentScannerImpl setScannerState (I)V 2 52 com/sun/org/apache/xerces/internal/impl/XMLDocumentFragmentScannerImpl setScannerState (I)V 1 1282 com/sun/org/apache/xerces/internal/impl/XMLDocumentFragmentScannerImpl setScannerState (I)V 1 1312 com/sun/org/apache/xerces/internal/impl/XMLDocumentFragmentScannerImpl scanEndElement ()I 2 4 com/sun/org/apache/xerces/internal/impl/XMLDocumentFragmentScannerImpl$ElementStack popElement ()Lcom/sun/org/apache/xerces/internal/xni/QName; 2 21 com/sun/org/apache/xerces/internal/impl/XMLEntityScanner skipString (Ljava/lang/String;)Z 3 1 java/lang/String length ()I 4 6 java/lang/String coder ()B 3 8 com/sun/org/apache/xerces/internal/impl/XMLEntityScanner arrangeCapacity (IZ)Z 3 46 java/lang/String charAt (I)C 4 1 java/lang/String isLatin1 ()Z 4 12 java/lang/StringLatin1 charAt ([BI)C 3 115 com/sun/org/apache/xerces/internal/impl/XMLEntityScanner checkEntityLimit (Lcom/sun/org/apache/xerces/internal/impl/XMLScanner$NameType;Lcom/sun/xml/internal/stream/Entity$ScannedEntity;II)V 2 59 com/sun/org/apache/xerces/internal/impl/XMLEntityScanner skipChar (ILcom/sun/org/apache/xerces/internal/impl/XMLScanner$NameType;)Z 3 135 com/sun/org/apache/xerces/internal/impl/XMLEntityScanner checkEntityLimit (Lcom/sun/org/apache/xerces/internal/impl/XMLScanner$NameType;Lcom/sun/xml/internal/stream/Entity$ScannedEntity;II)V 2 145 com/sun/org/apache/xerces/internal/parsers/AbstractSAXParser endElement (Lcom/sun/org/apache/xerces/internal/xni/QName;Lcom/sun/org/apache/xerces/internal/xni/Augmentations;)V 3 78 org/xml/sax/helpers/XMLFilterImpl endElement (Ljava/lang/String;Ljava/lang/String;Ljava/lang/String;)V 4 14 com/sun/xml/bind/v2/runtime/unmarshaller/SAXConnector endElement (Ljava/lang/String;Ljava/lang/String;Ljava/lang/String;)V 5 6 java/util/logging/Logger isLoggable (Ljava/util/logging/Level;)Z 6 9 java/util/logging/Level intValue ()I 5 76 com/sun/xml/bind/v2/runtime/unmarshaller/UnmarshallingContext endElement (Lcom/sun/xml/bind/v2/runtime/unmarshaller/TagName;)V 6 1 com/sun/xml/bind/v2/runtime/Coordinator pushCoordinator ()V 7 4 java/lang/ThreadLocal get ()Ljava/lang/Object; 8 6 java/lang/ThreadLocal getMap (Ljava/lang/Thread;)Ljava/lang/ThreadLocal$ThreadLocalMap; 8 16 java/lang/ThreadLocal$ThreadLocalMap getEntry (Ljava/lang/ThreadLocal;)Ljava/lang/ThreadLocal$ThreadLocalMap$Entry; 9 38 java/lang/ThreadLocal$ThreadLocalMap getEntryAfterMiss (Ljava/lang/ThreadLocal;ILjava/lang/ThreadLocal$ThreadLocalMap$Entry;)Ljava/lang/ThreadLocal$ThreadLocalMap$Entry; 8 34 java/lang/ThreadLocal setInitialValue ()Ljava/lang/Object; 9 1 java/lang/ThreadLocal initialValue ()Ljava/lang/Object; 9 11 java/lang/ThreadLocal getMap (Ljava/lang/Thread;)Ljava/lang/ThreadLocal$ThreadLocalMap; 7 17 java/lang/ThreadLocal set (Ljava/lang/Object;)V 8 6 java/lang/ThreadLocal getMap (Ljava/lang/Thread;)Ljava/lang/ThreadLocal$ThreadLocalMap; 6 10 com/sun/xml/bind/v2/runtime/unmarshaller/UnmarshallingContext$State access$600 (Lcom/sun/xml/bind/v2/runtime/unmarshaller/UnmarshallingContext$State;)Lcom/sun/xml/bind/v2/runtime/unmarshaller/Loader; 6 19 com/sun/xml/bind/v2/runtime/unmarshaller/UnmarshallingContext$State access$1100 (Lcom/sun/xml/bind/v2/runtime/unmarshaller/UnmarshallingContext$State;)Ljava/lang/Object; 6 24 com/sun/xml/bind/v2/runtime/unmarshaller/UnmarshallingContext$State access$800 (Lcom/sun/xml/bind/v2/runtime/unmarshaller/UnmarshallingContext$State;)Lcom/sun/xml/bind/v2/runtime/unmarshaller/Receiver; 6 30 com/sun/xml/bind/v2/runtime/unmarshaller/UnmarshallingContext$State access$900 (Lcom/sun/xml/bind/v2/runtime/unmarshaller/UnmarshallingContext$State;)Lcom/sun/xml/bind/v2/runtime/unmarshaller/Intercepter; 6 36 com/sun/xml/bind/v2/runtime/unmarshaller/UnmarshallingContext$State access$1300 (Lcom/sun/xml/bind/v2/runtime/unmarshaller/UnmarshallingContext$State;)V 7 1 com/sun/xml/bind/v2/runtime/unmarshaller/UnmarshallingContext$State pop ()V 8 0 com/sun/xml/bind/v2/runtime/unmarshaller/UnmarshallingContext access$000 ()Ljava/util/logging/Logger; 8 6 java/util/logging/Logger isLoggable (Ljava/util/logging/Level;)Z 9 9 java/util/logging/Level intValue ()I 8 87 com/sun/xml/bind/v2/runtime/unmarshaller/UnmarshallingContext access$102 (Lcom/sun/xml/bind/v2/runtime/unmarshaller/UnmarshallingContext;Lcom/sun/xml/bind/v2/runtime/unmarshaller/UnmarshallingContext$State;)Lcom/sun/xml/bind/v2/runtime/unmarshaller/UnmarshallingContext$State; 6 75 com/sun/xml/bind/v2/runtime/Coordinator popCoordinator ()V 7 23 java/lang/ThreadLocal remove ()V 8 4 java/lang/ThreadLocal getMap (Ljava/lang/Thread;)Ljava/lang/ThreadLocal$ThreadLocalMap; 8 14 java/lang/ThreadLocal$ThreadLocalMap remove (Ljava/lang/ThreadLocal;)V 9 40 java/lang/ref/Reference clear ()V 9 46 java/lang/ThreadLocal$ThreadLocalMap expungeStaleEntry (I)I 10 31 java/lang/ThreadLocal$ThreadLocalMap nextIndex (II)I 10 135 java/lang/ThreadLocal$ThreadLocalMap nextIndex (II)I 3 91 com/sun/org/apache/xerces/internal/parsers/AbstractSAXParser endNamespaceMapping ()V 4 4 com/sun/org/apache/xerces/internal/util/NamespaceSupport getDeclaredPrefixCount ()I 1 1333 com/sun/org/apache/xerces/internal/impl/XMLDocumentFragmentScannerImpl setScannerState (I)V 1 449 com/sun/org/apache/xerces/internal/impl/XMLDocumentFragmentScannerImpl setScannerState (I)V 1 461 com/sun/org/apache/xerces/internal/impl/XMLDocumentFragmentScannerImpl setScannerState (I)V 1 590 com/sun/org/apache/xerces/internal/util/XMLStringBuffer clear ()V 1 618 com/sun/org/apache/xerces/internal/impl/XMLEntityScanner scanContent (Lcom/sun/org/apache/xerces/internal/xni/XMLString;)I 2 149 com/sun/org/apache/xerces/internal/util/XMLChar isContent (I)Z 2 220 com/sun/org/apache/xerces/internal/impl/XMLEntityScanner checkEntityLimit (Lcom/sun/org/apache/xerces/internal/impl/XMLScanner$NameType;Lcom/sun/xml/internal/stream/Entity$ScannedEntity;II)V 2 236 com/sun/org/apache/xerces/internal/xni/XMLString setValues ([CII)V 1 632 com/sun/org/apache/xerces/internal/impl/XMLEntityScanner skipChar (ILcom/sun/org/apache/xerces/internal/impl/XMLScanner$NameType;)Z 2 135 com/sun/org/apache/xerces/internal/impl/XMLEntityScanner checkEntityLimit (Lcom/sun/org/apache/xerces/internal/impl/XMLScanner$NameType;Lcom/sun/xml/internal/stream/Entity$ScannedEntity;II)V 1 650 com/sun/org/apache/xerces/internal/impl/XMLEntityScanner skipChar (ILcom/sun/org/apache/xerces/internal/impl/XMLScanner$NameType;)Z 2 135 com/sun/org/apache/xerces/internal/impl/XMLEntityScanner checkEntityLimit (Lcom/sun/org/apache/xerces/internal/impl/XMLScanner$NameType;Lcom/sun/xml/internal/stream/Entity$ScannedEntity;II)V 1 683 com/sun/org/apache/xerces/internal/impl/XMLDocumentFragmentScannerImpl setScannerState (I)V 1 696 com/sun/org/apache/xerces/internal/impl/XMLEntityScanner peekChar ()I 1 699 com/sun/org/apache/xerces/internal/util/XMLChar isNameStart (I)Z 1 732 com/sun/org/apache/xerces/internal/impl/XMLDocumentFragmentScannerImpl setScannerState (I)V 1 744 com/sun/org/apache/xerces/internal/impl/XMLDocumentFragmentScannerImpl setScannerState (I)V 1 789 com/sun/org/apache/xerces/internal/impl/XMLDocumentFragmentScannerImpl bufferContent ()V 2 8 com/sun/org/apache/xerces/internal/xni/XMLString append (Lcom/sun/org/apache/xerces/internal/xni/XMLString;)V 3 13 com/sun/org/apache/xerces/internal/xni/XMLString append ([CII)V 1 831 com/sun/org/apache/xerces/internal/impl/XMLDocumentFragmentScannerImpl bufferContent ()V 2 8 com/sun/org/apache/xerces/internal/xni/XMLString append (Lcom/sun/org/apache/xerces/internal/xni/XMLString;)V 3 13 com/sun/org/apache/xerces/internal/xni/XMLString append ([CII)V 1 1088 com/sun/org/apache/xerces/internal/impl/XMLScanner isInvalidLiteral (I)Z 2 1 com/sun/org/apache/xerces/internal/util/XMLChar isInvalid (I)Z 3 1 com/sun/org/apache/xerces/internal/util/XMLChar isValid (I)Z 1 1176 com/sun/org/apache/xerces/internal/impl/XMLDocumentFragmentScannerImpl scanContent (Lcom/sun/org/apache/xerces/internal/util/XMLStringBuffer;)I 2 25 com/sun/org/apache/xerces/internal/xni/XMLString append (Lcom/sun/org/apache/xerces/internal/xni/XMLString;)V 3 13 com/sun/org/apache/xerces/internal/xni/XMLString append ([CII)V 1 1196 com/sun/org/apache/xerces/internal/impl/XMLDocumentFragmentScannerImpl setScannerState (I)V 1 1351 com/sun/org/apache/xerces/internal/impl/XMLDocumentFragmentScannerImpl setScannerState (I)V 1 2197 com/sun/org/apache/xerces/internal/impl/XMLDocumentFragmentScannerImpl setScannerState (I)V
